18-09-2025 10:03 Waiting for J1921+2153 observation...
18-09-2025 10:03 Observation started...
18-09-2025 10:03 Pulsar: J1921+2153 , parfile: /home/dsp/parfiles/J1921+2153.par , DM: 12.44399
18-09-2025 10:03 Trigger sent to obs. PC [VELA].
18-09-2025 10:58 Acquired 120.
18-09-2025 10:58 ACQ over.
18-09-2025 10:58 Removing Trigger file from remote machine 
18-09-2025 10:58 Observation stoped.
-rw------- 1 dsp dsp 2.0G Sep 18 09:59 /data/TRANSIENT_BUFFER/PDR_GULP_data002.pcap_18_09_2025_09_59_1758169797.PCAP_PDR
-rw------- 1 dsp dsp 2.0G Sep 18 10:00 /data/TRANSIENT_BUFFER/PDR_GULP_data000.pcap_18_09_2025_10_00_1758169826.PCAP_PDR
-rw------- 1 dsp dsp 2.0G Sep 18 10:00 /data/TRANSIENT_BUFFER/PDR_GULP_data001.pcap_18_09_2025_10_00_1758169855.PCAP_PDR
-rw------- 1 dsp dsp 2.0G Sep 18 10:01 /data/TRANSIENT_BUFFER/PDR_GULP_data002.pcap_18_09_2025_10_01_1758169884.PCAP_PDR
-rw------- 1 dsp dsp 2.0G Sep 18 10:01 /data/TRANSIENT_BUFFER/PDR_GULP_data000.pcap_18_09_2025_10_01_1758169914.PCAP_PDR
-rw------- 1 dsp dsp 2.0G Sep 18 10:02 /data/TRANSIENT_BUFFER/PDR_GULP_data001.pcap_18_09_2025_10_02_1758169943.PCAP_PDR
-rw------- 1 dsp dsp 2.0G Sep 18 10:02 /data/TRANSIENT_BUFFER/PDR_GULP_data002.pcap_18_09_2025_10_02_1758169972.PCAP_PDR
-rw------- 1 dsp dsp 2.0G Sep 18 10:03 /data/TRANSIENT_BUFFER/PDR_GULP_data000.pcap_18_09_2025_10_03_1758170001.PCAP_PDR
-rw------- 1 dsp dsp 2.0G Sep 18 10:03 /data/TRANSIENT_BUFFER/PDR_GULP_data001.pcap_18_09_2025_10_03_1758170031.PCAP_PDR
-rw------- 1 dsp dsp 2.0G Sep 18 10:04 /data/TRANSIENT_BUFFER/PDR_GULP_data002.pcap_18_09_2025_10_04_1758170060.PCAP_PDR
-rw------- 1 dsp dsp 2.0G Sep 18 10:04 /data/TRANSIENT_BUFFER/PDR_GULP_data000.pcap_18_09_2025_10_04_1758170089.PCAP_PDR
-rw------- 1 dsp dsp 2.0G Sep 18 10:05 /data/TRANSIENT_BUFFER/PDR_GULP_data001.pcap_18_09_2025_10_05_1758170118.PCAP_PDR
-rw------- 1 dsp dsp 2.0G Sep 18 10:05 /data/TRANSIENT_BUFFER/PDR_GULP_data002.pcap_18_09_2025_10_05_1758170147.PCAP_PDR
-rw------- 1 dsp dsp 2.0G Sep 18 10:06 /data/TRANSIENT_BUFFER/PDR_GULP_data000.pcap_18_09_2025_10_06_1758170177.PCAP_PDR
-rw------- 1 dsp dsp 2.0G Sep 18 10:06 /data/TRANSIENT_BUFFER/PDR_GULP_data001.pcap_18_09_2025_10_06_1758170206.PCAP_PDR
-rw------- 1 dsp dsp 2.0G Sep 18 10:07 /data/TRANSIENT_BUFFER/PDR_GULP_data002.pcap_18_09_2025_10_07_1758170235.PCAP_PDR
-rw------- 1 dsp dsp 2.0G Sep 18 10:07 /data/TRANSIENT_BUFFER/PDR_GULP_data000.pcap_18_09_2025_10_07_1758170264.PCAP_PDR
-rw------- 1 dsp dsp 2.0G Sep 18 10:08 /data/TRANSIENT_BUFFER/PDR_GULP_data001.pcap_18_09_2025_10_08_1758170293.PCAP_PDR
-rw------- 1 dsp dsp 2.0G Sep 18 10:08 /data/TRANSIENT_BUFFER/PDR_GULP_data002.pcap_18_09_2025_10_08_1758170323.PCAP_PDR
-rw------- 1 dsp dsp 2.0G Sep 18 10:09 /data/TRANSIENT_BUFFER/PDR_GULP_data000.pcap_18_09_2025_10_09_1758170352.PCAP_PDR
-rw------- 1 dsp dsp 2.0G Sep 18 10:09 /data/TRANSIENT_BUFFER/PDR_GULP_data001.pcap_18_09_2025_10_09_1758170381.PCAP_PDR
-rw------- 1 dsp dsp 2.0G Sep 18 10:10 /data/TRANSIENT_BUFFER/PDR_GULP_data002.pcap_18_09_2025_10_10_1758170410.PCAP_PDR
-rw------- 1 dsp dsp 2.0G Sep 18 10:10 /data/TRANSIENT_BUFFER/PDR_GULP_data000.pcap_18_09_2025_10_10_1758170439.PCAP_PDR
-rw------- 1 dsp dsp 2.0G Sep 18 10:11 /data/TRANSIENT_BUFFER/PDR_GULP_data001.pcap_18_09_2025_10_11_1758170469.PCAP_PDR
-rw------- 1 dsp dsp 2.0G Sep 18 10:11 /data/TRANSIENT_BUFFER/PDR_GULP_data002.pcap_18_09_2025_10_11_1758170498.PCAP_PDR
-rw------- 1 dsp dsp 2.0G Sep 18 10:12 /data/TRANSIENT_BUFFER/PDR_GULP_data000.pcap_18_09_2025_10_12_1758170527.PCAP_PDR
-rw------- 1 dsp dsp 2.0G Sep 18 10:12 /data/TRANSIENT_BUFFER/PDR_GULP_data001.pcap_18_09_2025_10_12_1758170556.PCAP_PDR
-rw------- 1 dsp dsp 2.0G Sep 18 10:13 /data/TRANSIENT_BUFFER/PDR_GULP_data002.pcap_18_09_2025_10_13_1758170585.PCAP_PDR
-rw------- 1 dsp dsp 2.0G Sep 18 10:13 /data/TRANSIENT_BUFFER/PDR_GULP_data000.pcap_18_09_2025_10_13_1758170615.PCAP_PDR
-rw------- 1 dsp dsp 2.0G Sep 18 10:14 /data/TRANSIENT_BUFFER/PDR_GULP_data001.pcap_18_09_2025_10_14_1758170644.PCAP_PDR
-rw------- 1 dsp dsp 2.0G Sep 18 10:14 /data/TRANSIENT_BUFFER/PDR_GULP_data002.pcap_18_09_2025_10_14_1758170673.PCAP_PDR
-rw------- 1 dsp dsp 2.0G Sep 18 10:14 /data/TRANSIENT_BUFFER/PDR_GULP_data000.pcap_18_09_2025_10_15_1758170702.PCAP_PDR
-rw------- 1 dsp dsp 2.0G Sep 18 10:15 /data/TRANSIENT_BUFFER/PDR_GULP_data001.pcap_18_09_2025_10_15_1758170732.PCAP_PDR
-rw------- 1 dsp dsp 2.0G Sep 18 10:15 /data/TRANSIENT_BUFFER/PDR_GULP_data002.pcap_18_09_2025_10_16_1758170761.PCAP_PDR
-rw------- 1 dsp dsp 2.0G Sep 18 10:16 /data/TRANSIENT_BUFFER/PDR_GULP_data000.pcap_18_09_2025_10_16_1758170790.PCAP_PDR
-rw------- 1 dsp dsp 2.0G Sep 18 10:16 /data/TRANSIENT_BUFFER/PDR_GULP_data001.pcap_18_09_2025_10_16_1758170819.PCAP_PDR
-rw------- 1 dsp dsp 2.0G Sep 18 10:17 /data/TRANSIENT_BUFFER/PDR_GULP_data002.pcap_18_09_2025_10_17_1758170848.PCAP_PDR
-rw------- 1 dsp dsp 2.0G Sep 18 10:17 /data/TRANSIENT_BUFFER/PDR_GULP_data000.pcap_18_09_2025_10_17_1758170878.PCAP_PDR
-rw------- 1 dsp dsp 2.0G Sep 18 10:18 /data/TRANSIENT_BUFFER/PDR_GULP_data001.pcap_18_09_2025_10_18_1758170907.PCAP_PDR
-rw------- 1 dsp dsp 2.0G Sep 18 10:18 /data/TRANSIENT_BUFFER/PDR_GULP_data002.pcap_18_09_2025_10_18_1758170936.PCAP_PDR
-rw------- 1 dsp dsp 2.0G Sep 18 10:19 /data/TRANSIENT_BUFFER/PDR_GULP_data000.pcap_18_09_2025_10_19_1758170965.PCAP_PDR
-rw------- 1 dsp dsp 2.0G Sep 18 10:19 /data/TRANSIENT_BUFFER/PDR_GULP_data001.pcap_18_09_2025_10_19_1758170994.PCAP_PDR
-rw------- 1 dsp dsp 2.0G Sep 18 10:20 /data/TRANSIENT_BUFFER/PDR_GULP_data002.pcap_18_09_2025_10_20_1758171024.PCAP_PDR
-rw------- 1 dsp dsp 2.0G Sep 18 10:20 /data/TRANSIENT_BUFFER/PDR_GULP_data000.pcap_18_09_2025_10_20_1758171053.PCAP_PDR
-rw------- 1 dsp dsp 2.0G Sep 18 10:21 /data/TRANSIENT_BUFFER/PDR_GULP_data001.pcap_18_09_2025_10_21_1758171082.PCAP_PDR
-rw------- 1 dsp dsp 2.0G Sep 18 10:21 /data/TRANSIENT_BUFFER/PDR_GULP_data002.pcap_18_09_2025_10_21_1758171111.PCAP_PDR
-rw------- 1 dsp dsp 2.0G Sep 18 10:22 /data/TRANSIENT_BUFFER/PDR_GULP_data000.pcap_18_09_2025_10_22_1758171140.PCAP_PDR
-rw------- 1 dsp dsp 2.0G Sep 18 10:22 /data/TRANSIENT_BUFFER/PDR_GULP_data001.pcap_18_09_2025_10_22_1758171170.PCAP_PDR
-rw------- 1 dsp dsp 2.0G Sep 18 10:23 /data/TRANSIENT_BUFFER/PDR_GULP_data002.pcap_18_09_2025_10_23_1758171199.PCAP_PDR
-rw------- 1 dsp dsp 2.0G Sep 18 10:23 /data/TRANSIENT_BUFFER/PDR_GULP_data000.pcap_18_09_2025_10_23_1758171228.PCAP_PDR
-rw------- 1 dsp dsp 2.0G Sep 18 10:24 /data/TRANSIENT_BUFFER/PDR_GULP_data001.pcap_18_09_2025_10_24_1758171257.PCAP_PDR
-rw------- 1 dsp dsp 2.0G Sep 18 10:24 /data/TRANSIENT_BUFFER/PDR_GULP_data002.pcap_18_09_2025_10_24_1758171286.PCAP_PDR
-rw------- 1 dsp dsp 2.0G Sep 18 10:25 /data/TRANSIENT_BUFFER/PDR_GULP_data000.pcap_18_09_2025_10_25_1758171316.PCAP_PDR
-rw------- 1 dsp dsp 2.0G Sep 18 10:25 /data/TRANSIENT_BUFFER/PDR_GULP_data001.pcap_18_09_2025_10_25_1758171345.PCAP_PDR
-rw------- 1 dsp dsp 2.0G Sep 18 10:26 /data/TRANSIENT_BUFFER/PDR_GULP_data002.pcap_18_09_2025_10_26_1758171374.PCAP_PDR
-rw------- 1 dsp dsp 2.0G Sep 18 10:26 /data/TRANSIENT_BUFFER/PDR_GULP_data000.pcap_18_09_2025_10_26_1758171403.PCAP_PDR
-rw------- 1 dsp dsp 2.0G Sep 18 10:27 /data/TRANSIENT_BUFFER/PDR_GULP_data001.pcap_18_09_2025_10_27_1758171433.PCAP_PDR
-rw------- 1 dsp dsp 2.0G Sep 18 10:27 /data/TRANSIENT_BUFFER/PDR_GULP_data002.pcap_18_09_2025_10_27_1758171462.PCAP_PDR
-rw------- 1 dsp dsp 2.0G Sep 18 10:28 /data/TRANSIENT_BUFFER/PDR_GULP_data000.pcap_18_09_2025_10_28_1758171491.PCAP_PDR
-rw------- 1 dsp dsp 2.0G Sep 18 10:28 /data/TRANSIENT_BUFFER/PDR_GULP_data001.pcap_18_09_2025_10_28_1758171520.PCAP_PDR
-rw------- 1 dsp dsp 2.0G Sep 18 10:29 /data/TRANSIENT_BUFFER/PDR_GULP_data002.pcap_18_09_2025_10_29_1758171549.PCAP_PDR
-rw------- 1 dsp dsp 2.0G Sep 18 10:29 /data/TRANSIENT_BUFFER/PDR_GULP_data000.pcap_18_09_2025_10_29_1758171579.PCAP_PDR
-rw------- 1 dsp dsp 2.0G Sep 18 10:30 /data/TRANSIENT_BUFFER/PDR_GULP_data001.pcap_18_09_2025_10_30_1758171608.PCAP_PDR
-rw------- 1 dsp dsp 2.0G Sep 18 10:30 /data/TRANSIENT_BUFFER/PDR_GULP_data002.pcap_18_09_2025_10_30_1758171637.PCAP_PDR
-rw------- 1 dsp dsp 2.0G Sep 18 10:31 /data/TRANSIENT_BUFFER/PDR_GULP_data000.pcap_18_09_2025_10_31_1758171666.PCAP_PDR
-rw------- 1 dsp dsp 2.0G Sep 18 10:31 /data/TRANSIENT_BUFFER/PDR_GULP_data001.pcap_18_09_2025_10_31_1758171695.PCAP_PDR
-rw------- 1 dsp dsp 2.0G Sep 18 10:32 /data/TRANSIENT_BUFFER/PDR_GULP_data002.pcap_18_09_2025_10_32_1758171725.PCAP_PDR
-rw------- 1 dsp dsp 2.0G Sep 18 10:32 /data/TRANSIENT_BUFFER/PDR_GULP_data000.pcap_18_09_2025_10_32_1758171754.PCAP_PDR
-rw------- 1 dsp dsp 2.0G Sep 18 10:33 /data/TRANSIENT_BUFFER/PDR_GULP_data001.pcap_18_09_2025_10_33_1758171783.PCAP_PDR
-rw------- 1 dsp dsp 2.0G Sep 18 10:33 /data/TRANSIENT_BUFFER/PDR_GULP_data002.pcap_18_09_2025_10_33_1758171812.PCAP_PDR
-rw------- 1 dsp dsp 2.0G Sep 18 10:33 /data/TRANSIENT_BUFFER/PDR_GULP_data000.pcap_18_09_2025_10_34_1758171841.PCAP_PDR
-rw------- 1 dsp dsp 2.0G Sep 18 10:34 /data/TRANSIENT_BUFFER/PDR_GULP_data001.pcap_18_09_2025_10_34_1758171871.PCAP_PDR
-rw------- 1 dsp dsp 2.0G Sep 18 10:34 /data/TRANSIENT_BUFFER/PDR_GULP_data002.pcap_18_09_2025_10_35_1758171900.PCAP_PDR
-rw------- 1 dsp dsp 2.0G Sep 18 10:35 /data/TRANSIENT_BUFFER/PDR_GULP_data000.pcap_18_09_2025_10_35_1758171929.PCAP_PDR
-rw------- 1 dsp dsp 2.0G Sep 18 10:35 /data/TRANSIENT_BUFFER/PDR_GULP_data001.pcap_18_09_2025_10_35_1758171958.PCAP_PDR
-rw------- 1 dsp dsp 2.0G Sep 18 10:36 /data/TRANSIENT_BUFFER/PDR_GULP_data002.pcap_18_09_2025_10_36_1758171987.PCAP_PDR
-rw------- 1 dsp dsp 2.0G Sep 18 10:36 /data/TRANSIENT_BUFFER/PDR_GULP_data000.pcap_18_09_2025_10_36_1758172017.PCAP_PDR
-rw------- 1 dsp dsp 2.0G Sep 18 10:37 /data/TRANSIENT_BUFFER/PDR_GULP_data001.pcap_18_09_2025_10_37_1758172046.PCAP_PDR
-rw------- 1 dsp dsp 2.0G Sep 18 10:37 /data/TRANSIENT_BUFFER/PDR_GULP_data002.pcap_18_09_2025_10_37_1758172075.PCAP_PDR
-rw------- 1 dsp dsp 2.0G Sep 18 10:38 /data/TRANSIENT_BUFFER/PDR_GULP_data000.pcap_18_09_2025_10_38_1758172104.PCAP_PDR
-rw------- 1 dsp dsp 2.0G Sep 18 10:38 /data/TRANSIENT_BUFFER/PDR_GULP_data001.pcap_18_09_2025_10_38_1758172134.PCAP_PDR
-rw------- 1 dsp dsp 2.0G Sep 18 10:39 /data/TRANSIENT_BUFFER/PDR_GULP_data002.pcap_18_09_2025_10_39_1758172163.PCAP_PDR
-rw------- 1 dsp dsp 2.0G Sep 18 10:39 /data/TRANSIENT_BUFFER/PDR_GULP_data000.pcap_18_09_2025_10_39_1758172192.PCAP_PDR
-rw------- 1 dsp dsp 2.0G Sep 18 10:40 /data/TRANSIENT_BUFFER/PDR_GULP_data001.pcap_18_09_2025_10_40_1758172221.PCAP_PDR
-rw------- 1 dsp dsp 2.0G Sep 18 10:40 /data/TRANSIENT_BUFFER/PDR_GULP_data002.pcap_18_09_2025_10_40_1758172250.PCAP_PDR
-rw------- 1 dsp dsp 2.0G Sep 18 10:41 /data/TRANSIENT_BUFFER/PDR_GULP_data000.pcap_18_09_2025_10_41_1758172280.PCAP_PDR
-rw------- 1 dsp dsp 2.0G Sep 18 10:41 /data/TRANSIENT_BUFFER/PDR_GULP_data001.pcap_18_09_2025_10_41_1758172309.PCAP_PDR
-rw------- 1 dsp dsp 2.0G Sep 18 10:42 /data/TRANSIENT_BUFFER/PDR_GULP_data002.pcap_18_09_2025_10_42_1758172338.PCAP_PDR
-rw------- 1 dsp dsp 2.0G Sep 18 10:42 /data/TRANSIENT_BUFFER/PDR_GULP_data000.pcap_18_09_2025_10_42_1758172367.PCAP_PDR
-rw------- 1 dsp dsp 2.0G Sep 18 10:43 /data/TRANSIENT_BUFFER/PDR_GULP_data001.pcap_18_09_2025_10_43_1758172396.PCAP_PDR
-rw------- 1 dsp dsp 2.0G Sep 18 10:43 /data/TRANSIENT_BUFFER/PDR_GULP_data002.pcap_18_09_2025_10_43_1758172426.PCAP_PDR
-rw------- 1 dsp dsp 2.0G Sep 18 10:44 /data/TRANSIENT_BUFFER/PDR_GULP_data000.pcap_18_09_2025_10_44_1758172455.PCAP_PDR
-rw------- 1 dsp dsp 2.0G Sep 18 10:44 /data/TRANSIENT_BUFFER/PDR_GULP_data001.pcap_18_09_2025_10_44_1758172484.PCAP_PDR
-rw------- 1 dsp dsp 2.0G Sep 18 10:45 /data/TRANSIENT_BUFFER/PDR_GULP_data002.pcap_18_09_2025_10_45_1758172513.PCAP_PDR
-rw------- 1 dsp dsp 2.0G Sep 18 10:45 /data/TRANSIENT_BUFFER/PDR_GULP_data000.pcap_18_09_2025_10_45_1758172542.PCAP_PDR
-rw------- 1 dsp dsp 2.0G Sep 18 10:46 /data/TRANSIENT_BUFFER/PDR_GULP_data001.pcap_18_09_2025_10_46_1758172572.PCAP_PDR
-rw------- 1 dsp dsp 2.0G Sep 18 10:46 /data/TRANSIENT_BUFFER/PDR_GULP_data002.pcap_18_09_2025_10_46_1758172601.PCAP_PDR
-rw------- 1 dsp dsp 2.0G Sep 18 10:47 /data/TRANSIENT_BUFFER/PDR_GULP_data000.pcap_18_09_2025_10_47_1758172630.PCAP_PDR
-rw------- 1 dsp dsp 2.0G Sep 18 10:47 /data/TRANSIENT_BUFFER/PDR_GULP_data001.pcap_18_09_2025_10_47_1758172659.PCAP_PDR
-rw------- 1 dsp dsp 2.0G Sep 18 10:48 /data/TRANSIENT_BUFFER/PDR_GULP_data002.pcap_18_09_2025_10_48_1758172688.PCAP_PDR
-rw------- 1 dsp dsp 2.0G Sep 18 10:48 /data/TRANSIENT_BUFFER/PDR_GULP_data000.pcap_18_09_2025_10_48_1758172718.PCAP_PDR
-rw------- 1 dsp dsp 2.0G Sep 18 10:49 /data/TRANSIENT_BUFFER/PDR_GULP_data001.pcap_18_09_2025_10_49_1758172747.PCAP_PDR
-rw------- 1 dsp dsp 2.0G Sep 18 10:49 /data/TRANSIENT_BUFFER/PDR_GULP_data002.pcap_18_09_2025_10_49_1758172776.PCAP_PDR
-rw------- 1 dsp dsp 2.0G Sep 18 10:50 /data/TRANSIENT_BUFFER/PDR_GULP_data000.pcap_18_09_2025_10_50_1758172805.PCAP_PDR
-rw------- 1 dsp dsp 2.0G Sep 18 10:50 /data/TRANSIENT_BUFFER/PDR_GULP_data001.pcap_18_09_2025_10_50_1758172835.PCAP_PDR
-rw------- 1 dsp dsp 2.0G Sep 18 10:51 /data/TRANSIENT_BUFFER/PDR_GULP_data002.pcap_18_09_2025_10_51_1758172864.PCAP_PDR
-rw------- 1 dsp dsp 2.0G Sep 18 10:51 /data/TRANSIENT_BUFFER/PDR_GULP_data000.pcap_18_09_2025_10_51_1758172893.PCAP_PDR
-rw------- 1 dsp dsp 2.0G Sep 18 10:51 /data/TRANSIENT_BUFFER/PDR_GULP_data001.pcap_18_09_2025_10_52_1758172922.PCAP_PDR
-rw------- 1 dsp dsp 2.0G Sep 18 10:52 /data/TRANSIENT_BUFFER/PDR_GULP_data002.pcap_18_09_2025_10_52_1758172951.PCAP_PDR
-rw------- 1 dsp dsp 2.0G Sep 18 10:52 /data/TRANSIENT_BUFFER/PDR_GULP_data000.pcap_18_09_2025_10_53_1758172981.PCAP_PDR
-rw------- 1 dsp dsp 2.0G Sep 18 10:53 /data/TRANSIENT_BUFFER/PDR_GULP_data001.pcap_18_09_2025_10_53_1758173010.PCAP_PDR
-rw------- 1 dsp dsp 2.0G Sep 18 10:53 /data/TRANSIENT_BUFFER/PDR_GULP_data002.pcap_18_09_2025_10_53_1758173039.PCAP_PDR
-rw------- 1 dsp dsp 2.0G Sep 18 10:54 /data/TRANSIENT_BUFFER/PDR_GULP_data000.pcap_18_09_2025_10_54_1758173068.PCAP_PDR
-rw------- 1 dsp dsp 2.0G Sep 18 10:54 /data/TRANSIENT_BUFFER/PDR_GULP_data001.pcap_18_09_2025_10_54_1758173097.PCAP_PDR
-rw------- 1 dsp dsp 2.0G Sep 18 10:55 /data/TRANSIENT_BUFFER/PDR_GULP_data002.pcap_18_09_2025_10_55_1758173127.PCAP_PDR
-rw------- 1 dsp dsp 2.0G Sep 18 10:55 /data/TRANSIENT_BUFFER/PDR_GULP_data000.pcap_18_09_2025_10_55_1758173156.PCAP_PDR
-rw------- 1 dsp dsp 2.0G Sep 18 10:56 /data/TRANSIENT_BUFFER/PDR_GULP_data001.pcap_18_09_2025_10_56_1758173185.PCAP_PDR
-rw------- 1 dsp dsp 2.0G Sep 18 10:56 /data/TRANSIENT_BUFFER/PDR_GULP_data002.pcap_18_09_2025_10_56_1758173214.PCAP_PDR
-rw------- 1 dsp dsp 2.0G Sep 18 10:57 /data/TRANSIENT_BUFFER/PDR_GULP_data000.pcap_18_09_2025_10_57_1758173243.PCAP_PDR
-rw------- 1 dsp dsp 2.0G Sep 18 10:57 /data/TRANSIENT_BUFFER/PDR_GULP_data001.pcap_18_09_2025_10_57_1758173273.PCAP_PDR
18-09-2025 10:58 RAW PCAP data moved from Transient Buffer.
18-09-2025 10:58 SLIP check Started ...
18-09-2025 10:58 - WARNING - Data Directory: /data/dsp/GBD_TRANSIENT_BUFFER/J1921+2153/18_09_2025
18-09-2025 10:58 - WARNING - Number of Files: 120
18-09-2025 10:58 - WARNING - No packet loss: /data/dsp/GBD_TRANSIENT_BUFFER/J1921+2153/18_09_2025/PDR_GULP_data002.pcap_18_09_2025_09_59_1758169797.PCAP_PDR
18-09-2025 10:58 - WARNING - first_pkt_count, first_gps_count, first_pkt_Tstamp
18-09-2025 10:58 - WARNING - 23297536 52558 2025-09-18T04:29:25.156966
18-09-2025 10:58 - WARNING - last_pkt_count, last_gps_count, last_pkt_Tstamp
18-09-2025 10:58 - WARNING - 25180077 52589 2025-09-18T04:29:54.364908
18-09-2025 10:58 - WARNING - diff_pkt_count  , diff_gps_count ,  diff_pkt_timstamp
18-09-2025 10:58 - WARNING - 1882541 31 29207942 microseconds
18-09-2025 10:58 - WARNING - No packet loss: /data/dsp/GBD_TRANSIENT_BUFFER/J1921+2153/18_09_2025/PDR_GULP_data000.pcap_18_09_2025_10_00_1758169826.PCAP_PDR
18-09-2025 10:58 - WARNING - first_pkt_count, first_gps_count, first_pkt_Tstamp
18-09-2025 10:58 - WARNING - 25180078 52589 2025-09-18T04:29:54.364909
18-09-2025 10:58 - WARNING - last_pkt_count, last_gps_count, last_pkt_Tstamp
18-09-2025 10:58 - WARNING - 27062619 52621 2025-09-18T04:30:23.572880
18-09-2025 10:58 - WARNING - diff_pkt_count  , diff_gps_count ,  diff_pkt_timstamp
18-09-2025 10:58 - WARNING - 1882541 32 29207971 microseconds
18-09-2025 10:58 - WARNING - No packet loss: /data/dsp/GBD_TRANSIENT_BUFFER/J1921+2153/18_09_2025/PDR_GULP_data001.pcap_18_09_2025_10_00_1758169855.PCAP_PDR
18-09-2025 10:58 - WARNING - first_pkt_count, first_gps_count, first_pkt_Tstamp
18-09-2025 10:58 - WARNING - 27062620 52621 2025-09-18T04:30:23.572881
18-09-2025 10:58 - WARNING - last_pkt_count, last_gps_count, last_pkt_Tstamp
18-09-2025 10:58 - WARNING - 28945161 52651 2025-09-18T04:30:52.780879
18-09-2025 10:58 - WARNING - diff_pkt_count  , diff_gps_count ,  diff_pkt_timstamp
18-09-2025 10:58 - WARNING - 1882541 30 29207998 microseconds
18-09-2025 10:58 - WARNING - No packet loss: /data/dsp/GBD_TRANSIENT_BUFFER/J1921+2153/18_09_2025/PDR_GULP_data002.pcap_18_09_2025_10_01_1758169884.PCAP_PDR
18-09-2025 10:58 - WARNING - first_pkt_count, first_gps_count, first_pkt_Tstamp
18-09-2025 10:58 - WARNING - 28945162 52651 2025-09-18T04:30:52.780879
18-09-2025 10:58 - WARNING - last_pkt_count, last_gps_count, last_pkt_Tstamp
18-09-2025 10:58 - WARNING - 30827703 52683 2025-09-18T04:31:21.988817
18-09-2025 10:58 - WARNING - diff_pkt_count  , diff_gps_count ,  diff_pkt_timstamp
18-09-2025 10:58 - WARNING - 1882541 32 29207938 microseconds
18-09-2025 10:58 - WARNING - No packet loss: /data/dsp/GBD_TRANSIENT_BUFFER/J1921+2153/18_09_2025/PDR_GULP_data000.pcap_18_09_2025_10_01_1758169914.PCAP_PDR
18-09-2025 10:58 - WARNING - first_pkt_count, first_gps_count, first_pkt_Tstamp
18-09-2025 10:58 - WARNING - 30827704 52683 2025-09-18T04:31:21.988817
18-09-2025 10:58 - WARNING - last_pkt_count, last_gps_count, last_pkt_Tstamp
18-09-2025 10:58 - WARNING - 32710245 52716 2025-09-18T04:31:51.196794
18-09-2025 10:58 - WARNING - diff_pkt_count  , diff_gps_count ,  diff_pkt_timstamp
18-09-2025 10:58 - WARNING - 1882541 33 29207977 microseconds
18-09-2025 10:58 - WARNING - No packet loss: /data/dsp/GBD_TRANSIENT_BUFFER/J1921+2153/18_09_2025/PDR_GULP_data001.pcap_18_09_2025_10_02_1758169943.PCAP_PDR
18-09-2025 10:58 - WARNING - first_pkt_count, first_gps_count, first_pkt_Tstamp
18-09-2025 10:58 - WARNING - 32710246 52716 2025-09-18T04:31:51.196882
18-09-2025 10:58 - WARNING - last_pkt_count, last_gps_count, last_pkt_Tstamp
18-09-2025 10:58 - WARNING - 34592788 52745 2025-09-18T04:32:20.404788
18-09-2025 10:58 - WARNING - diff_pkt_count  , diff_gps_count ,  diff_pkt_timstamp
18-09-2025 10:58 - WARNING - 1882542 29 29207906 microseconds
18-09-2025 10:58 - WARNING - No packet loss: /data/dsp/GBD_TRANSIENT_BUFFER/J1921+2153/18_09_2025/PDR_GULP_data002.pcap_18_09_2025_10_02_1758169972.PCAP_PDR
18-09-2025 10:58 - WARNING - first_pkt_count, first_gps_count, first_pkt_Tstamp
18-09-2025 10:58 - WARNING - 34592789 52745 2025-09-18T04:32:20.404876
18-09-2025 10:58 - WARNING - last_pkt_count, last_gps_count, last_pkt_Tstamp
18-09-2025 10:58 - WARNING - 36475330 52778 2025-09-18T04:32:49.612770
18-09-2025 10:58 - WARNING - diff_pkt_count  , diff_gps_count ,  diff_pkt_timstamp
18-09-2025 10:58 - WARNING - 1882541 33 29207894 microseconds
18-09-2025 10:58 - WARNING - No packet loss: /data/dsp/GBD_TRANSIENT_BUFFER/J1921+2153/18_09_2025/PDR_GULP_data000.pcap_18_09_2025_10_03_1758170001.PCAP_PDR
18-09-2025 10:58 - WARNING - first_pkt_count, first_gps_count, first_pkt_Tstamp
18-09-2025 10:58 - WARNING - 36475331 52778 2025-09-18T04:32:49.612770
18-09-2025 10:58 - WARNING - last_pkt_count, last_gps_count, last_pkt_Tstamp
18-09-2025 10:58 - WARNING - 38357872 52813 2025-09-18T04:33:18.820784
18-09-2025 10:58 - WARNING - diff_pkt_count  , diff_gps_count ,  diff_pkt_timstamp
18-09-2025 10:58 - WARNING - 1882541 35 29208014 microseconds
18-09-2025 10:58 - WARNING - No packet loss: /data/dsp/GBD_TRANSIENT_BUFFER/J1921+2153/18_09_2025/PDR_GULP_data001.pcap_18_09_2025_10_03_1758170031.PCAP_PDR
18-09-2025 10:58 - WARNING - first_pkt_count, first_gps_count, first_pkt_Tstamp
18-09-2025 10:58 - WARNING - 38357873 52813 2025-09-18T04:33:18.820784
18-09-2025 10:58 - WARNING - last_pkt_count, last_gps_count, last_pkt_Tstamp
18-09-2025 10:58 - WARNING - 40240414 52848 2025-09-18T04:33:48.028706
18-09-2025 10:58 - WARNING - diff_pkt_count  , diff_gps_count ,  diff_pkt_timstamp
18-09-2025 10:58 - WARNING - 1882541 35 29207922 microseconds
18-09-2025 10:58 - WARNING - No packet loss: /data/dsp/GBD_TRANSIENT_BUFFER/J1921+2153/18_09_2025/PDR_GULP_data002.pcap_18_09_2025_10_04_1758170060.PCAP_PDR
18-09-2025 10:58 - WARNING - first_pkt_count, first_gps_count, first_pkt_Tstamp
18-09-2025 10:58 - WARNING - 40240415 52848 2025-09-18T04:33:48.028783
18-09-2025 10:58 - WARNING - last_pkt_count, last_gps_count, last_pkt_Tstamp
18-09-2025 10:58 - WARNING - 42122956 52881 2025-09-18T04:34:17.236639
18-09-2025 10:58 - WARNING - diff_pkt_count  , diff_gps_count ,  diff_pkt_timstamp
18-09-2025 10:58 - WARNING - 1882541 33 29207856 microseconds
18-09-2025 10:58 - WARNING - No packet loss: /data/dsp/GBD_TRANSIENT_BUFFER/J1921+2153/18_09_2025/PDR_GULP_data000.pcap_18_09_2025_10_04_1758170089.PCAP_PDR
18-09-2025 10:58 - WARNING - first_pkt_count, first_gps_count, first_pkt_Tstamp
18-09-2025 10:58 - WARNING - 42122957 52881 2025-09-18T04:34:17.236691
18-09-2025 10:58 - WARNING - last_pkt_count, last_gps_count, last_pkt_Tstamp
18-09-2025 10:58 - WARNING - 44005498 52914 2025-09-18T04:34:46.444609
18-09-2025 10:58 - WARNING - diff_pkt_count  , diff_gps_count ,  diff_pkt_timstamp
18-09-2025 10:58 - WARNING - 1882541 33 29207918 microseconds
18-09-2025 10:58 - WARNING - No packet loss: /data/dsp/GBD_TRANSIENT_BUFFER/J1921+2153/18_09_2025/PDR_GULP_data001.pcap_18_09_2025_10_05_1758170118.PCAP_PDR
18-09-2025 10:58 - WARNING - first_pkt_count, first_gps_count, first_pkt_Tstamp
18-09-2025 10:58 - WARNING - 44005499 52914 2025-09-18T04:34:46.444662
18-09-2025 10:58 - WARNING - last_pkt_count, last_gps_count, last_pkt_Tstamp
18-09-2025 10:58 - WARNING - 45888041 52952 2025-09-18T04:35:15.652591
18-09-2025 10:58 - WARNING - diff_pkt_count  , diff_gps_count ,  diff_pkt_timstamp
18-09-2025 10:58 - WARNING - 1882542 38 29207929 microseconds
18-09-2025 10:58 - WARNING - No packet loss: /data/dsp/GBD_TRANSIENT_BUFFER/J1921+2153/18_09_2025/PDR_GULP_data002.pcap_18_09_2025_10_05_1758170147.PCAP_PDR
18-09-2025 10:58 - WARNING - first_pkt_count, first_gps_count, first_pkt_Tstamp
18-09-2025 10:58 - WARNING - 45888042 52952 2025-09-18T04:35:15.652591
18-09-2025 10:58 - WARNING - last_pkt_count, last_gps_count, last_pkt_Tstamp
18-09-2025 10:58 - WARNING - 47770583 52983 2025-09-18T04:35:44.860514
18-09-2025 10:58 - WARNING - diff_pkt_count  , diff_gps_count ,  diff_pkt_timstamp
18-09-2025 10:58 - WARNING - 1882541 31 29207923 microseconds
18-09-2025 10:58 - WARNING - No packet loss: /data/dsp/GBD_TRANSIENT_BUFFER/J1921+2153/18_09_2025/PDR_GULP_data000.pcap_18_09_2025_10_06_1758170177.PCAP_PDR
18-09-2025 10:58 - WARNING - first_pkt_count, first_gps_count, first_pkt_Tstamp
18-09-2025 10:58 - WARNING - 47770584 52983 2025-09-18T04:35:44.860567
18-09-2025 10:58 - WARNING - last_pkt_count, last_gps_count, last_pkt_Tstamp
18-09-2025 10:58 - WARNING - 49653125 53020 2025-09-18T04:36:14.068500
18-09-2025 10:58 - WARNING - diff_pkt_count  , diff_gps_count ,  diff_pkt_timstamp
18-09-2025 10:58 - WARNING - 1882541 37 29207933 microseconds
18-09-2025 10:58 - WARNING - No packet loss: /data/dsp/GBD_TRANSIENT_BUFFER/J1921+2153/18_09_2025/PDR_GULP_data001.pcap_18_09_2025_10_06_1758170206.PCAP_PDR
18-09-2025 10:58 - WARNING - first_pkt_count, first_gps_count, first_pkt_Tstamp
18-09-2025 10:58 - WARNING - 49653126 53020 2025-09-18T04:36:14.068500
18-09-2025 10:58 - WARNING - last_pkt_count, last_gps_count, last_pkt_Tstamp
18-09-2025 10:58 - WARNING - 51535667 53057 2025-09-18T04:36:43.276392
18-09-2025 10:58 - WARNING - diff_pkt_count  , diff_gps_count ,  diff_pkt_timstamp
18-09-2025 10:58 - WARNING - 1882541 37 29207892 microseconds
18-09-2025 10:58 - WARNING - No packet loss: /data/dsp/GBD_TRANSIENT_BUFFER/J1921+2153/18_09_2025/PDR_GULP_data002.pcap_18_09_2025_10_07_1758170235.PCAP_PDR
18-09-2025 10:58 - WARNING - first_pkt_count, first_gps_count, first_pkt_Tstamp
18-09-2025 10:58 - WARNING - 51535668 53057 2025-09-18T04:36:43.276443
18-09-2025 10:58 - WARNING - last_pkt_count, last_gps_count, last_pkt_Tstamp
18-09-2025 10:58 - WARNING - 53418209 53093 2025-09-18T04:37:12.484374
18-09-2025 10:58 - WARNING - diff_pkt_count  , diff_gps_count ,  diff_pkt_timstamp
18-09-2025 10:58 - WARNING - 1882541 36 29207931 microseconds
18-09-2025 10:58 - WARNING - No packet loss: /data/dsp/GBD_TRANSIENT_BUFFER/J1921+2153/18_09_2025/PDR_GULP_data000.pcap_18_09_2025_10_07_1758170264.PCAP_PDR
18-09-2025 10:58 - WARNING - first_pkt_count, first_gps_count, first_pkt_Tstamp
18-09-2025 10:58 - WARNING - 53418210 53093 2025-09-18T04:37:12.484374
18-09-2025 10:58 - WARNING - last_pkt_count, last_gps_count, last_pkt_Tstamp
18-09-2025 10:58 - WARNING - 55300751 53124 2025-09-18T04:37:41.692282
18-09-2025 10:58 - WARNING - diff_pkt_count  , diff_gps_count ,  diff_pkt_timstamp
18-09-2025 10:58 - WARNING - 1882541 31 29207908 microseconds
18-09-2025 10:58 - WARNING - No packet loss: /data/dsp/GBD_TRANSIENT_BUFFER/J1921+2153/18_09_2025/PDR_GULP_data001.pcap_18_09_2025_10_08_1758170293.PCAP_PDR
18-09-2025 10:58 - WARNING - first_pkt_count, first_gps_count, first_pkt_Tstamp
18-09-2025 10:58 - WARNING - 55300752 53124 2025-09-18T04:37:41.692282
18-09-2025 10:58 - WARNING - last_pkt_count, last_gps_count, last_pkt_Tstamp
18-09-2025 10:58 - WARNING - 57183294 53153 2025-09-18T04:38:10.900236
18-09-2025 10:58 - WARNING - diff_pkt_count  , diff_gps_count ,  diff_pkt_timstamp
18-09-2025 10:58 - WARNING - 1882542 29 29207954 microseconds
18-09-2025 10:58 - WARNING - No packet loss: /data/dsp/GBD_TRANSIENT_BUFFER/J1921+2153/18_09_2025/PDR_GULP_data002.pcap_18_09_2025_10_08_1758170323.PCAP_PDR
18-09-2025 10:58 - WARNING - first_pkt_count, first_gps_count, first_pkt_Tstamp
18-09-2025 10:58 - WARNING - 57183295 53153 2025-09-18T04:38:10.900236
18-09-2025 10:58 - WARNING - last_pkt_count, last_gps_count, last_pkt_Tstamp
18-09-2025 10:58 - WARNING - 59065836 53188 2025-09-18T04:38:40.108141
18-09-2025 10:58 - WARNING - diff_pkt_count  , diff_gps_count ,  diff_pkt_timstamp
18-09-2025 10:58 - WARNING - 1882541 35 29207905 microseconds
18-09-2025 10:58 - WARNING - No packet loss: /data/dsp/GBD_TRANSIENT_BUFFER/J1921+2153/18_09_2025/PDR_GULP_data000.pcap_18_09_2025_10_09_1758170352.PCAP_PDR
18-09-2025 10:58 - WARNING - first_pkt_count, first_gps_count, first_pkt_Tstamp
18-09-2025 10:58 - WARNING - 59065837 53188 2025-09-18T04:38:40.108193
18-09-2025 10:58 - WARNING - last_pkt_count, last_gps_count, last_pkt_Tstamp
18-09-2025 10:58 - WARNING - 60948378 53221 2025-09-18T04:39:09.316126
18-09-2025 10:58 - WARNING - diff_pkt_count  , diff_gps_count ,  diff_pkt_timstamp
18-09-2025 10:58 - WARNING - 1882541 33 29207933 microseconds
18-09-2025 10:58 - WARNING - No packet loss: /data/dsp/GBD_TRANSIENT_BUFFER/J1921+2153/18_09_2025/PDR_GULP_data001.pcap_18_09_2025_10_09_1758170381.PCAP_PDR
18-09-2025 10:58 - WARNING - first_pkt_count, first_gps_count, first_pkt_Tstamp
18-09-2025 10:58 - WARNING - 60948379 53221 2025-09-18T04:39:09.316126
18-09-2025 10:58 - WARNING - last_pkt_count, last_gps_count, last_pkt_Tstamp
18-09-2025 10:58 - WARNING - 62830920 53254 2025-09-18T04:39:38.524018
18-09-2025 10:58 - WARNING - diff_pkt_count  , diff_gps_count ,  diff_pkt_timstamp
18-09-2025 10:58 - WARNING - 1882541 33 29207892 microseconds
18-09-2025 10:58 - WARNING - No packet loss: /data/dsp/GBD_TRANSIENT_BUFFER/J1921+2153/18_09_2025/PDR_GULP_data002.pcap_18_09_2025_10_10_1758170410.PCAP_PDR
18-09-2025 10:58 - WARNING - first_pkt_count, first_gps_count, first_pkt_Tstamp
18-09-2025 10:58 - WARNING - 62830921 53254 2025-09-18T04:39:38.524018
18-09-2025 10:58 - WARNING - last_pkt_count, last_gps_count, last_pkt_Tstamp
18-09-2025 10:58 - WARNING - 64713462 53284 2025-09-18T04:40:07.731913
18-09-2025 10:58 - WARNING - diff_pkt_count  , diff_gps_count ,  diff_pkt_timstamp
18-09-2025 10:58 - WARNING - 1882541 30 29207895 microseconds
18-09-2025 10:58 - WARNING - No packet loss: /data/dsp/GBD_TRANSIENT_BUFFER/J1921+2153/18_09_2025/PDR_GULP_data000.pcap_18_09_2025_10_10_1758170439.PCAP_PDR
18-09-2025 10:58 - WARNING - first_pkt_count, first_gps_count, first_pkt_Tstamp
18-09-2025 10:58 - WARNING - 64713463 53284 2025-09-18T04:40:07.731966
18-09-2025 10:58 - WARNING - last_pkt_count, last_gps_count, last_pkt_Tstamp
18-09-2025 10:58 - WARNING - 66596004 53316 2025-09-18T04:40:36.939867
18-09-2025 10:58 - WARNING - diff_pkt_count  , diff_gps_count ,  diff_pkt_timstamp
18-09-2025 10:58 - WARNING - 1882541 32 29207901 microseconds
18-09-2025 10:58 - WARNING - No packet loss: /data/dsp/GBD_TRANSIENT_BUFFER/J1921+2153/18_09_2025/PDR_GULP_data001.pcap_18_09_2025_10_11_1758170469.PCAP_PDR
18-09-2025 10:58 - WARNING - first_pkt_count, first_gps_count, first_pkt_Tstamp
18-09-2025 10:58 - WARNING - 66596005 53316 2025-09-18T04:40:36.939867
18-09-2025 10:58 - WARNING - last_pkt_count, last_gps_count, last_pkt_Tstamp
18-09-2025 10:58 - WARNING - 68478547 53348 2025-09-18T04:41:06.147799
18-09-2025 10:58 - WARNING - diff_pkt_count  , diff_gps_count ,  diff_pkt_timstamp
18-09-2025 10:58 - WARNING - 1882542 32 29207932 microseconds
18-09-2025 10:58 - WARNING - No packet loss: /data/dsp/GBD_TRANSIENT_BUFFER/J1921+2153/18_09_2025/PDR_GULP_data002.pcap_18_09_2025_10_11_1758170498.PCAP_PDR
18-09-2025 10:58 - WARNING - first_pkt_count, first_gps_count, first_pkt_Tstamp
18-09-2025 10:58 - WARNING - 68478548 53348 2025-09-18T04:41:06.147799
18-09-2025 10:58 - WARNING - last_pkt_count, last_gps_count, last_pkt_Tstamp
18-09-2025 10:58 - WARNING - 70361089 53381 2025-09-18T04:41:35.355755
18-09-2025 10:58 - WARNING - diff_pkt_count  , diff_gps_count ,  diff_pkt_timstamp
18-09-2025 10:58 - WARNING - 1882541 33 29207956 microseconds
18-09-2025 10:58 - WARNING - No packet loss: /data/dsp/GBD_TRANSIENT_BUFFER/J1921+2153/18_09_2025/PDR_GULP_data000.pcap_18_09_2025_10_12_1758170527.PCAP_PDR
18-09-2025 10:58 - WARNING - first_pkt_count, first_gps_count, first_pkt_Tstamp
18-09-2025 10:58 - WARNING - 70361090 53381 2025-09-18T04:41:35.355755
18-09-2025 10:58 - WARNING - last_pkt_count, last_gps_count, last_pkt_Tstamp
18-09-2025 10:58 - WARNING - 72243631 53415 2025-09-18T04:42:04.563629
18-09-2025 10:58 - WARNING - diff_pkt_count  , diff_gps_count ,  diff_pkt_timstamp
18-09-2025 10:58 - WARNING - 1882541 34 29207874 microseconds
18-09-2025 10:58 - WARNING - No packet loss: /data/dsp/GBD_TRANSIENT_BUFFER/J1921+2153/18_09_2025/PDR_GULP_data001.pcap_18_09_2025_10_12_1758170556.PCAP_PDR
18-09-2025 10:58 - WARNING - first_pkt_count, first_gps_count, first_pkt_Tstamp
18-09-2025 10:58 - WARNING - 72243632 53415 2025-09-18T04:42:04.563682
18-09-2025 10:58 - WARNING - last_pkt_count, last_gps_count, last_pkt_Tstamp
18-09-2025 10:58 - WARNING - 74126173 53446 2025-09-18T04:42:33.771560
18-09-2025 10:58 - WARNING - diff_pkt_count  , diff_gps_count ,  diff_pkt_timstamp
18-09-2025 10:58 - WARNING - 1882541 31 29207878 microseconds
18-09-2025 10:58 - WARNING - No packet loss: /data/dsp/GBD_TRANSIENT_BUFFER/J1921+2153/18_09_2025/PDR_GULP_data002.pcap_18_09_2025_10_13_1758170585.PCAP_PDR
18-09-2025 10:58 - WARNING - first_pkt_count, first_gps_count, first_pkt_Tstamp
18-09-2025 10:58 - WARNING - 74126174 53446 2025-09-18T04:42:33.771612
18-09-2025 10:58 - WARNING - last_pkt_count, last_gps_count, last_pkt_Tstamp
18-09-2025 10:58 - WARNING - 76008715 53480 2025-09-18T04:43:02.979559
18-09-2025 10:58 - WARNING - diff_pkt_count  , diff_gps_count ,  diff_pkt_timstamp
18-09-2025 10:58 - WARNING - 1882541 34 29207947 microseconds
18-09-2025 10:58 - WARNING - No packet loss: /data/dsp/GBD_TRANSIENT_BUFFER/J1921+2153/18_09_2025/PDR_GULP_data000.pcap_18_09_2025_10_13_1758170615.PCAP_PDR
18-09-2025 10:58 - WARNING - first_pkt_count, first_gps_count, first_pkt_Tstamp
18-09-2025 10:58 - WARNING - 76008716 53480 2025-09-18T04:43:02.979559
18-09-2025 10:58 - WARNING - last_pkt_count, last_gps_count, last_pkt_Tstamp
18-09-2025 10:58 - WARNING - 77891257 53513 2025-09-18T04:43:32.187427
18-09-2025 10:58 - WARNING - diff_pkt_count  , diff_gps_count ,  diff_pkt_timstamp
18-09-2025 10:58 - WARNING - 1882541 33 29207868 microseconds
18-09-2025 10:58 - WARNING - No packet loss: /data/dsp/GBD_TRANSIENT_BUFFER/J1921+2153/18_09_2025/PDR_GULP_data001.pcap_18_09_2025_10_14_1758170644.PCAP_PDR
18-09-2025 10:58 - WARNING - first_pkt_count, first_gps_count, first_pkt_Tstamp
18-09-2025 10:58 - WARNING - 77891258 53513 2025-09-18T04:43:32.187427
18-09-2025 10:58 - WARNING - last_pkt_count, last_gps_count, last_pkt_Tstamp
18-09-2025 10:58 - WARNING - 79773800 53545 2025-09-18T04:44:01.395372
18-09-2025 10:58 - WARNING - diff_pkt_count  , diff_gps_count ,  diff_pkt_timstamp
18-09-2025 10:58 - WARNING - 1882542 32 29207945 microseconds
18-09-2025 10:58 - WARNING - No packet loss: /data/dsp/GBD_TRANSIENT_BUFFER/J1921+2153/18_09_2025/PDR_GULP_data002.pcap_18_09_2025_10_14_1758170673.PCAP_PDR
18-09-2025 10:58 - WARNING - first_pkt_count, first_gps_count, first_pkt_Tstamp
18-09-2025 10:58 - WARNING - 79773801 53545 2025-09-18T04:44:01.395372
18-09-2025 10:58 - WARNING - last_pkt_count, last_gps_count, last_pkt_Tstamp
18-09-2025 10:58 - WARNING - 81656342 53577 2025-09-18T04:44:30.603266
18-09-2025 10:58 - WARNING - diff_pkt_count  , diff_gps_count ,  diff_pkt_timstamp
18-09-2025 10:58 - WARNING - 1882541 32 29207894 microseconds
18-09-2025 10:58 - WARNING - No packet loss: /data/dsp/GBD_TRANSIENT_BUFFER/J1921+2153/18_09_2025/PDR_GULP_data000.pcap_18_09_2025_10_15_1758170702.PCAP_PDR
18-09-2025 10:58 - WARNING - first_pkt_count, first_gps_count, first_pkt_Tstamp
18-09-2025 10:58 - WARNING - 81656343 53577 2025-09-18T04:44:30.603266
18-09-2025 10:58 - WARNING - last_pkt_count, last_gps_count, last_pkt_Tstamp
18-09-2025 10:58 - WARNING - 83538884 53607 2025-09-18T04:44:59.811199
18-09-2025 10:58 - WARNING - diff_pkt_count  , diff_gps_count ,  diff_pkt_timstamp
18-09-2025 10:58 - WARNING - 1882541 30 29207933 microseconds
18-09-2025 10:58 - WARNING - No packet loss: /data/dsp/GBD_TRANSIENT_BUFFER/J1921+2153/18_09_2025/PDR_GULP_data001.pcap_18_09_2025_10_15_1758170732.PCAP_PDR
18-09-2025 10:58 - WARNING - first_pkt_count, first_gps_count, first_pkt_Tstamp
18-09-2025 10:58 - WARNING - 83538885 53607 2025-09-18T04:44:59.811199
18-09-2025 10:58 - WARNING - last_pkt_count, last_gps_count, last_pkt_Tstamp
18-09-2025 10:58 - WARNING - 85421426 53640 2025-09-18T04:45:29.019123
18-09-2025 10:58 - WARNING - diff_pkt_count  , diff_gps_count ,  diff_pkt_timstamp
18-09-2025 10:58 - WARNING - 1882541 33 29207924 microseconds
18-09-2025 10:58 - WARNING - No packet loss: /data/dsp/GBD_TRANSIENT_BUFFER/J1921+2153/18_09_2025/PDR_GULP_data002.pcap_18_09_2025_10_16_1758170761.PCAP_PDR
18-09-2025 10:58 - WARNING - first_pkt_count, first_gps_count, first_pkt_Tstamp
18-09-2025 10:58 - WARNING - 85421427 53640 2025-09-18T04:45:29.019123
18-09-2025 10:58 - WARNING - last_pkt_count, last_gps_count, last_pkt_Tstamp
18-09-2025 10:58 - WARNING - 87303968 53672 2025-09-18T04:45:58.227025
18-09-2025 10:58 - WARNING - diff_pkt_count  , diff_gps_count ,  diff_pkt_timstamp
18-09-2025 10:58 - WARNING - 1882541 32 29207902 microseconds
18-09-2025 10:58 - WARNING - No packet loss: /data/dsp/GBD_TRANSIENT_BUFFER/J1921+2153/18_09_2025/PDR_GULP_data000.pcap_18_09_2025_10_16_1758170790.PCAP_PDR
18-09-2025 10:58 - WARNING - first_pkt_count, first_gps_count, first_pkt_Tstamp
18-09-2025 10:58 - WARNING - 87303969 53672 2025-09-18T04:45:58.227025
18-09-2025 10:58 - WARNING - last_pkt_count, last_gps_count, last_pkt_Tstamp
18-09-2025 10:58 - WARNING - 89186510 53706 2025-09-18T04:46:27.434917
18-09-2025 10:58 - WARNING - diff_pkt_count  , diff_gps_count ,  diff_pkt_timstamp
18-09-2025 10:58 - WARNING - 1882541 34 29207892 microseconds
18-09-2025 10:58 - WARNING - No packet loss: /data/dsp/GBD_TRANSIENT_BUFFER/J1921+2153/18_09_2025/PDR_GULP_data001.pcap_18_09_2025_10_16_1758170819.PCAP_PDR
18-09-2025 10:58 - WARNING - first_pkt_count, first_gps_count, first_pkt_Tstamp
18-09-2025 10:58 - WARNING - 89186511 53706 2025-09-18T04:46:27.434917
18-09-2025 10:58 - WARNING - last_pkt_count, last_gps_count, last_pkt_Tstamp
18-09-2025 10:58 - WARNING - 91069053 53737 2025-09-18T04:46:56.642859
18-09-2025 10:58 - WARNING - diff_pkt_count  , diff_gps_count ,  diff_pkt_timstamp
18-09-2025 10:58 - WARNING - 1882542 31 29207942 microseconds
18-09-2025 10:58 - WARNING - No packet loss: /data/dsp/GBD_TRANSIENT_BUFFER/J1921+2153/18_09_2025/PDR_GULP_data002.pcap_18_09_2025_10_17_1758170848.PCAP_PDR
18-09-2025 10:58 - WARNING - first_pkt_count, first_gps_count, first_pkt_Tstamp
18-09-2025 10:58 - WARNING - 91069054 53737 2025-09-18T04:46:56.642948
18-09-2025 10:58 - WARNING - last_pkt_count, last_gps_count, last_pkt_Tstamp
18-09-2025 10:58 - WARNING - 92951595 53767 2025-09-18T04:47:25.850846
18-09-2025 10:58 - WARNING - diff_pkt_count  , diff_gps_count ,  diff_pkt_timstamp
18-09-2025 10:58 - WARNING - 1882541 30 29207898 microseconds
18-09-2025 10:58 - WARNING - No packet loss: /data/dsp/GBD_TRANSIENT_BUFFER/J1921+2153/18_09_2025/PDR_GULP_data000.pcap_18_09_2025_10_17_1758170878.PCAP_PDR
18-09-2025 10:58 - WARNING - first_pkt_count, first_gps_count, first_pkt_Tstamp
18-09-2025 10:58 - WARNING - 92951596 53767 2025-09-18T04:47:25.850846
18-09-2025 10:58 - WARNING - last_pkt_count, last_gps_count, last_pkt_Tstamp
18-09-2025 10:58 - WARNING - 94834137 53803 2025-09-18T04:47:55.058697
18-09-2025 10:58 - WARNING - diff_pkt_count  , diff_gps_count ,  diff_pkt_timstamp
18-09-2025 10:58 - WARNING - 1882541 36 29207851 microseconds
18-09-2025 10:58 - WARNING - No packet loss: /data/dsp/GBD_TRANSIENT_BUFFER/J1921+2153/18_09_2025/PDR_GULP_data001.pcap_18_09_2025_10_18_1758170907.PCAP_PDR
18-09-2025 10:58 - WARNING - first_pkt_count, first_gps_count, first_pkt_Tstamp
18-09-2025 10:58 - WARNING - 94834138 53803 2025-09-18T04:47:55.058697
18-09-2025 10:58 - WARNING - last_pkt_count, last_gps_count, last_pkt_Tstamp
18-09-2025 10:58 - WARNING - 96716679 53836 2025-09-18T04:48:24.266618
18-09-2025 10:58 - WARNING - diff_pkt_count  , diff_gps_count ,  diff_pkt_timstamp
18-09-2025 10:58 - WARNING - 1882541 33 29207921 microseconds
18-09-2025 10:58 - WARNING - No packet loss: /data/dsp/GBD_TRANSIENT_BUFFER/J1921+2153/18_09_2025/PDR_GULP_data002.pcap_18_09_2025_10_18_1758170936.PCAP_PDR
18-09-2025 10:58 - WARNING - first_pkt_count, first_gps_count, first_pkt_Tstamp
18-09-2025 10:58 - WARNING - 96716680 53836 2025-09-18T04:48:24.266619
18-09-2025 10:58 - WARNING - last_pkt_count, last_gps_count, last_pkt_Tstamp
18-09-2025 10:58 - WARNING - 98599221 53867 2025-09-18T04:48:53.474523
18-09-2025 10:58 - WARNING - diff_pkt_count  , diff_gps_count ,  diff_pkt_timstamp
18-09-2025 10:58 - WARNING - 1882541 31 29207904 microseconds
18-09-2025 10:58 - WARNING - No packet loss: /data/dsp/GBD_TRANSIENT_BUFFER/J1921+2153/18_09_2025/PDR_GULP_data000.pcap_18_09_2025_10_19_1758170965.PCAP_PDR
18-09-2025 10:58 - WARNING - first_pkt_count, first_gps_count, first_pkt_Tstamp
18-09-2025 10:58 - WARNING - 98599222 53867 2025-09-18T04:48:53.474613
18-09-2025 10:58 - WARNING - last_pkt_count, last_gps_count, last_pkt_Tstamp
18-09-2025 10:58 - WARNING - 100481763 53897 2025-09-18T04:49:22.683352
18-09-2025 10:58 - WARNING - diff_pkt_count  , diff_gps_count ,  diff_pkt_timstamp
18-09-2025 10:58 - WARNING - 1882541 30 29208739 microseconds
18-09-2025 10:58 - WARNING - No packet loss: /data/dsp/GBD_TRANSIENT_BUFFER/J1921+2153/18_09_2025/PDR_GULP_data001.pcap_18_09_2025_10_19_1758170994.PCAP_PDR
18-09-2025 10:58 - WARNING - first_pkt_count, first_gps_count, first_pkt_Tstamp
18-09-2025 10:58 - WARNING - 100481764 53897 2025-09-18T04:49:22.683352
18-09-2025 10:58 - WARNING - last_pkt_count, last_gps_count, last_pkt_Tstamp
18-09-2025 10:58 - WARNING - 102364306 53927 2025-09-18T04:49:51.892443
18-09-2025 10:58 - WARNING - diff_pkt_count  , diff_gps_count ,  diff_pkt_timstamp
18-09-2025 10:58 - WARNING - 1882542 30 29209091 microseconds
18-09-2025 10:58 - WARNING - No packet loss: /data/dsp/GBD_TRANSIENT_BUFFER/J1921+2153/18_09_2025/PDR_GULP_data002.pcap_18_09_2025_10_20_1758171024.PCAP_PDR
18-09-2025 10:58 - WARNING - first_pkt_count, first_gps_count, first_pkt_Tstamp
18-09-2025 10:58 - WARNING - 102364307 53927 2025-09-18T04:49:51.892532
18-09-2025 10:58 - WARNING - last_pkt_count, last_gps_count, last_pkt_Tstamp
18-09-2025 10:58 - WARNING - 104246848 53961 2025-09-18T04:50:21.101554
18-09-2025 10:58 - WARNING - diff_pkt_count  , diff_gps_count ,  diff_pkt_timstamp
18-09-2025 10:58 - WARNING - 1882541 34 29209022 microseconds
18-09-2025 10:58 - WARNING - No packet loss: /data/dsp/GBD_TRANSIENT_BUFFER/J1921+2153/18_09_2025/PDR_GULP_data000.pcap_18_09_2025_10_20_1758171053.PCAP_PDR
18-09-2025 10:58 - WARNING - first_pkt_count, first_gps_count, first_pkt_Tstamp
18-09-2025 10:58 - WARNING - 104246849 53961 2025-09-18T04:50:21.101554
18-09-2025 10:58 - WARNING - last_pkt_count, last_gps_count, last_pkt_Tstamp
18-09-2025 10:58 - WARNING - 106129390 53993 2025-09-18T04:50:50.310506
18-09-2025 10:58 - WARNING - diff_pkt_count  , diff_gps_count ,  diff_pkt_timstamp
18-09-2025 10:58 - WARNING - 1882541 32 29208952 microseconds
18-09-2025 10:58 - WARNING - No packet loss: /data/dsp/GBD_TRANSIENT_BUFFER/J1921+2153/18_09_2025/PDR_GULP_data001.pcap_18_09_2025_10_21_1758171082.PCAP_PDR
18-09-2025 10:58 - WARNING - first_pkt_count, first_gps_count, first_pkt_Tstamp
18-09-2025 10:58 - WARNING - 106129391 53993 2025-09-18T04:50:50.310506
18-09-2025 10:58 - WARNING - last_pkt_count, last_gps_count, last_pkt_Tstamp
18-09-2025 10:58 - WARNING - 108011932 54026 2025-09-18T04:51:19.519459
18-09-2025 10:58 - WARNING - diff_pkt_count  , diff_gps_count ,  diff_pkt_timstamp
18-09-2025 10:58 - WARNING - 1882541 33 29208953 microseconds
18-09-2025 10:58 - WARNING - No packet loss: /data/dsp/GBD_TRANSIENT_BUFFER/J1921+2153/18_09_2025/PDR_GULP_data002.pcap_18_09_2025_10_21_1758171111.PCAP_PDR
18-09-2025 10:58 - WARNING - first_pkt_count, first_gps_count, first_pkt_Tstamp
18-09-2025 10:58 - WARNING - 108011933 54026 2025-09-18T04:51:19.519460
18-09-2025 10:58 - WARNING - last_pkt_count, last_gps_count, last_pkt_Tstamp
18-09-2025 10:58 - WARNING - 109894474 54059 2025-09-18T04:51:48.728327
18-09-2025 10:58 - WARNING - diff_pkt_count  , diff_gps_count ,  diff_pkt_timstamp
18-09-2025 10:58 - WARNING - 1882541 33 29208867 microseconds
18-09-2025 10:58 - WARNING - No packet loss: /data/dsp/GBD_TRANSIENT_BUFFER/J1921+2153/18_09_2025/PDR_GULP_data000.pcap_18_09_2025_10_22_1758171140.PCAP_PDR
18-09-2025 10:58 - WARNING - first_pkt_count, first_gps_count, first_pkt_Tstamp
18-09-2025 10:58 - WARNING - 109894475 54059 2025-09-18T04:51:48.728377
18-09-2025 10:58 - WARNING - last_pkt_count, last_gps_count, last_pkt_Tstamp
18-09-2025 10:58 - WARNING - 111777016 54095 2025-09-18T04:52:17.937234
18-09-2025 10:58 - WARNING - diff_pkt_count  , diff_gps_count ,  diff_pkt_timstamp
18-09-2025 10:58 - WARNING - 1882541 36 29208857 microseconds
18-09-2025 10:58 - WARNING - No packet loss: /data/dsp/GBD_TRANSIENT_BUFFER/J1921+2153/18_09_2025/PDR_GULP_data001.pcap_18_09_2025_10_22_1758171170.PCAP_PDR
18-09-2025 10:58 - WARNING - first_pkt_count, first_gps_count, first_pkt_Tstamp
18-09-2025 10:58 - WARNING - 111777017 54095 2025-09-18T04:52:17.937234
18-09-2025 10:58 - WARNING - last_pkt_count, last_gps_count, last_pkt_Tstamp
18-09-2025 10:58 - WARNING - 113659559 54131 2025-09-18T04:52:47.146043
18-09-2025 10:58 - WARNING - diff_pkt_count  , diff_gps_count ,  diff_pkt_timstamp
18-09-2025 10:58 - WARNING - 1882542 36 29208809 microseconds
18-09-2025 10:58 - WARNING - No packet loss: /data/dsp/GBD_TRANSIENT_BUFFER/J1921+2153/18_09_2025/PDR_GULP_data002.pcap_18_09_2025_10_23_1758171199.PCAP_PDR
18-09-2025 10:58 - WARNING - first_pkt_count, first_gps_count, first_pkt_Tstamp
18-09-2025 10:58 - WARNING - 113659560 54131 2025-09-18T04:52:47.146043
18-09-2025 10:58 - WARNING - last_pkt_count, last_gps_count, last_pkt_Tstamp
18-09-2025 10:58 - WARNING - 115542101 54162 2025-09-18T04:53:16.354886
18-09-2025 10:58 - WARNING - diff_pkt_count  , diff_gps_count ,  diff_pkt_timstamp
18-09-2025 10:58 - WARNING - 1882541 31 29208843 microseconds
18-09-2025 10:58 - WARNING - No packet loss: /data/dsp/GBD_TRANSIENT_BUFFER/J1921+2153/18_09_2025/PDR_GULP_data000.pcap_18_09_2025_10_23_1758171228.PCAP_PDR
18-09-2025 10:58 - WARNING - first_pkt_count, first_gps_count, first_pkt_Tstamp
18-09-2025 10:58 - WARNING - 115542102 54162 2025-09-18T04:53:16.354886
18-09-2025 10:58 - WARNING - last_pkt_count, last_gps_count, last_pkt_Tstamp
18-09-2025 10:58 - WARNING - 117424643 54195 2025-09-18T04:53:45.563568
18-09-2025 10:58 - WARNING - diff_pkt_count  , diff_gps_count ,  diff_pkt_timstamp
18-09-2025 10:58 - WARNING - 1882541 33 29208682 microseconds
18-09-2025 10:58 - WARNING - No packet loss: /data/dsp/GBD_TRANSIENT_BUFFER/J1921+2153/18_09_2025/PDR_GULP_data001.pcap_18_09_2025_10_24_1758171257.PCAP_PDR
18-09-2025 10:58 - WARNING - first_pkt_count, first_gps_count, first_pkt_Tstamp
18-09-2025 10:58 - WARNING - 117424644 54195 2025-09-18T04:53:45.563569
18-09-2025 10:58 - WARNING - last_pkt_count, last_gps_count, last_pkt_Tstamp
18-09-2025 10:58 - WARNING - 119307185 54227 2025-09-18T04:54:14.772230
18-09-2025 10:58 - WARNING - diff_pkt_count  , diff_gps_count ,  diff_pkt_timstamp
18-09-2025 10:58 - WARNING - 1882541 32 29208661 microseconds
18-09-2025 10:58 - WARNING - No packet loss: /data/dsp/GBD_TRANSIENT_BUFFER/J1921+2153/18_09_2025/PDR_GULP_data002.pcap_18_09_2025_10_24_1758171286.PCAP_PDR
18-09-2025 10:58 - WARNING - first_pkt_count, first_gps_count, first_pkt_Tstamp
18-09-2025 10:58 - WARNING - 119307186 54227 2025-09-18T04:54:14.772284
18-09-2025 10:58 - WARNING - last_pkt_count, last_gps_count, last_pkt_Tstamp
18-09-2025 10:58 - WARNING - 121189727 54258 2025-09-18T04:54:43.980908
18-09-2025 10:58 - WARNING - diff_pkt_count  , diff_gps_count ,  diff_pkt_timstamp
18-09-2025 10:58 - WARNING - 1882541 31 29208624 microseconds
18-09-2025 10:58 - WARNING - No packet loss: /data/dsp/GBD_TRANSIENT_BUFFER/J1921+2153/18_09_2025/PDR_GULP_data000.pcap_18_09_2025_10_25_1758171316.PCAP_PDR
18-09-2025 10:58 - WARNING - first_pkt_count, first_gps_count, first_pkt_Tstamp
18-09-2025 10:58 - WARNING - 121189728 54258 2025-09-18T04:54:43.980973
18-09-2025 10:58 - WARNING - last_pkt_count, last_gps_count, last_pkt_Tstamp
18-09-2025 10:58 - WARNING - 123072270 54290 2025-09-18T04:55:13.189578
18-09-2025 10:58 - WARNING - diff_pkt_count  , diff_gps_count ,  diff_pkt_timstamp
18-09-2025 10:58 - WARNING - 1882542 32 29208605 microseconds
18-09-2025 10:58 - WARNING - No packet loss: /data/dsp/GBD_TRANSIENT_BUFFER/J1921+2153/18_09_2025/PDR_GULP_data001.pcap_18_09_2025_10_25_1758171345.PCAP_PDR
18-09-2025 10:58 - WARNING - first_pkt_count, first_gps_count, first_pkt_Tstamp
18-09-2025 10:58 - WARNING - 123072271 54290 2025-09-18T04:55:13.189578
18-09-2025 10:58 - WARNING - last_pkt_count, last_gps_count, last_pkt_Tstamp
18-09-2025 10:58 - WARNING - 124954812 54321 2025-09-18T04:55:42.398188
18-09-2025 10:58 - WARNING - diff_pkt_count  , diff_gps_count ,  diff_pkt_timstamp
18-09-2025 10:58 - WARNING - 1882541 31 29208610 microseconds
18-09-2025 10:58 - WARNING - No packet loss: /data/dsp/GBD_TRANSIENT_BUFFER/J1921+2153/18_09_2025/PDR_GULP_data002.pcap_18_09_2025_10_26_1758171374.PCAP_PDR
18-09-2025 10:58 - WARNING - first_pkt_count, first_gps_count, first_pkt_Tstamp
18-09-2025 10:58 - WARNING - 124954813 54321 2025-09-18T04:55:42.398241
18-09-2025 10:58 - WARNING - last_pkt_count, last_gps_count, last_pkt_Tstamp
18-09-2025 10:58 - WARNING - 126837354 54353 2025-09-18T04:56:11.606844
18-09-2025 10:58 - WARNING - diff_pkt_count  , diff_gps_count ,  diff_pkt_timstamp
18-09-2025 10:58 - WARNING - 1882541 32 29208603 microseconds
18-09-2025 10:58 - WARNING - No packet loss: /data/dsp/GBD_TRANSIENT_BUFFER/J1921+2153/18_09_2025/PDR_GULP_data000.pcap_18_09_2025_10_26_1758171403.PCAP_PDR
18-09-2025 10:58 - WARNING - first_pkt_count, first_gps_count, first_pkt_Tstamp
18-09-2025 10:58 - WARNING - 126837355 54353 2025-09-18T04:56:11.606845
18-09-2025 10:58 - WARNING - last_pkt_count, last_gps_count, last_pkt_Tstamp
18-09-2025 10:58 - WARNING - 128719896 54385 2025-09-18T04:56:40.815359
18-09-2025 10:58 - WARNING - diff_pkt_count  , diff_gps_count ,  diff_pkt_timstamp
18-09-2025 10:58 - WARNING - 1882541 32 29208514 microseconds
18-09-2025 10:58 - WARNING - No packet loss: /data/dsp/GBD_TRANSIENT_BUFFER/J1921+2153/18_09_2025/PDR_GULP_data001.pcap_18_09_2025_10_27_1758171433.PCAP_PDR
18-09-2025 10:58 - WARNING - first_pkt_count, first_gps_count, first_pkt_Tstamp
18-09-2025 10:58 - WARNING - 128719897 54385 2025-09-18T04:56:40.815359
18-09-2025 10:58 - WARNING - last_pkt_count, last_gps_count, last_pkt_Tstamp
18-09-2025 10:58 - WARNING - 130602438 54418 2025-09-18T04:57:10.023847
18-09-2025 10:58 - WARNING - diff_pkt_count  , diff_gps_count ,  diff_pkt_timstamp
18-09-2025 10:58 - WARNING - 1882541 33 29208488 microseconds
18-09-2025 10:58 - WARNING - No packet loss: /data/dsp/GBD_TRANSIENT_BUFFER/J1921+2153/18_09_2025/PDR_GULP_data002.pcap_18_09_2025_10_27_1758171462.PCAP_PDR
18-09-2025 10:58 - WARNING - first_pkt_count, first_gps_count, first_pkt_Tstamp
18-09-2025 10:58 - WARNING - 130602439 54418 2025-09-18T04:57:10.023847
18-09-2025 10:58 - WARNING - last_pkt_count, last_gps_count, last_pkt_Tstamp
18-09-2025 10:58 - WARNING - 132484980 54449 2025-09-18T04:57:39.232382
18-09-2025 10:58 - WARNING - diff_pkt_count  , diff_gps_count ,  diff_pkt_timstamp
18-09-2025 10:58 - WARNING - 1882541 31 29208535 microseconds
18-09-2025 10:58 - WARNING - No packet loss: /data/dsp/GBD_TRANSIENT_BUFFER/J1921+2153/18_09_2025/PDR_GULP_data000.pcap_18_09_2025_10_28_1758171491.PCAP_PDR
18-09-2025 10:58 - WARNING - first_pkt_count, first_gps_count, first_pkt_Tstamp
18-09-2025 10:58 - WARNING - 132484981 54449 2025-09-18T04:57:39.232382
18-09-2025 10:58 - WARNING - last_pkt_count, last_gps_count, last_pkt_Tstamp
18-09-2025 10:58 - WARNING - 134367523 54483 2025-09-18T04:58:08.440877
18-09-2025 10:58 - WARNING - diff_pkt_count  , diff_gps_count ,  diff_pkt_timstamp
18-09-2025 10:58 - WARNING - 1882542 34 29208495 microseconds
18-09-2025 10:58 - WARNING - No packet loss: /data/dsp/GBD_TRANSIENT_BUFFER/J1921+2153/18_09_2025/PDR_GULP_data001.pcap_18_09_2025_10_28_1758171520.PCAP_PDR
18-09-2025 10:58 - WARNING - first_pkt_count, first_gps_count, first_pkt_Tstamp
18-09-2025 10:58 - WARNING - 134367524 54483 2025-09-18T04:58:08.440877
18-09-2025 10:58 - WARNING - last_pkt_count, last_gps_count, last_pkt_Tstamp
18-09-2025 10:58 - WARNING - 136250065 54518 2025-09-18T04:58:37.649340
18-09-2025 10:58 - WARNING - diff_pkt_count  , diff_gps_count ,  diff_pkt_timstamp
18-09-2025 10:58 - WARNING - 1882541 35 29208463 microseconds
18-09-2025 10:58 - WARNING - No packet loss: /data/dsp/GBD_TRANSIENT_BUFFER/J1921+2153/18_09_2025/PDR_GULP_data002.pcap_18_09_2025_10_29_1758171549.PCAP_PDR
18-09-2025 10:58 - WARNING - first_pkt_count, first_gps_count, first_pkt_Tstamp
18-09-2025 10:58 - WARNING - 136250066 54518 2025-09-18T04:58:37.649340
18-09-2025 10:58 - WARNING - last_pkt_count, last_gps_count, last_pkt_Tstamp
18-09-2025 10:58 - WARNING - 138132607 54549 2025-09-18T04:59:06.857846
18-09-2025 10:58 - WARNING - diff_pkt_count  , diff_gps_count ,  diff_pkt_timstamp
18-09-2025 10:58 - WARNING - 1882541 31 29208506 microseconds
18-09-2025 10:58 - WARNING - No packet loss: /data/dsp/GBD_TRANSIENT_BUFFER/J1921+2153/18_09_2025/PDR_GULP_data000.pcap_18_09_2025_10_29_1758171579.PCAP_PDR
18-09-2025 10:58 - WARNING - first_pkt_count, first_gps_count, first_pkt_Tstamp
18-09-2025 10:58 - WARNING - 138132608 54549 2025-09-18T04:59:06.857846
18-09-2025 10:58 - WARNING - last_pkt_count, last_gps_count, last_pkt_Tstamp
18-09-2025 10:58 - WARNING - 140015149 54584 2025-09-18T04:59:36.066209
18-09-2025 10:58 - WARNING - diff_pkt_count  , diff_gps_count ,  diff_pkt_timstamp
18-09-2025 10:58 - WARNING - 1882541 35 29208363 microseconds
18-09-2025 10:58 - WARNING - No packet loss: /data/dsp/GBD_TRANSIENT_BUFFER/J1921+2153/18_09_2025/PDR_GULP_data001.pcap_18_09_2025_10_30_1758171608.PCAP_PDR
18-09-2025 10:58 - WARNING - first_pkt_count, first_gps_count, first_pkt_Tstamp
18-09-2025 10:58 - WARNING - 140015150 54584 2025-09-18T04:59:36.066209
18-09-2025 10:58 - WARNING - last_pkt_count, last_gps_count, last_pkt_Tstamp
18-09-2025 10:58 - WARNING - 141897691 54616 2025-09-18T05:00:05.274607
18-09-2025 10:58 - WARNING - diff_pkt_count  , diff_gps_count ,  diff_pkt_timstamp
18-09-2025 10:58 - WARNING - 1882541 32 29208398 microseconds
18-09-2025 10:58 - WARNING - No packet loss: /data/dsp/GBD_TRANSIENT_BUFFER/J1921+2153/18_09_2025/PDR_GULP_data002.pcap_18_09_2025_10_30_1758171637.PCAP_PDR
18-09-2025 10:58 - WARNING - first_pkt_count, first_gps_count, first_pkt_Tstamp
18-09-2025 10:58 - WARNING - 141897692 54616 2025-09-18T05:00:05.274607
18-09-2025 10:58 - WARNING - last_pkt_count, last_gps_count, last_pkt_Tstamp
18-09-2025 10:58 - WARNING - 143780233 54652 2025-09-18T05:00:34.483038
18-09-2025 10:58 - WARNING - diff_pkt_count  , diff_gps_count ,  diff_pkt_timstamp
18-09-2025 10:58 - WARNING - 1882541 36 29208431 microseconds
18-09-2025 10:58 - WARNING - No packet loss: /data/dsp/GBD_TRANSIENT_BUFFER/J1921+2153/18_09_2025/PDR_GULP_data000.pcap_18_09_2025_10_31_1758171666.PCAP_PDR
18-09-2025 10:58 - WARNING - first_pkt_count, first_gps_count, first_pkt_Tstamp
18-09-2025 10:58 - WARNING - 143780234 54652 2025-09-18T05:00:34.483039
18-09-2025 10:58 - WARNING - last_pkt_count, last_gps_count, last_pkt_Tstamp
18-09-2025 10:58 - WARNING - 145662776 54683 2025-09-18T05:01:03.691390
18-09-2025 10:58 - WARNING - diff_pkt_count  , diff_gps_count ,  diff_pkt_timstamp
18-09-2025 10:58 - WARNING - 1882542 31 29208351 microseconds
18-09-2025 10:58 - WARNING - No packet loss: /data/dsp/GBD_TRANSIENT_BUFFER/J1921+2153/18_09_2025/PDR_GULP_data001.pcap_18_09_2025_10_31_1758171695.PCAP_PDR
18-09-2025 10:58 - WARNING - first_pkt_count, first_gps_count, first_pkt_Tstamp
18-09-2025 10:58 - WARNING - 145662777 54683 2025-09-18T05:01:03.691390
18-09-2025 10:58 - WARNING - last_pkt_count, last_gps_count, last_pkt_Tstamp
18-09-2025 10:58 - WARNING - 147545318 54717 2025-09-18T05:01:32.899803
18-09-2025 10:58 - WARNING - diff_pkt_count  , diff_gps_count ,  diff_pkt_timstamp
18-09-2025 10:58 - WARNING - 1882541 34 29208413 microseconds
18-09-2025 10:58 - WARNING - No packet loss: /data/dsp/GBD_TRANSIENT_BUFFER/J1921+2153/18_09_2025/PDR_GULP_data002.pcap_18_09_2025_10_32_1758171725.PCAP_PDR
18-09-2025 10:58 - WARNING - first_pkt_count, first_gps_count, first_pkt_Tstamp
18-09-2025 10:58 - WARNING - 147545319 54717 2025-09-18T05:01:32.899803
18-09-2025 10:58 - WARNING - last_pkt_count, last_gps_count, last_pkt_Tstamp
18-09-2025 10:58 - WARNING - 149427860 54750 2025-09-18T05:02:02.108085
18-09-2025 10:58 - WARNING - diff_pkt_count  , diff_gps_count ,  diff_pkt_timstamp
18-09-2025 10:58 - WARNING - 1882541 33 29208282 microseconds
18-09-2025 10:58 - WARNING - No packet loss: /data/dsp/GBD_TRANSIENT_BUFFER/J1921+2153/18_09_2025/PDR_GULP_data000.pcap_18_09_2025_10_32_1758171754.PCAP_PDR
18-09-2025 10:58 - WARNING - first_pkt_count, first_gps_count, first_pkt_Tstamp
18-09-2025 10:58 - WARNING - 149427861 54750 2025-09-18T05:02:02.108086
18-09-2025 10:58 - WARNING - last_pkt_count, last_gps_count, last_pkt_Tstamp
18-09-2025 10:58 - WARNING - 151310402 54782 2025-09-18T05:02:31.316450
18-09-2025 10:58 - WARNING - diff_pkt_count  , diff_gps_count ,  diff_pkt_timstamp
18-09-2025 10:58 - WARNING - 1882541 32 29208364 microseconds
18-09-2025 10:58 - WARNING - No packet loss: /data/dsp/GBD_TRANSIENT_BUFFER/J1921+2153/18_09_2025/PDR_GULP_data001.pcap_18_09_2025_10_33_1758171783.PCAP_PDR
18-09-2025 10:58 - WARNING - first_pkt_count, first_gps_count, first_pkt_Tstamp
18-09-2025 10:58 - WARNING - 151310403 54782 2025-09-18T05:02:31.316450
18-09-2025 10:58 - WARNING - last_pkt_count, last_gps_count, last_pkt_Tstamp
18-09-2025 10:58 - WARNING - 153192944 54815 2025-09-18T05:03:00.524759
18-09-2025 10:58 - WARNING - diff_pkt_count  , diff_gps_count ,  diff_pkt_timstamp
18-09-2025 10:58 - WARNING - 1882541 33 29208309 microseconds
18-09-2025 10:58 - WARNING - No packet loss: /data/dsp/GBD_TRANSIENT_BUFFER/J1921+2153/18_09_2025/PDR_GULP_data002.pcap_18_09_2025_10_33_1758171812.PCAP_PDR
18-09-2025 10:58 - WARNING - first_pkt_count, first_gps_count, first_pkt_Tstamp
18-09-2025 10:58 - WARNING - 153192945 54815 2025-09-18T05:03:00.524759
18-09-2025 10:58 - WARNING - last_pkt_count, last_gps_count, last_pkt_Tstamp
18-09-2025 10:58 - WARNING - 155075486 54848 2025-09-18T05:03:29.733033
18-09-2025 10:58 - WARNING - diff_pkt_count  , diff_gps_count ,  diff_pkt_timstamp
18-09-2025 10:58 - WARNING - 1882541 33 29208274 microseconds
18-09-2025 10:58 - WARNING - No packet loss: /data/dsp/GBD_TRANSIENT_BUFFER/J1921+2153/18_09_2025/PDR_GULP_data000.pcap_18_09_2025_10_34_1758171841.PCAP_PDR
18-09-2025 10:58 - WARNING - first_pkt_count, first_gps_count, first_pkt_Tstamp
18-09-2025 10:58 - WARNING - 155075487 54848 2025-09-18T05:03:29.733098
18-09-2025 10:58 - WARNING - last_pkt_count, last_gps_count, last_pkt_Tstamp
18-09-2025 10:58 - WARNING - 156958029 54881 2025-09-18T05:03:58.941341
18-09-2025 10:58 - WARNING - diff_pkt_count  , diff_gps_count ,  diff_pkt_timstamp
18-09-2025 10:58 - WARNING - 1882542 33 29208243 microseconds
18-09-2025 10:58 - WARNING - No packet loss: /data/dsp/GBD_TRANSIENT_BUFFER/J1921+2153/18_09_2025/PDR_GULP_data001.pcap_18_09_2025_10_34_1758171871.PCAP_PDR
18-09-2025 10:58 - WARNING - first_pkt_count, first_gps_count, first_pkt_Tstamp
18-09-2025 10:58 - WARNING - 156958030 54881 2025-09-18T05:03:58.941393
18-09-2025 10:58 - WARNING - last_pkt_count, last_gps_count, last_pkt_Tstamp
18-09-2025 10:58 - WARNING - 158840571 54914 2025-09-18T05:04:28.149646
18-09-2025 10:58 - WARNING - diff_pkt_count  , diff_gps_count ,  diff_pkt_timstamp
18-09-2025 10:58 - WARNING - 1882541 33 29208253 microseconds
18-09-2025 10:58 - WARNING - No packet loss: /data/dsp/GBD_TRANSIENT_BUFFER/J1921+2153/18_09_2025/PDR_GULP_data002.pcap_18_09_2025_10_35_1758171900.PCAP_PDR
18-09-2025 10:58 - WARNING - first_pkt_count, first_gps_count, first_pkt_Tstamp
18-09-2025 10:58 - WARNING - 158840572 54914 2025-09-18T05:04:28.149647
18-09-2025 10:58 - WARNING - last_pkt_count, last_gps_count, last_pkt_Tstamp
18-09-2025 10:58 - WARNING - 160723113 54944 2025-09-18T05:04:57.357930
18-09-2025 10:58 - WARNING - diff_pkt_count  , diff_gps_count ,  diff_pkt_timstamp
18-09-2025 10:58 - WARNING - 1882541 30 29208283 microseconds
18-09-2025 10:58 - WARNING - No packet loss: /data/dsp/GBD_TRANSIENT_BUFFER/J1921+2153/18_09_2025/PDR_GULP_data000.pcap_18_09_2025_10_35_1758171929.PCAP_PDR
18-09-2025 10:58 - WARNING - first_pkt_count, first_gps_count, first_pkt_Tstamp
18-09-2025 10:58 - WARNING - 160723114 54944 2025-09-18T05:04:57.357983
18-09-2025 10:58 - WARNING - last_pkt_count, last_gps_count, last_pkt_Tstamp
18-09-2025 10:58 - WARNING - 162605655 54976 2025-09-18T05:05:26.566276
18-09-2025 10:58 - WARNING - diff_pkt_count  , diff_gps_count ,  diff_pkt_timstamp
18-09-2025 10:58 - WARNING - 1882541 32 29208293 microseconds
18-09-2025 10:58 - WARNING - No packet loss: /data/dsp/GBD_TRANSIENT_BUFFER/J1921+2153/18_09_2025/PDR_GULP_data001.pcap_18_09_2025_10_35_1758171958.PCAP_PDR
18-09-2025 10:58 - WARNING - first_pkt_count, first_gps_count, first_pkt_Tstamp
18-09-2025 10:58 - WARNING - 162605656 54976 2025-09-18T05:05:26.566277
18-09-2025 10:58 - WARNING - last_pkt_count, last_gps_count, last_pkt_Tstamp
18-09-2025 10:58 - WARNING - 164488197 55011 2025-09-18T05:05:55.774439
18-09-2025 10:58 - WARNING - diff_pkt_count  , diff_gps_count ,  diff_pkt_timstamp
18-09-2025 10:58 - WARNING - 1882541 35 29208162 microseconds
18-09-2025 10:58 - WARNING - No packet loss: /data/dsp/GBD_TRANSIENT_BUFFER/J1921+2153/18_09_2025/PDR_GULP_data002.pcap_18_09_2025_10_36_1758171987.PCAP_PDR
18-09-2025 10:58 - WARNING - first_pkt_count, first_gps_count, first_pkt_Tstamp
18-09-2025 10:58 - WARNING - 164488198 55011 2025-09-18T05:05:55.774492
18-09-2025 10:58 - WARNING - last_pkt_count, last_gps_count, last_pkt_Tstamp
18-09-2025 10:58 - WARNING - 166370739 55046 2025-09-18T05:06:24.982706
18-09-2025 10:58 - WARNING - diff_pkt_count  , diff_gps_count ,  diff_pkt_timstamp
18-09-2025 10:58 - WARNING - 1882541 35 29208214 microseconds
18-09-2025 10:58 - WARNING - No packet loss: /data/dsp/GBD_TRANSIENT_BUFFER/J1921+2153/18_09_2025/PDR_GULP_data000.pcap_18_09_2025_10_36_1758172017.PCAP_PDR
18-09-2025 10:58 - WARNING - first_pkt_count, first_gps_count, first_pkt_Tstamp
18-09-2025 10:58 - WARNING - 166370740 55046 2025-09-18T05:06:24.982759
18-09-2025 10:58 - WARNING - last_pkt_count, last_gps_count, last_pkt_Tstamp
18-09-2025 10:58 - WARNING - 168253282 55084 2025-09-18T05:06:54.190987
18-09-2025 10:58 - WARNING - diff_pkt_count  , diff_gps_count ,  diff_pkt_timstamp
18-09-2025 10:58 - WARNING - 1882542 38 29208228 microseconds
18-09-2025 10:58 - WARNING - No packet loss: /data/dsp/GBD_TRANSIENT_BUFFER/J1921+2153/18_09_2025/PDR_GULP_data001.pcap_18_09_2025_10_37_1758172046.PCAP_PDR
18-09-2025 10:58 - WARNING - first_pkt_count, first_gps_count, first_pkt_Tstamp
18-09-2025 10:58 - WARNING - 168253283 55084 2025-09-18T05:06:54.190988
18-09-2025 10:58 - WARNING - last_pkt_count, last_gps_count, last_pkt_Tstamp
18-09-2025 10:58 - WARNING - 170135824 55117 2025-09-18T05:07:23.399196
18-09-2025 10:58 - WARNING - diff_pkt_count  , diff_gps_count ,  diff_pkt_timstamp
18-09-2025 10:58 - WARNING - 1882541 33 29208208 microseconds
18-09-2025 10:58 - WARNING - No packet loss: /data/dsp/GBD_TRANSIENT_BUFFER/J1921+2153/18_09_2025/PDR_GULP_data002.pcap_18_09_2025_10_37_1758172075.PCAP_PDR
18-09-2025 10:58 - WARNING - first_pkt_count, first_gps_count, first_pkt_Tstamp
18-09-2025 10:58 - WARNING - 170135825 55117 2025-09-18T05:07:23.399197
18-09-2025 10:58 - WARNING - last_pkt_count, last_gps_count, last_pkt_Tstamp
18-09-2025 10:58 - WARNING - 172018366 55151 2025-09-18T05:07:52.607463
18-09-2025 10:58 - WARNING - diff_pkt_count  , diff_gps_count ,  diff_pkt_timstamp
18-09-2025 10:58 - WARNING - 1882541 34 29208266 microseconds
18-09-2025 10:58 - WARNING - No packet loss: /data/dsp/GBD_TRANSIENT_BUFFER/J1921+2153/18_09_2025/PDR_GULP_data000.pcap_18_09_2025_10_38_1758172104.PCAP_PDR
18-09-2025 10:58 - WARNING - first_pkt_count, first_gps_count, first_pkt_Tstamp
18-09-2025 10:58 - WARNING - 172018367 55151 2025-09-18T05:07:52.607547
18-09-2025 10:58 - WARNING - last_pkt_count, last_gps_count, last_pkt_Tstamp
18-09-2025 10:58 - WARNING - 173900908 55183 2025-09-18T05:08:21.815713
18-09-2025 10:58 - WARNING - diff_pkt_count  , diff_gps_count ,  diff_pkt_timstamp
18-09-2025 10:58 - WARNING - 1882541 32 29208166 microseconds
18-09-2025 10:58 - WARNING - No packet loss: /data/dsp/GBD_TRANSIENT_BUFFER/J1921+2153/18_09_2025/PDR_GULP_data001.pcap_18_09_2025_10_38_1758172134.PCAP_PDR
18-09-2025 10:58 - WARNING - first_pkt_count, first_gps_count, first_pkt_Tstamp
18-09-2025 10:58 - WARNING - 173900909 55183 2025-09-18T05:08:21.815714
18-09-2025 10:58 - WARNING - last_pkt_count, last_gps_count, last_pkt_Tstamp
18-09-2025 10:58 - WARNING - 175783450 55219 2025-09-18T05:08:51.023919
18-09-2025 10:58 - WARNING - diff_pkt_count  , diff_gps_count ,  diff_pkt_timstamp
18-09-2025 10:58 - WARNING - 1882541 36 29208205 microseconds
18-09-2025 10:58 - WARNING - No packet loss: /data/dsp/GBD_TRANSIENT_BUFFER/J1921+2153/18_09_2025/PDR_GULP_data002.pcap_18_09_2025_10_39_1758172163.PCAP_PDR
18-09-2025 10:58 - WARNING - first_pkt_count, first_gps_count, first_pkt_Tstamp
18-09-2025 10:58 - WARNING - 175783451 55219 2025-09-18T05:08:51.023920
18-09-2025 10:58 - WARNING - last_pkt_count, last_gps_count, last_pkt_Tstamp
18-09-2025 10:58 - WARNING - 177665992 55255 2025-09-18T05:09:20.232100
18-09-2025 10:58 - WARNING - diff_pkt_count  , diff_gps_count ,  diff_pkt_timstamp
18-09-2025 10:58 - WARNING - 1882541 36 29208180 microseconds
18-09-2025 10:58 - WARNING - No packet loss: /data/dsp/GBD_TRANSIENT_BUFFER/J1921+2153/18_09_2025/PDR_GULP_data000.pcap_18_09_2025_10_39_1758172192.PCAP_PDR
18-09-2025 10:58 - WARNING - first_pkt_count, first_gps_count, first_pkt_Tstamp
18-09-2025 10:58 - WARNING - 177665993 55255 2025-09-18T05:09:20.232100
18-09-2025 10:58 - WARNING - last_pkt_count, last_gps_count, last_pkt_Tstamp
18-09-2025 10:58 - WARNING - 179548535 55291 2025-09-18T05:09:49.440303
18-09-2025 10:58 - WARNING - diff_pkt_count  , diff_gps_count ,  diff_pkt_timstamp
18-09-2025 10:58 - WARNING - 1882542 36 29208203 microseconds
18-09-2025 10:58 - WARNING - No packet loss: /data/dsp/GBD_TRANSIENT_BUFFER/J1921+2153/18_09_2025/PDR_GULP_data001.pcap_18_09_2025_10_40_1758172221.PCAP_PDR
18-09-2025 10:58 - WARNING - first_pkt_count, first_gps_count, first_pkt_Tstamp
18-09-2025 10:58 - WARNING - 179548536 55291 2025-09-18T05:09:49.440356
18-09-2025 10:58 - WARNING - last_pkt_count, last_gps_count, last_pkt_Tstamp
18-09-2025 10:58 - WARNING - 181431077 55325 2025-09-18T05:10:18.648481
18-09-2025 10:58 - WARNING - diff_pkt_count  , diff_gps_count ,  diff_pkt_timstamp
18-09-2025 10:58 - WARNING - 1882541 34 29208125 microseconds
18-09-2025 10:58 - WARNING - No packet loss: /data/dsp/GBD_TRANSIENT_BUFFER/J1921+2153/18_09_2025/PDR_GULP_data002.pcap_18_09_2025_10_40_1758172250.PCAP_PDR
18-09-2025 10:58 - WARNING - first_pkt_count, first_gps_count, first_pkt_Tstamp
18-09-2025 10:58 - WARNING - 181431078 55325 2025-09-18T05:10:18.648533
18-09-2025 10:58 - WARNING - last_pkt_count, last_gps_count, last_pkt_Tstamp
18-09-2025 10:58 - WARNING - 183313619 55359 2025-09-18T05:10:47.856751
18-09-2025 10:58 - WARNING - diff_pkt_count  , diff_gps_count ,  diff_pkt_timstamp
18-09-2025 10:58 - WARNING - 1882541 34 29208218 microseconds
18-09-2025 10:58 - WARNING - No packet loss: /data/dsp/GBD_TRANSIENT_BUFFER/J1921+2153/18_09_2025/PDR_GULP_data000.pcap_18_09_2025_10_41_1758172280.PCAP_PDR
18-09-2025 10:58 - WARNING - first_pkt_count, first_gps_count, first_pkt_Tstamp
18-09-2025 10:58 - WARNING - 183313620 55359 2025-09-18T05:10:47.856752
18-09-2025 10:58 - WARNING - last_pkt_count, last_gps_count, last_pkt_Tstamp
18-09-2025 10:58 - WARNING - 185196161 55393 2025-09-18T05:11:17.064857
18-09-2025 10:58 - WARNING - diff_pkt_count  , diff_gps_count ,  diff_pkt_timstamp
18-09-2025 10:58 - WARNING - 1882541 34 29208105 microseconds
18-09-2025 10:58 - WARNING - No packet loss: /data/dsp/GBD_TRANSIENT_BUFFER/J1921+2153/18_09_2025/PDR_GULP_data001.pcap_18_09_2025_10_41_1758172309.PCAP_PDR
18-09-2025 10:58 - WARNING - first_pkt_count, first_gps_count, first_pkt_Tstamp
18-09-2025 10:58 - WARNING - 185196162 55393 2025-09-18T05:11:17.064908
18-09-2025 10:58 - WARNING - last_pkt_count, last_gps_count, last_pkt_Tstamp
18-09-2025 10:58 - WARNING - 187078703 55423 2025-09-18T05:11:46.273093
18-09-2025 10:58 - WARNING - diff_pkt_count  , diff_gps_count ,  diff_pkt_timstamp
18-09-2025 10:58 - WARNING - 1882541 30 29208185 microseconds
18-09-2025 10:58 - WARNING - No packet loss: /data/dsp/GBD_TRANSIENT_BUFFER/J1921+2153/18_09_2025/PDR_GULP_data002.pcap_18_09_2025_10_42_1758172338.PCAP_PDR
18-09-2025 10:58 - WARNING - first_pkt_count, first_gps_count, first_pkt_Tstamp
18-09-2025 10:58 - WARNING - 187078704 55423 2025-09-18T05:11:46.273093
18-09-2025 10:58 - WARNING - last_pkt_count, last_gps_count, last_pkt_Tstamp
18-09-2025 10:58 - WARNING - 188961245 55455 2025-09-18T05:12:15.481270
18-09-2025 10:58 - WARNING - diff_pkt_count  , diff_gps_count ,  diff_pkt_timstamp
18-09-2025 10:58 - WARNING - 1882541 32 29208177 microseconds
18-09-2025 10:58 - WARNING - No packet loss: /data/dsp/GBD_TRANSIENT_BUFFER/J1921+2153/18_09_2025/PDR_GULP_data000.pcap_18_09_2025_10_42_1758172367.PCAP_PDR
18-09-2025 10:58 - WARNING - first_pkt_count, first_gps_count, first_pkt_Tstamp
18-09-2025 10:58 - WARNING - 188961246 55455 2025-09-18T05:12:15.481270
18-09-2025 10:58 - WARNING - last_pkt_count, last_gps_count, last_pkt_Tstamp
18-09-2025 10:58 - WARNING - 190843788 55487 2025-09-18T05:12:44.689470
18-09-2025 10:58 - WARNING - diff_pkt_count  , diff_gps_count ,  diff_pkt_timstamp
18-09-2025 10:58 - WARNING - 1882542 32 29208200 microseconds
18-09-2025 10:58 - WARNING - No packet loss: /data/dsp/GBD_TRANSIENT_BUFFER/J1921+2153/18_09_2025/PDR_GULP_data001.pcap_18_09_2025_10_43_1758172396.PCAP_PDR
18-09-2025 10:58 - WARNING - first_pkt_count, first_gps_count, first_pkt_Tstamp
18-09-2025 10:58 - WARNING - 190843789 55487 2025-09-18T05:12:44.689470
18-09-2025 10:58 - WARNING - last_pkt_count, last_gps_count, last_pkt_Tstamp
18-09-2025 10:58 - WARNING - 192726330 55517 2025-09-18T05:13:13.897589
18-09-2025 10:58 - WARNING - diff_pkt_count  , diff_gps_count ,  diff_pkt_timstamp
18-09-2025 10:58 - WARNING - 1882541 30 29208119 microseconds
18-09-2025 10:58 - WARNING - No packet loss: /data/dsp/GBD_TRANSIENT_BUFFER/J1921+2153/18_09_2025/PDR_GULP_data002.pcap_18_09_2025_10_43_1758172426.PCAP_PDR
18-09-2025 10:58 - WARNING - first_pkt_count, first_gps_count, first_pkt_Tstamp
18-09-2025 10:58 - WARNING - 192726331 55517 2025-09-18T05:13:13.897652
18-09-2025 10:58 - WARNING - last_pkt_count, last_gps_count, last_pkt_Tstamp
18-09-2025 10:58 - WARNING - 194608872 55553 2025-09-18T05:13:43.105787
18-09-2025 10:58 - WARNING - diff_pkt_count  , diff_gps_count ,  diff_pkt_timstamp
18-09-2025 10:58 - WARNING - 1882541 36 29208135 microseconds
18-09-2025 10:58 - WARNING - No packet loss: /data/dsp/GBD_TRANSIENT_BUFFER/J1921+2153/18_09_2025/PDR_GULP_data000.pcap_18_09_2025_10_44_1758172455.PCAP_PDR
18-09-2025 10:58 - WARNING - first_pkt_count, first_gps_count, first_pkt_Tstamp
18-09-2025 10:58 - WARNING - 194608873 55553 2025-09-18T05:13:43.105787
18-09-2025 10:58 - WARNING - last_pkt_count, last_gps_count, last_pkt_Tstamp
18-09-2025 10:58 - WARNING - 196491414 55588 2025-09-18T05:14:12.313942
18-09-2025 10:58 - WARNING - diff_pkt_count  , diff_gps_count ,  diff_pkt_timstamp
18-09-2025 10:58 - WARNING - 1882541 35 29208155 microseconds
18-09-2025 10:58 - WARNING - No packet loss: /data/dsp/GBD_TRANSIENT_BUFFER/J1921+2153/18_09_2025/PDR_GULP_data001.pcap_18_09_2025_10_44_1758172484.PCAP_PDR
18-09-2025 10:58 - WARNING - first_pkt_count, first_gps_count, first_pkt_Tstamp
18-09-2025 10:58 - WARNING - 196491415 55588 2025-09-18T05:14:12.313943
18-09-2025 10:58 - WARNING - last_pkt_count, last_gps_count, last_pkt_Tstamp
18-09-2025 10:58 - WARNING - 198373956 55629 2025-09-18T05:14:41.522172
18-09-2025 10:58 - WARNING - diff_pkt_count  , diff_gps_count ,  diff_pkt_timstamp
18-09-2025 10:58 - WARNING - 1882541 41 29208229 microseconds
18-09-2025 10:58 - WARNING - No packet loss: /data/dsp/GBD_TRANSIENT_BUFFER/J1921+2153/18_09_2025/PDR_GULP_data002.pcap_18_09_2025_10_45_1758172513.PCAP_PDR
18-09-2025 10:58 - WARNING - first_pkt_count, first_gps_count, first_pkt_Tstamp
18-09-2025 10:58 - WARNING - 198373957 55629 2025-09-18T05:14:41.522172
18-09-2025 10:58 - WARNING - last_pkt_count, last_gps_count, last_pkt_Tstamp
18-09-2025 10:58 - WARNING - 200256498 55663 2025-09-18T05:15:10.730267
18-09-2025 10:58 - WARNING - diff_pkt_count  , diff_gps_count ,  diff_pkt_timstamp
18-09-2025 10:58 - WARNING - 1882541 34 29208095 microseconds
18-09-2025 10:58 - WARNING - No packet loss: /data/dsp/GBD_TRANSIENT_BUFFER/J1921+2153/18_09_2025/PDR_GULP_data000.pcap_18_09_2025_10_45_1758172542.PCAP_PDR
18-09-2025 10:58 - WARNING - first_pkt_count, first_gps_count, first_pkt_Tstamp
18-09-2025 10:58 - WARNING - 200256499 55663 2025-09-18T05:15:10.730267
18-09-2025 10:58 - WARNING - last_pkt_count, last_gps_count, last_pkt_Tstamp
18-09-2025 10:58 - WARNING - 202139041 55698 2025-09-18T05:15:39.938453
18-09-2025 10:58 - WARNING - diff_pkt_count  , diff_gps_count ,  diff_pkt_timstamp
18-09-2025 10:58 - WARNING - 1882542 35 29208186 microseconds
18-09-2025 10:58 - WARNING - No packet loss: /data/dsp/GBD_TRANSIENT_BUFFER/J1921+2153/18_09_2025/PDR_GULP_data001.pcap_18_09_2025_10_46_1758172572.PCAP_PDR
18-09-2025 10:58 - WARNING - first_pkt_count, first_gps_count, first_pkt_Tstamp
18-09-2025 10:58 - WARNING - 202139042 55698 2025-09-18T05:15:39.938454
18-09-2025 10:58 - WARNING - last_pkt_count, last_gps_count, last_pkt_Tstamp
18-09-2025 10:58 - WARNING - 204021583 55733 2025-09-18T05:16:09.146604
18-09-2025 10:58 - WARNING - diff_pkt_count  , diff_gps_count ,  diff_pkt_timstamp
18-09-2025 10:58 - WARNING - 1882541 35 29208150 microseconds
18-09-2025 10:58 - WARNING - No packet loss: /data/dsp/GBD_TRANSIENT_BUFFER/J1921+2153/18_09_2025/PDR_GULP_data002.pcap_18_09_2025_10_46_1758172601.PCAP_PDR
18-09-2025 10:58 - WARNING - first_pkt_count, first_gps_count, first_pkt_Tstamp
18-09-2025 10:58 - WARNING - 204021584 55733 2025-09-18T05:16:09.146604
18-09-2025 10:58 - WARNING - last_pkt_count, last_gps_count, last_pkt_Tstamp
18-09-2025 10:58 - WARNING - 205904125 55768 2025-09-18T05:16:38.354748
18-09-2025 10:58 - WARNING - diff_pkt_count  , diff_gps_count ,  diff_pkt_timstamp
18-09-2025 10:58 - WARNING - 1882541 35 29208144 microseconds
18-09-2025 10:58 - WARNING - No packet loss: /data/dsp/GBD_TRANSIENT_BUFFER/J1921+2153/18_09_2025/PDR_GULP_data000.pcap_18_09_2025_10_47_1758172630.PCAP_PDR
18-09-2025 10:58 - WARNING - first_pkt_count, first_gps_count, first_pkt_Tstamp
18-09-2025 10:58 - WARNING - 205904126 55768 2025-09-18T05:16:38.354748
18-09-2025 10:58 - WARNING - last_pkt_count, last_gps_count, last_pkt_Tstamp
18-09-2025 10:58 - WARNING - 207786667 55801 2025-09-18T05:17:07.562858
18-09-2025 10:58 - WARNING - diff_pkt_count  , diff_gps_count ,  diff_pkt_timstamp
18-09-2025 10:58 - WARNING - 1882541 33 29208110 microseconds
18-09-2025 10:58 - WARNING - No packet loss: /data/dsp/GBD_TRANSIENT_BUFFER/J1921+2153/18_09_2025/PDR_GULP_data001.pcap_18_09_2025_10_47_1758172659.PCAP_PDR
18-09-2025 10:58 - WARNING - first_pkt_count, first_gps_count, first_pkt_Tstamp
18-09-2025 10:58 - WARNING - 207786668 55801 2025-09-18T05:17:07.562858
18-09-2025 10:58 - WARNING - last_pkt_count, last_gps_count, last_pkt_Tstamp
18-09-2025 10:58 - WARNING - 209669209 55835 2025-09-18T05:17:36.771057
18-09-2025 10:58 - WARNING - diff_pkt_count  , diff_gps_count ,  diff_pkt_timstamp
18-09-2025 10:58 - WARNING - 1882541 34 29208199 microseconds
18-09-2025 10:58 - WARNING - No packet loss: /data/dsp/GBD_TRANSIENT_BUFFER/J1921+2153/18_09_2025/PDR_GULP_data002.pcap_18_09_2025_10_48_1758172688.PCAP_PDR
18-09-2025 10:58 - WARNING - first_pkt_count, first_gps_count, first_pkt_Tstamp
18-09-2025 10:58 - WARNING - 209669210 55835 2025-09-18T05:17:36.771057
18-09-2025 10:58 - WARNING - last_pkt_count, last_gps_count, last_pkt_Tstamp
18-09-2025 10:58 - WARNING - 211551751 55875 2025-09-18T05:18:05.979217
18-09-2025 10:58 - WARNING - diff_pkt_count  , diff_gps_count ,  diff_pkt_timstamp
18-09-2025 10:58 - WARNING - 1882541 40 29208160 microseconds
18-09-2025 10:58 - WARNING - No packet loss: /data/dsp/GBD_TRANSIENT_BUFFER/J1921+2153/18_09_2025/PDR_GULP_data000.pcap_18_09_2025_10_48_1758172718.PCAP_PDR
18-09-2025 10:58 - WARNING - first_pkt_count, first_gps_count, first_pkt_Tstamp
18-09-2025 10:58 - WARNING - 211551752 55875 2025-09-18T05:18:05.979217
18-09-2025 10:58 - WARNING - last_pkt_count, last_gps_count, last_pkt_Tstamp
18-09-2025 10:58 - WARNING - 213434294 55912 2025-09-18T05:18:35.187333
18-09-2025 10:58 - WARNING - diff_pkt_count  , diff_gps_count ,  diff_pkt_timstamp
18-09-2025 10:58 - WARNING - 1882542 37 29208116 microseconds
18-09-2025 10:58 - WARNING - No packet loss: /data/dsp/GBD_TRANSIENT_BUFFER/J1921+2153/18_09_2025/PDR_GULP_data001.pcap_18_09_2025_10_49_1758172747.PCAP_PDR
18-09-2025 10:58 - WARNING - first_pkt_count, first_gps_count, first_pkt_Tstamp
18-09-2025 10:58 - WARNING - 213434295 55912 2025-09-18T05:18:35.187333
18-09-2025 10:58 - WARNING - last_pkt_count, last_gps_count, last_pkt_Tstamp
18-09-2025 10:58 - WARNING - 215316836 55947 2025-09-18T05:19:04.395505
18-09-2025 10:58 - WARNING - diff_pkt_count  , diff_gps_count ,  diff_pkt_timstamp
18-09-2025 10:58 - WARNING - 1882541 35 29208172 microseconds
18-09-2025 10:58 - WARNING - No packet loss: /data/dsp/GBD_TRANSIENT_BUFFER/J1921+2153/18_09_2025/PDR_GULP_data002.pcap_18_09_2025_10_49_1758172776.PCAP_PDR
18-09-2025 10:58 - WARNING - first_pkt_count, first_gps_count, first_pkt_Tstamp
18-09-2025 10:58 - WARNING - 215316837 55947 2025-09-18T05:19:04.395505
18-09-2025 10:58 - WARNING - last_pkt_count, last_gps_count, last_pkt_Tstamp
18-09-2025 10:58 - WARNING - 217199378 55979 2025-09-18T05:19:33.603569
18-09-2025 10:58 - WARNING - diff_pkt_count  , diff_gps_count ,  diff_pkt_timstamp
18-09-2025 10:58 - WARNING - 1882541 32 29208064 microseconds
18-09-2025 10:58 - WARNING - No packet loss: /data/dsp/GBD_TRANSIENT_BUFFER/J1921+2153/18_09_2025/PDR_GULP_data000.pcap_18_09_2025_10_50_1758172805.PCAP_PDR
18-09-2025 10:58 - WARNING - first_pkt_count, first_gps_count, first_pkt_Tstamp
18-09-2025 10:58 - WARNING - 217199379 55979 2025-09-18T05:19:33.603620
18-09-2025 10:58 - WARNING - last_pkt_count, last_gps_count, last_pkt_Tstamp
18-09-2025 10:58 - WARNING - 219081920 56011 2025-09-18T05:20:02.811738
18-09-2025 10:58 - WARNING - diff_pkt_count  , diff_gps_count ,  diff_pkt_timstamp
18-09-2025 10:58 - WARNING - 1882541 32 29208118 microseconds
18-09-2025 10:58 - WARNING - No packet loss: /data/dsp/GBD_TRANSIENT_BUFFER/J1921+2153/18_09_2025/PDR_GULP_data001.pcap_18_09_2025_10_50_1758172835.PCAP_PDR
18-09-2025 10:58 - WARNING - first_pkt_count, first_gps_count, first_pkt_Tstamp
18-09-2025 10:58 - WARNING - 219081921 56011 2025-09-18T05:20:02.811738
18-09-2025 10:58 - WARNING - last_pkt_count, last_gps_count, last_pkt_Tstamp
18-09-2025 10:58 - WARNING - 220964462 56046 2025-09-18T05:20:32.019844
18-09-2025 10:58 - WARNING - diff_pkt_count  , diff_gps_count ,  diff_pkt_timstamp
18-09-2025 10:58 - WARNING - 1882541 35 29208106 microseconds
18-09-2025 10:58 - WARNING - No packet loss: /data/dsp/GBD_TRANSIENT_BUFFER/J1921+2153/18_09_2025/PDR_GULP_data002.pcap_18_09_2025_10_51_1758172864.PCAP_PDR
18-09-2025 10:58 - WARNING - first_pkt_count, first_gps_count, first_pkt_Tstamp
18-09-2025 10:58 - WARNING - 220964463 56046 2025-09-18T05:20:32.019844
18-09-2025 10:58 - WARNING - last_pkt_count, last_gps_count, last_pkt_Tstamp
18-09-2025 10:58 - WARNING - 222847004 56086 2025-09-18T05:21:01.228000
18-09-2025 10:58 - WARNING - diff_pkt_count  , diff_gps_count ,  diff_pkt_timstamp
18-09-2025 10:58 - WARNING - 1882541 40 29208156 microseconds
18-09-2025 10:58 - WARNING - No packet loss: /data/dsp/GBD_TRANSIENT_BUFFER/J1921+2153/18_09_2025/PDR_GULP_data000.pcap_18_09_2025_10_51_1758172893.PCAP_PDR
18-09-2025 10:58 - WARNING - first_pkt_count, first_gps_count, first_pkt_Tstamp
18-09-2025 10:58 - WARNING - 222847005 56086 2025-09-18T05:21:01.228000
18-09-2025 10:58 - WARNING - last_pkt_count, last_gps_count, last_pkt_Tstamp
18-09-2025 10:58 - WARNING - 224729547 56120 2025-09-18T05:21:30.436130
18-09-2025 10:58 - WARNING - diff_pkt_count  , diff_gps_count ,  diff_pkt_timstamp
18-09-2025 10:58 - WARNING - 1882542 34 29208130 microseconds
18-09-2025 10:58 - WARNING - No packet loss: /data/dsp/GBD_TRANSIENT_BUFFER/J1921+2153/18_09_2025/PDR_GULP_data001.pcap_18_09_2025_10_52_1758172922.PCAP_PDR
18-09-2025 10:58 - WARNING - first_pkt_count, first_gps_count, first_pkt_Tstamp
18-09-2025 10:58 - WARNING - 224729548 56120 2025-09-18T05:21:30.436130
18-09-2025 10:58 - WARNING - last_pkt_count, last_gps_count, last_pkt_Tstamp
18-09-2025 10:58 - WARNING - 226612089 56154 2025-09-18T05:21:59.644306
18-09-2025 10:58 - WARNING - diff_pkt_count  , diff_gps_count ,  diff_pkt_timstamp
18-09-2025 10:58 - WARNING - 1882541 34 29208176 microseconds
18-09-2025 10:58 - WARNING - No packet loss: /data/dsp/GBD_TRANSIENT_BUFFER/J1921+2153/18_09_2025/PDR_GULP_data002.pcap_18_09_2025_10_52_1758172951.PCAP_PDR
18-09-2025 10:58 - WARNING - first_pkt_count, first_gps_count, first_pkt_Tstamp
18-09-2025 10:58 - WARNING - 226612090 56154 2025-09-18T05:21:59.644306
18-09-2025 10:58 - WARNING - last_pkt_count, last_gps_count, last_pkt_Tstamp
18-09-2025 10:58 - WARNING - 228494631 56188 2025-09-18T05:22:28.852416
18-09-2025 10:58 - WARNING - diff_pkt_count  , diff_gps_count ,  diff_pkt_timstamp
18-09-2025 10:58 - WARNING - 1882541 34 29208110 microseconds
18-09-2025 10:58 - WARNING - No packet loss: /data/dsp/GBD_TRANSIENT_BUFFER/J1921+2153/18_09_2025/PDR_GULP_data000.pcap_18_09_2025_10_53_1758172981.PCAP_PDR
18-09-2025 10:58 - WARNING - first_pkt_count, first_gps_count, first_pkt_Tstamp
18-09-2025 10:58 - WARNING - 228494632 56188 2025-09-18T05:22:28.852416
18-09-2025 10:58 - WARNING - last_pkt_count, last_gps_count, last_pkt_Tstamp
18-09-2025 10:58 - WARNING - 230377173 56225 2025-09-18T05:22:58.060555
18-09-2025 10:58 - WARNING - diff_pkt_count  , diff_gps_count ,  diff_pkt_timstamp
18-09-2025 10:58 - WARNING - 1882541 37 29208139 microseconds
18-09-2025 10:58 - WARNING - No packet loss: /data/dsp/GBD_TRANSIENT_BUFFER/J1921+2153/18_09_2025/PDR_GULP_data001.pcap_18_09_2025_10_53_1758173010.PCAP_PDR
18-09-2025 10:58 - WARNING - first_pkt_count, first_gps_count, first_pkt_Tstamp
18-09-2025 10:58 - WARNING - 230377174 56225 2025-09-18T05:22:58.060556
18-09-2025 10:58 - WARNING - last_pkt_count, last_gps_count, last_pkt_Tstamp
18-09-2025 10:58 - WARNING - 232259715 56258 2025-09-18T05:23:27.268004
18-09-2025 10:58 - WARNING - diff_pkt_count  , diff_gps_count ,  diff_pkt_timstamp
18-09-2025 10:58 - WARNING - 1882541 33 29207448 microseconds
18-09-2025 10:58 - WARNING - No packet loss: /data/dsp/GBD_TRANSIENT_BUFFER/J1921+2153/18_09_2025/PDR_GULP_data002.pcap_18_09_2025_10_53_1758173039.PCAP_PDR
18-09-2025 10:58 - WARNING - first_pkt_count, first_gps_count, first_pkt_Tstamp
18-09-2025 10:58 - WARNING - 232259716 56258 2025-09-18T05:23:27.268056
18-09-2025 10:58 - WARNING - last_pkt_count, last_gps_count, last_pkt_Tstamp
18-09-2025 10:58 - WARNING - 234142257 56295 2025-09-18T05:23:56.475087
18-09-2025 10:58 - WARNING - diff_pkt_count  , diff_gps_count ,  diff_pkt_timstamp
18-09-2025 10:58 - WARNING - 1882541 37 29207031 microseconds
18-09-2025 10:58 - WARNING - No packet loss: /data/dsp/GBD_TRANSIENT_BUFFER/J1921+2153/18_09_2025/PDR_GULP_data000.pcap_18_09_2025_10_54_1758173068.PCAP_PDR
18-09-2025 10:58 - WARNING - first_pkt_count, first_gps_count, first_pkt_Tstamp
18-09-2025 10:58 - WARNING - 234142258 56295 2025-09-18T05:23:56.475174
18-09-2025 10:58 - WARNING - last_pkt_count, last_gps_count, last_pkt_Tstamp
18-09-2025 10:58 - WARNING - 236024800 56331 2025-09-18T05:24:25.682234
18-09-2025 10:58 - WARNING - diff_pkt_count  , diff_gps_count ,  diff_pkt_timstamp
18-09-2025 10:58 - WARNING - 1882542 36 29207060 microseconds
18-09-2025 10:58 - WARNING - No packet loss: /data/dsp/GBD_TRANSIENT_BUFFER/J1921+2153/18_09_2025/PDR_GULP_data001.pcap_18_09_2025_10_54_1758173097.PCAP_PDR
18-09-2025 10:58 - WARNING - first_pkt_count, first_gps_count, first_pkt_Tstamp
18-09-2025 10:58 - WARNING - 236024801 56331 2025-09-18T05:24:25.682234
18-09-2025 10:58 - WARNING - last_pkt_count, last_gps_count, last_pkt_Tstamp
18-09-2025 10:58 - WARNING - 237907342 56361 2025-09-18T05:24:54.889436
18-09-2025 10:58 - WARNING - diff_pkt_count  , diff_gps_count ,  diff_pkt_timstamp
18-09-2025 10:58 - WARNING - 1882541 30 29207202 microseconds
18-09-2025 10:58 - WARNING - No packet loss: /data/dsp/GBD_TRANSIENT_BUFFER/J1921+2153/18_09_2025/PDR_GULP_data002.pcap_18_09_2025_10_55_1758173127.PCAP_PDR
18-09-2025 10:58 - WARNING - first_pkt_count, first_gps_count, first_pkt_Tstamp
18-09-2025 10:58 - WARNING - 237907343 56361 2025-09-18T05:24:54.889436
18-09-2025 10:58 - WARNING - last_pkt_count, last_gps_count, last_pkt_Tstamp
18-09-2025 10:58 - WARNING - 239789884 56394 2025-09-18T05:25:24.096674
18-09-2025 10:58 - WARNING - diff_pkt_count  , diff_gps_count ,  diff_pkt_timstamp
18-09-2025 10:58 - WARNING - 1882541 33 29207238 microseconds
18-09-2025 10:58 - WARNING - No packet loss: /data/dsp/GBD_TRANSIENT_BUFFER/J1921+2153/18_09_2025/PDR_GULP_data000.pcap_18_09_2025_10_55_1758173156.PCAP_PDR
18-09-2025 10:58 - WARNING - first_pkt_count, first_gps_count, first_pkt_Tstamp
18-09-2025 10:58 - WARNING - 239789885 56394 2025-09-18T05:25:24.096674
18-09-2025 10:58 - WARNING - last_pkt_count, last_gps_count, last_pkt_Tstamp
18-09-2025 10:58 - WARNING - 241672426 56426 2025-09-18T05:25:53.303902
18-09-2025 10:58 - WARNING - diff_pkt_count  , diff_gps_count ,  diff_pkt_timstamp
18-09-2025 10:58 - WARNING - 1882541 32 29207228 microseconds
18-09-2025 10:58 - WARNING - No packet loss: /data/dsp/GBD_TRANSIENT_BUFFER/J1921+2153/18_09_2025/PDR_GULP_data001.pcap_18_09_2025_10_56_1758173185.PCAP_PDR
18-09-2025 10:58 - WARNING - first_pkt_count, first_gps_count, first_pkt_Tstamp
18-09-2025 10:58 - WARNING - 241672427 56426 2025-09-18T05:25:53.303991
18-09-2025 10:58 - WARNING - last_pkt_count, last_gps_count, last_pkt_Tstamp
18-09-2025 10:58 - WARNING - 243554968 56465 2025-09-18T05:26:22.511218
18-09-2025 10:58 - WARNING - diff_pkt_count  , diff_gps_count ,  diff_pkt_timstamp
18-09-2025 10:58 - WARNING - 1882541 39 29207227 microseconds
18-09-2025 10:58 - WARNING - No packet loss: /data/dsp/GBD_TRANSIENT_BUFFER/J1921+2153/18_09_2025/PDR_GULP_data002.pcap_18_09_2025_10_56_1758173214.PCAP_PDR
18-09-2025 10:58 - WARNING - first_pkt_count, first_gps_count, first_pkt_Tstamp
18-09-2025 10:58 - WARNING - 243554969 56465 2025-09-18T05:26:22.511218
18-09-2025 10:58 - WARNING - last_pkt_count, last_gps_count, last_pkt_Tstamp
18-09-2025 10:58 - WARNING - 245437510 56498 2025-09-18T05:26:51.718616
18-09-2025 10:58 - WARNING - diff_pkt_count  , diff_gps_count ,  diff_pkt_timstamp
18-09-2025 10:58 - WARNING - 1882541 33 29207398 microseconds
18-09-2025 10:58 - WARNING - No packet loss: /data/dsp/GBD_TRANSIENT_BUFFER/J1921+2153/18_09_2025/PDR_GULP_data000.pcap_18_09_2025_10_57_1758173243.PCAP_PDR
18-09-2025 10:58 - WARNING - first_pkt_count, first_gps_count, first_pkt_Tstamp
18-09-2025 10:58 - WARNING - 245437511 56498 2025-09-18T05:26:51.718616
18-09-2025 10:58 - WARNING - last_pkt_count, last_gps_count, last_pkt_Tstamp
18-09-2025 10:58 - WARNING - 247320053 56532 2025-09-18T05:27:20.925977
18-09-2025 10:58 - WARNING - diff_pkt_count  , diff_gps_count ,  diff_pkt_timstamp
18-09-2025 10:58 - WARNING - 1882542 34 29207361 microseconds
18-09-2025 10:58 - WARNING - No packet loss: /data/dsp/GBD_TRANSIENT_BUFFER/J1921+2153/18_09_2025/PDR_GULP_data001.pcap_18_09_2025_10_57_1758173273.PCAP_PDR
18-09-2025 10:58 - WARNING - first_pkt_count, first_gps_count, first_pkt_Tstamp
18-09-2025 10:58 - WARNING - 247320054 56532 2025-09-18T05:27:20.925978
18-09-2025 10:58 - WARNING - last_pkt_count, last_gps_count, last_pkt_Tstamp
18-09-2025 10:58 - WARNING - 249202595 56566 2025-09-18T05:27:50.133433
18-09-2025 10:58 - WARNING - diff_pkt_count  , diff_gps_count ,  diff_pkt_timstamp
18-09-2025 10:58 - WARNING - 1882541 34 29207455 microseconds
18-09-2025 10:58 SLIP check Finished...
18-09-2025 10:58 Pulsar data reduction pipeline started ...
18-09-2025 10:58 - WARNING - Data Directory: /data/dsp/GBD_TRANSIENT_BUFFER/J1921+2153/18_09_2025
18-09-2025 10:58 - WARNING - Pulsar: J1921+2153
18-09-2025 10:58 - WARNING - CH selelction: 0
18-09-2025 10:58 - WARNING - Phase file: /home/dsp/PDR_acquire_setup/dada_scripts/phase/rf_path_phase.dat
18-09-2025 10:58 - WARNING - Obs. logfile: /home/dsp/PDR_acquire_setup/master_obs_log/J1921+2153_18_09_2025_observation.log
18-09-2025 10:58 - WARNING - Observation start time: 2025_09_18_09_59_54
18-09-2025 10:58 - WARNING - parfile: /home/dsp/parfiles/J1921+2153.par
18-09-2025 10:58 - WARNING - DM: 12.44399
18-09-2025 10:58 - WARNING - Period: 1.3373021601894548
18-09-2025 10:58 - WARNING - RA_DEC: 19:21:44.815+21:53:02.25
18-09-2025 10:58 - WARNING - out_dada_file: J1921+2153_2025_09_18_09_59_54_type_0.dada
18-09-2025 10:58 - WARNING - Number of files to process: 120
18-09-2025 10:58 - WARNING - Files per batch:  17
18-09-2025 12:39 - WARNING - Time taken for PDR2DADA convertion: 1:40:58.912142
18-09-2025 12:39 - WARNING - Center_freq: 175
18-09-2025 12:39 - WARNING - int_time: 3.0
18-09-2025 12:39 - WARNING - nbins: 256
18-09-2025 12:39 - WARNING - fil_chan: 256
18-09-2025 12:39 - WARNING - cpu: 2,3,4,5,6,7,8,9,10,11,12,13,14,15,16
18-09-2025 12:39 - WARNING - thread: 32
18-09-2025 12:39 - WARNING - nbit: 8
18-09-2025 12:39 - WARNING - time_avg: 0.000256
18-09-2025 12:39 - WARNING - MJD_START: 60936.187434759835
18-09-2025 12:39 - WARNING - output: J1921+2153_60936.19_175MHz_type_0_GBD_DART
18-09-2025 12:39 - WARNING - singularity_container: singularity exec /home/dsp/singularity_imag/pschive_py3.sif  
18-09-2025 12:39 - WARNING - ------ DIGIFITS ------
18-09-2025 12:39 - WARNING - ---- Search Mode FITS -------
18-09-2025 12:39 - WARNING - digifits_ful_stokes_cmd: singularity exec /home/dsp/singularity_imag/pschive_py3.sif  digifits  -F 256 -x 256 -b 8 -p 4 -t 0.000256 J1921+2153_2025_09_18_09_59_54_type_0.dada -o J1921+2153_2025_09_18_09_59_54_type_0.dada_stokes.fits
18-09-2025 13:18 - WARNING - ------ Total intensity FITS -------
18-09-2025 13:18 - WARNING - digifits_total_intensity_cmd: singularity exec /home/dsp/singularity_imag/pschive_py3.sif  digifits  -F 256 -x 256 -b 8 -p 1 -t 0.000256 J1921+2153_2025_09_18_09_59_54_type_0.dada -o J1921+2153_2025_09_18_09_59_54_type_0.dada_intensity.fits
18-09-2025 13:50 - WARNING - Nchan: 256
18-09-2025 13:50 - WARNING - Nbin: 256
18-09-2025 13:50 - WARNING - Tavg: 0.000256
18-09-2025 13:50 - WARNING - Time taken for DIGIFITS run: 1:11:20.960734
18-09-2025 13:50 - WARNING - ------ DSPSR ------
18-09-2025 13:50 - WARNING - ------- Coherent Dedispersion Folded archive -------
18-09-2025 13:50 - WARNING - dspsr_cmd: singularity exec /home/dsp/singularity_imag/pschive_py3.sif  dspsr J1921+2153_2025_09_18_09_59_54_type_0.dada -cpu 2,3,4,5,6,7,8,9,10,11,12,13,14,15,16 -t 32 -E /home/dsp/parfiles/J1921+2153.par -L 3.0 -b 256 -F 256:D -N J1921+2153 -a PSRFITS -A -e .fits -O J1921+2153_60936.19_175MHz_type_0_GBD_DART
18-09-2025 14:04 - WARNING - ------- Incoherent Dedispersion Folded archive -------
18-09-2025 14:04 - WARNING - Incoherent_DD_dspsr_cmd: singularity exec /home/dsp/singularity_imag/pschive_py3.sif  dspsr J1921+2153_2025_09_18_09_59_54_type_0.dada_stokes.fits -cpu 2,3,4,5,6,7,8,9,10,11,12,13,14,15,16 -t 32 -E /home/dsp/parfiles/J1921+2153.par -L 3.0 -b 256 -N J1921+2153 -A -e .fits -O J1921+2153_60936.19_175MHz_type_0_GBD_DART_stokes_Incoherent_DD
18-09-2025 14:06 - WARNING - Time taken for DSPSR run: 0:15:42.570986
18-09-2025 14:06 - WARNING - ------ PSREDIT ------
18-09-2025 14:06 - WARNING - psredit_cmd: singularity exec /home/dsp/singularity_imag/pschive_py3.sif  psredit -c name=J1921+2153,be:name=GSB,coord=19:21:44.815+21:53:02.25 -m *_GBD_DART*fits
18-09-2025 14:06 - WARNING - Time taken for PSREDIT run: 0:00:13.400037
18-09-2025 14:06 - WARNING - ------ Iterative RFI Cleaner ------
18-09-2025 14:06 - WARNING - Iterative_cleaner_cmd: singularity exec /home/dsp/singularity_imag/pschive_py3.sif   python3 /home/dsp/PDR_acquire_setup/iterative_cleaner.py -s 3 -c 3 -m 10 *_GBD_DART*fits
18-09-2025 14:14 - WARNING - Time taken for Iterative_cleaner run: 0:07:39.018488
18-09-2025 14:14 - WARNING - ------ PDMP ------
18-09-2025 15:09 Waiting for J1921+2153 observation...
18-09-2025 19:34 Observation started...
18-09-2025 19:34 Pulsar: J1921+2153 , parfile: /home/dsp/parfiles/J1921+2153.par , DM: 12.44399
18-09-2025 19:34 Trigger sent to obs. PC [VELA].
18-09-2025 20:08 Acquired 80.
18-09-2025 20:08 ACQ over.
18-09-2025 20:08 Removing Trigger file from remote machine 
18-09-2025 20:08 Observation stoped.
-rw------- 1 dsp dsp 2.0G Sep 18 19:29 /data/TRANSIENT_BUFFER/PDR_GULP_data000.pcap_18_09_2025_19_29_1758203999.PCAP_PDR
-rw------- 1 dsp dsp 2.0G Sep 18 19:30 /data/TRANSIENT_BUFFER/PDR_GULP_data001.pcap_18_09_2025_19_30_1758204029.PCAP_PDR
-rw------- 1 dsp dsp 2.0G Sep 18 19:30 /data/TRANSIENT_BUFFER/PDR_GULP_data002.pcap_18_09_2025_19_30_1758204058.PCAP_PDR
-rw------- 1 dsp dsp 2.0G Sep 18 19:31 /data/TRANSIENT_BUFFER/PDR_GULP_data000.pcap_18_09_2025_19_31_1758204087.PCAP_PDR
-rw------- 1 dsp dsp 2.0G Sep 18 19:31 /data/TRANSIENT_BUFFER/PDR_GULP_data001.pcap_18_09_2025_19_31_1758204116.PCAP_PDR
-rw------- 1 dsp dsp 2.0G Sep 18 19:32 /data/TRANSIENT_BUFFER/PDR_GULP_data002.pcap_18_09_2025_19_32_1758204145.PCAP_PDR
-rw------- 1 dsp dsp 2.0G Sep 18 19:32 /data/TRANSIENT_BUFFER/PDR_GULP_data000.pcap_18_09_2025_19_32_1758204175.PCAP_PDR
-rw------- 1 dsp dsp 2.0G Sep 18 19:33 /data/TRANSIENT_BUFFER/PDR_GULP_data001.pcap_18_09_2025_19_33_1758204204.PCAP_PDR
-rw------- 1 dsp dsp 2.0G Sep 18 19:33 /data/TRANSIENT_BUFFER/PDR_GULP_data002.pcap_18_09_2025_19_33_1758204233.PCAP_PDR
-rw------- 1 dsp dsp 2.0G Sep 18 19:34 /data/TRANSIENT_BUFFER/PDR_GULP_data000.pcap_18_09_2025_19_34_1758204262.PCAP_PDR
-rw------- 1 dsp dsp 2.0G Sep 18 19:34 /data/TRANSIENT_BUFFER/PDR_GULP_data001.pcap_18_09_2025_19_34_1758204291.PCAP_PDR
-rw------- 1 dsp dsp 2.0G Sep 18 19:35 /data/TRANSIENT_BUFFER/PDR_GULP_data002.pcap_18_09_2025_19_35_1758204321.PCAP_PDR
-rw------- 1 dsp dsp 2.0G Sep 18 19:35 /data/TRANSIENT_BUFFER/PDR_GULP_data000.pcap_18_09_2025_19_35_1758204350.PCAP_PDR
-rw------- 1 dsp dsp 2.0G Sep 18 19:36 /data/TRANSIENT_BUFFER/PDR_GULP_data001.pcap_18_09_2025_19_36_1758204379.PCAP_PDR
-rw------- 1 dsp dsp 2.0G Sep 18 19:36 /data/TRANSIENT_BUFFER/PDR_GULP_data002.pcap_18_09_2025_19_36_1758204408.PCAP_PDR
-rw------- 1 dsp dsp 2.0G Sep 18 19:37 /data/TRANSIENT_BUFFER/PDR_GULP_data000.pcap_18_09_2025_19_37_1758204437.PCAP_PDR
-rw------- 1 dsp dsp 2.0G Sep 18 19:37 /data/TRANSIENT_BUFFER/PDR_GULP_data001.pcap_18_09_2025_19_37_1758204467.PCAP_PDR
-rw------- 1 dsp dsp 2.0G Sep 18 19:38 /data/TRANSIENT_BUFFER/PDR_GULP_data002.pcap_18_09_2025_19_38_1758204496.PCAP_PDR
-rw------- 1 dsp dsp 2.0G Sep 18 19:38 /data/TRANSIENT_BUFFER/PDR_GULP_data000.pcap_18_09_2025_19_38_1758204525.PCAP_PDR
-rw------- 1 dsp dsp 2.0G Sep 18 19:39 /data/TRANSIENT_BUFFER/PDR_GULP_data001.pcap_18_09_2025_19_39_1758204554.PCAP_PDR
-rw------- 1 dsp dsp 2.0G Sep 18 19:39 /data/TRANSIENT_BUFFER/PDR_GULP_data002.pcap_18_09_2025_19_39_1758204583.PCAP_PDR
-rw------- 1 dsp dsp 2.0G Sep 18 19:40 /data/TRANSIENT_BUFFER/PDR_GULP_data000.pcap_18_09_2025_19_40_1758204613.PCAP_PDR
-rw------- 1 dsp dsp 2.0G Sep 18 19:40 /data/TRANSIENT_BUFFER/PDR_GULP_data001.pcap_18_09_2025_19_40_1758204642.PCAP_PDR
-rw------- 1 dsp dsp 2.0G Sep 18 19:41 /data/TRANSIENT_BUFFER/PDR_GULP_data002.pcap_18_09_2025_19_41_1758204671.PCAP_PDR
-rw------- 1 dsp dsp 2.0G Sep 18 19:41 /data/TRANSIENT_BUFFER/PDR_GULP_data000.pcap_18_09_2025_19_41_1758204700.PCAP_PDR
-rw------- 1 dsp dsp 2.0G Sep 18 19:42 /data/TRANSIENT_BUFFER/PDR_GULP_data001.pcap_18_09_2025_19_42_1758204730.PCAP_PDR
-rw------- 1 dsp dsp 2.0G Sep 18 19:42 /data/TRANSIENT_BUFFER/PDR_GULP_data002.pcap_18_09_2025_19_42_1758204759.PCAP_PDR
-rw------- 1 dsp dsp 2.0G Sep 18 19:43 /data/TRANSIENT_BUFFER/PDR_GULP_data000.pcap_18_09_2025_19_43_1758204788.PCAP_PDR
-rw------- 1 dsp dsp 2.0G Sep 18 19:43 /data/TRANSIENT_BUFFER/PDR_GULP_data001.pcap_18_09_2025_19_43_1758204817.PCAP_PDR
-rw------- 1 dsp dsp 2.0G Sep 18 19:44 /data/TRANSIENT_BUFFER/PDR_GULP_data002.pcap_18_09_2025_19_44_1758204846.PCAP_PDR
-rw------- 1 dsp dsp 2.0G Sep 18 19:44 /data/TRANSIENT_BUFFER/PDR_GULP_data000.pcap_18_09_2025_19_44_1758204876.PCAP_PDR
-rw------- 1 dsp dsp 2.0G Sep 18 19:45 /data/TRANSIENT_BUFFER/PDR_GULP_data001.pcap_18_09_2025_19_45_1758204905.PCAP_PDR
-rw------- 1 dsp dsp 2.0G Sep 18 19:45 /data/TRANSIENT_BUFFER/PDR_GULP_data002.pcap_18_09_2025_19_45_1758204934.PCAP_PDR
-rw------- 1 dsp dsp 2.0G Sep 18 19:46 /data/TRANSIENT_BUFFER/PDR_GULP_data000.pcap_18_09_2025_19_46_1758204963.PCAP_PDR
-rw------- 1 dsp dsp 2.0G Sep 18 19:46 /data/TRANSIENT_BUFFER/PDR_GULP_data001.pcap_18_09_2025_19_46_1758204992.PCAP_PDR
-rw------- 1 dsp dsp 2.0G Sep 18 19:46 /data/TRANSIENT_BUFFER/PDR_GULP_data002.pcap_18_09_2025_19_47_1758205022.PCAP_PDR
-rw------- 1 dsp dsp 2.0G Sep 18 19:47 /data/TRANSIENT_BUFFER/PDR_GULP_data000.pcap_18_09_2025_19_47_1758205051.PCAP_PDR
-rw------- 1 dsp dsp 2.0G Sep 18 19:47 /data/TRANSIENT_BUFFER/PDR_GULP_data001.pcap_18_09_2025_19_48_1758205080.PCAP_PDR
-rw------- 1 dsp dsp 2.0G Sep 18 19:48 /data/TRANSIENT_BUFFER/PDR_GULP_data002.pcap_18_09_2025_19_48_1758205109.PCAP_PDR
-rw------- 1 dsp dsp 2.0G Sep 18 19:48 /data/TRANSIENT_BUFFER/PDR_GULP_data000.pcap_18_09_2025_19_48_1758205138.PCAP_PDR
-rw------- 1 dsp dsp 2.0G Sep 18 19:49 /data/TRANSIENT_BUFFER/PDR_GULP_data001.pcap_18_09_2025_19_49_1758205168.PCAP_PDR
-rw------- 1 dsp dsp 2.0G Sep 18 19:49 /data/TRANSIENT_BUFFER/PDR_GULP_data002.pcap_18_09_2025_19_49_1758205197.PCAP_PDR
-rw------- 1 dsp dsp 2.0G Sep 18 19:50 /data/TRANSIENT_BUFFER/PDR_GULP_data000.pcap_18_09_2025_19_50_1758205226.PCAP_PDR
-rw------- 1 dsp dsp 2.0G Sep 18 19:50 /data/TRANSIENT_BUFFER/PDR_GULP_data001.pcap_18_09_2025_19_50_1758205255.PCAP_PDR
-rw------- 1 dsp dsp 2.0G Sep 18 19:51 /data/TRANSIENT_BUFFER/PDR_GULP_data002.pcap_18_09_2025_19_51_1758205284.PCAP_PDR
-rw------- 1 dsp dsp 2.0G Sep 18 19:51 /data/TRANSIENT_BUFFER/PDR_GULP_data000.pcap_18_09_2025_19_51_1758205314.PCAP_PDR
-rw------- 1 dsp dsp 2.0G Sep 18 19:52 /data/TRANSIENT_BUFFER/PDR_GULP_data001.pcap_18_09_2025_19_52_1758205343.PCAP_PDR
-rw------- 1 dsp dsp 2.0G Sep 18 19:52 /data/TRANSIENT_BUFFER/PDR_GULP_data002.pcap_18_09_2025_19_52_1758205372.PCAP_PDR
-rw------- 1 dsp dsp 2.0G Sep 18 19:53 /data/TRANSIENT_BUFFER/PDR_GULP_data000.pcap_18_09_2025_19_53_1758205401.PCAP_PDR
-rw------- 1 dsp dsp 2.0G Sep 18 19:53 /data/TRANSIENT_BUFFER/PDR_GULP_data001.pcap_18_09_2025_19_53_1758205431.PCAP_PDR
-rw------- 1 dsp dsp 2.0G Sep 18 19:54 /data/TRANSIENT_BUFFER/PDR_GULP_data002.pcap_18_09_2025_19_54_1758205460.PCAP_PDR
-rw------- 1 dsp dsp 2.0G Sep 18 19:54 /data/TRANSIENT_BUFFER/PDR_GULP_data000.pcap_18_09_2025_19_54_1758205489.PCAP_PDR
-rw------- 1 dsp dsp 2.0G Sep 18 19:55 /data/TRANSIENT_BUFFER/PDR_GULP_data001.pcap_18_09_2025_19_55_1758205518.PCAP_PDR
-rw------- 1 dsp dsp 2.0G Sep 18 19:55 /data/TRANSIENT_BUFFER/PDR_GULP_data002.pcap_18_09_2025_19_55_1758205547.PCAP_PDR
-rw------- 1 dsp dsp 2.0G Sep 18 19:56 /data/TRANSIENT_BUFFER/PDR_GULP_data000.pcap_18_09_2025_19_56_1758205577.PCAP_PDR
-rw------- 1 dsp dsp 2.0G Sep 18 19:56 /data/TRANSIENT_BUFFER/PDR_GULP_data001.pcap_18_09_2025_19_56_1758205606.PCAP_PDR
-rw------- 1 dsp dsp 2.0G Sep 18 19:57 /data/TRANSIENT_BUFFER/PDR_GULP_data002.pcap_18_09_2025_19_57_1758205635.PCAP_PDR
-rw------- 1 dsp dsp 2.0G Sep 18 19:57 /data/TRANSIENT_BUFFER/PDR_GULP_data000.pcap_18_09_2025_19_57_1758205664.PCAP_PDR
-rw------- 1 dsp dsp 2.0G Sep 18 19:58 /data/TRANSIENT_BUFFER/PDR_GULP_data001.pcap_18_09_2025_19_58_1758205693.PCAP_PDR
-rw------- 1 dsp dsp 2.0G Sep 18 19:58 /data/TRANSIENT_BUFFER/PDR_GULP_data002.pcap_18_09_2025_19_58_1758205723.PCAP_PDR
-rw------- 1 dsp dsp 2.0G Sep 18 19:59 /data/TRANSIENT_BUFFER/PDR_GULP_data000.pcap_18_09_2025_19_59_1758205752.PCAP_PDR
-rw------- 1 dsp dsp 2.0G Sep 18 19:59 /data/TRANSIENT_BUFFER/PDR_GULP_data001.pcap_18_09_2025_19_59_1758205781.PCAP_PDR
-rw------- 1 dsp dsp 2.0G Sep 18 20:00 /data/TRANSIENT_BUFFER/PDR_GULP_data002.pcap_18_09_2025_20_00_1758205810.PCAP_PDR
-rw------- 1 dsp dsp 2.0G Sep 18 20:00 /data/TRANSIENT_BUFFER/PDR_GULP_data000.pcap_18_09_2025_20_00_1758205839.PCAP_PDR
-rw------- 1 dsp dsp 2.0G Sep 18 20:01 /data/TRANSIENT_BUFFER/PDR_GULP_data001.pcap_18_09_2025_20_01_1758205869.PCAP_PDR
-rw------- 1 dsp dsp 2.0G Sep 18 20:01 /data/TRANSIENT_BUFFER/PDR_GULP_data002.pcap_18_09_2025_20_01_1758205898.PCAP_PDR
-rw------- 1 dsp dsp 2.0G Sep 18 20:02 /data/TRANSIENT_BUFFER/PDR_GULP_data000.pcap_18_09_2025_20_02_1758205927.PCAP_PDR
-rw------- 1 dsp dsp 2.0G Sep 18 20:02 /data/TRANSIENT_BUFFER/PDR_GULP_data001.pcap_18_09_2025_20_02_1758205956.PCAP_PDR
-rw------- 1 dsp dsp 2.0G Sep 18 20:03 /data/TRANSIENT_BUFFER/PDR_GULP_data002.pcap_18_09_2025_20_03_1758205985.PCAP_PDR
-rw------- 1 dsp dsp 2.0G Sep 18 20:03 /data/TRANSIENT_BUFFER/PDR_GULP_data000.pcap_18_09_2025_20_03_1758206015.PCAP_PDR
-rw------- 1 dsp dsp 2.0G Sep 18 20:04 /data/TRANSIENT_BUFFER/PDR_GULP_data001.pcap_18_09_2025_20_04_1758206044.PCAP_PDR
-rw------- 1 dsp dsp 2.0G Sep 18 20:04 /data/TRANSIENT_BUFFER/PDR_GULP_data002.pcap_18_09_2025_20_04_1758206073.PCAP_PDR
-rw------- 1 dsp dsp 2.0G Sep 18 20:04 /data/TRANSIENT_BUFFER/PDR_GULP_data000.pcap_18_09_2025_20_05_1758206102.PCAP_PDR
-rw------- 1 dsp dsp 2.0G Sep 18 20:05 /data/TRANSIENT_BUFFER/PDR_GULP_data001.pcap_18_09_2025_20_05_1758206131.PCAP_PDR
-rw------- 1 dsp dsp 2.0G Sep 18 20:05 /data/TRANSIENT_BUFFER/PDR_GULP_data002.pcap_18_09_2025_20_06_1758206161.PCAP_PDR
-rw------- 1 dsp dsp 2.0G Sep 18 20:06 /data/TRANSIENT_BUFFER/PDR_GULP_data000.pcap_18_09_2025_20_06_1758206190.PCAP_PDR
-rw------- 1 dsp dsp 2.0G Sep 18 20:06 /data/TRANSIENT_BUFFER/PDR_GULP_data001.pcap_18_09_2025_20_06_1758206219.PCAP_PDR
-rw------- 1 dsp dsp 2.0G Sep 18 20:07 /data/TRANSIENT_BUFFER/PDR_GULP_data002.pcap_18_09_2025_20_07_1758206248.PCAP_PDR
-rw------- 1 dsp dsp 2.0G Sep 18 20:07 /data/TRANSIENT_BUFFER/PDR_GULP_data000.pcap_18_09_2025_20_07_1758206277.PCAP_PDR
-rw------- 1 dsp dsp 2.0G Sep 18 20:08 /data/TRANSIENT_BUFFER/PDR_GULP_data001.pcap_18_09_2025_20_08_1758206307.PCAP_PDR
18-09-2025 20:08 RAW PCAP data moved from Transient Buffer.
18-09-2025 20:08 SLIP check Started ...
18-09-2025 20:08 - WARNING - Data Directory: /data/dsp/GBD_TRANSIENT_BUFFER/J1921+2153/18_09_2025
18-09-2025 20:08 - WARNING - Number of Files: 80
18-09-2025 20:08 - WARNING - No packet loss: /data/dsp/GBD_TRANSIENT_BUFFER/J1921+2153/18_09_2025/PDR_GULP_data000.pcap_18_09_2025_19_29_1758203999.PCAP_PDR
18-09-2025 20:08 - WARNING - first_pkt_count, first_gps_count, first_pkt_Tstamp
18-09-2025 20:08 - WARNING - 2227754414 59086 2025-09-18T13:59:27.638299
18-09-2025 20:08 - WARNING - last_pkt_count, last_gps_count, last_pkt_Tstamp
18-09-2025 20:08 - WARNING - 2229636956 59119 2025-09-18T13:59:56.845608
18-09-2025 20:08 - WARNING - diff_pkt_count  , diff_gps_count ,  diff_pkt_timstamp
18-09-2025 20:08 - WARNING - 1882542 33 29207309 microseconds
18-09-2025 20:08 - WARNING - No packet loss: /data/dsp/GBD_TRANSIENT_BUFFER/J1921+2153/18_09_2025/PDR_GULP_data001.pcap_18_09_2025_19_30_1758204029.PCAP_PDR
18-09-2025 20:08 - WARNING - first_pkt_count, first_gps_count, first_pkt_Tstamp
18-09-2025 20:08 - WARNING - 2229636957 59119 2025-09-18T13:59:56.845608
18-09-2025 20:08 - WARNING - last_pkt_count, last_gps_count, last_pkt_Tstamp
18-09-2025 20:08 - WARNING - 2231519498 59152 2025-09-18T14:00:26.053041
18-09-2025 20:08 - WARNING - diff_pkt_count  , diff_gps_count ,  diff_pkt_timstamp
18-09-2025 20:08 - WARNING - 1882541 33 29207433 microseconds
18-09-2025 20:08 - WARNING - No packet loss: /data/dsp/GBD_TRANSIENT_BUFFER/J1921+2153/18_09_2025/PDR_GULP_data002.pcap_18_09_2025_19_30_1758204058.PCAP_PDR
18-09-2025 20:08 - WARNING - first_pkt_count, first_gps_count, first_pkt_Tstamp
18-09-2025 20:08 - WARNING - 2231519499 59152 2025-09-18T14:00:26.053041
18-09-2025 20:08 - WARNING - last_pkt_count, last_gps_count, last_pkt_Tstamp
18-09-2025 20:08 - WARNING - 2233402040 59185 2025-09-18T14:00:55.260387
18-09-2025 20:08 - WARNING - diff_pkt_count  , diff_gps_count ,  diff_pkt_timstamp
18-09-2025 20:08 - WARNING - 1882541 33 29207346 microseconds
18-09-2025 20:08 - WARNING - No packet loss: /data/dsp/GBD_TRANSIENT_BUFFER/J1921+2153/18_09_2025/PDR_GULP_data000.pcap_18_09_2025_19_31_1758204087.PCAP_PDR
18-09-2025 20:08 - WARNING - first_pkt_count, first_gps_count, first_pkt_Tstamp
18-09-2025 20:08 - WARNING - 2233402041 59185 2025-09-18T14:00:55.260387
18-09-2025 20:08 - WARNING - last_pkt_count, last_gps_count, last_pkt_Tstamp
18-09-2025 20:08 - WARNING - 2235284582 59218 2025-09-18T14:01:24.467867
18-09-2025 20:08 - WARNING - diff_pkt_count  , diff_gps_count ,  diff_pkt_timstamp
18-09-2025 20:08 - WARNING - 1882541 33 29207480 microseconds
18-09-2025 20:08 - WARNING - No packet loss: /data/dsp/GBD_TRANSIENT_BUFFER/J1921+2153/18_09_2025/PDR_GULP_data001.pcap_18_09_2025_19_31_1758204116.PCAP_PDR
18-09-2025 20:08 - WARNING - first_pkt_count, first_gps_count, first_pkt_Tstamp
18-09-2025 20:08 - WARNING - 2235284583 59218 2025-09-18T14:01:24.467867
18-09-2025 20:08 - WARNING - last_pkt_count, last_gps_count, last_pkt_Tstamp
18-09-2025 20:08 - WARNING - 2237167124 59249 2025-09-18T14:01:53.675290
18-09-2025 20:08 - WARNING - diff_pkt_count  , diff_gps_count ,  diff_pkt_timstamp
18-09-2025 20:08 - WARNING - 1882541 31 29207423 microseconds
18-09-2025 20:08 - WARNING - No packet loss: /data/dsp/GBD_TRANSIENT_BUFFER/J1921+2153/18_09_2025/PDR_GULP_data002.pcap_18_09_2025_19_32_1758204145.PCAP_PDR
18-09-2025 20:08 - WARNING - first_pkt_count, first_gps_count, first_pkt_Tstamp
18-09-2025 20:08 - WARNING - 2237167125 59249 2025-09-18T14:01:53.675291
18-09-2025 20:08 - WARNING - last_pkt_count, last_gps_count, last_pkt_Tstamp
18-09-2025 20:08 - WARNING - 2239049666 59282 2025-09-18T14:02:22.882771
18-09-2025 20:08 - WARNING - diff_pkt_count  , diff_gps_count ,  diff_pkt_timstamp
18-09-2025 20:08 - WARNING - 1882541 33 29207480 microseconds
18-09-2025 20:08 - WARNING - No packet loss: /data/dsp/GBD_TRANSIENT_BUFFER/J1921+2153/18_09_2025/PDR_GULP_data000.pcap_18_09_2025_19_32_1758204175.PCAP_PDR
18-09-2025 20:08 - WARNING - first_pkt_count, first_gps_count, first_pkt_Tstamp
18-09-2025 20:08 - WARNING - 2239049667 59282 2025-09-18T14:02:22.882771
18-09-2025 20:08 - WARNING - last_pkt_count, last_gps_count, last_pkt_Tstamp
18-09-2025 20:08 - WARNING - 2240932209 59317 2025-09-18T14:02:52.090228
18-09-2025 20:08 - WARNING - diff_pkt_count  , diff_gps_count ,  diff_pkt_timstamp
18-09-2025 20:08 - WARNING - 1882542 35 29207457 microseconds
18-09-2025 20:08 - WARNING - No packet loss: /data/dsp/GBD_TRANSIENT_BUFFER/J1921+2153/18_09_2025/PDR_GULP_data001.pcap_18_09_2025_19_33_1758204204.PCAP_PDR
18-09-2025 20:08 - WARNING - first_pkt_count, first_gps_count, first_pkt_Tstamp
18-09-2025 20:08 - WARNING - 2240932210 59317 2025-09-18T14:02:52.090228
18-09-2025 20:08 - WARNING - last_pkt_count, last_gps_count, last_pkt_Tstamp
18-09-2025 20:08 - WARNING - 2242814751 59352 2025-09-18T14:03:21.297757
18-09-2025 20:08 - WARNING - diff_pkt_count  , diff_gps_count ,  diff_pkt_timstamp
18-09-2025 20:08 - WARNING - 1882541 35 29207529 microseconds
18-09-2025 20:08 - WARNING - No packet loss: /data/dsp/GBD_TRANSIENT_BUFFER/J1921+2153/18_09_2025/PDR_GULP_data002.pcap_18_09_2025_19_33_1758204233.PCAP_PDR
18-09-2025 20:08 - WARNING - first_pkt_count, first_gps_count, first_pkt_Tstamp
18-09-2025 20:08 - WARNING - 2242814752 59352 2025-09-18T14:03:21.297757
18-09-2025 20:08 - WARNING - last_pkt_count, last_gps_count, last_pkt_Tstamp
18-09-2025 20:08 - WARNING - 2244697293 59386 2025-09-18T14:03:50.505214
18-09-2025 20:08 - WARNING - diff_pkt_count  , diff_gps_count ,  diff_pkt_timstamp
18-09-2025 20:08 - WARNING - 1882541 34 29207457 microseconds
18-09-2025 20:08 - WARNING - No packet loss: /data/dsp/GBD_TRANSIENT_BUFFER/J1921+2153/18_09_2025/PDR_GULP_data000.pcap_18_09_2025_19_34_1758204262.PCAP_PDR
18-09-2025 20:08 - WARNING - first_pkt_count, first_gps_count, first_pkt_Tstamp
18-09-2025 20:08 - WARNING - 2244697294 59386 2025-09-18T14:03:50.505305
18-09-2025 20:08 - WARNING - last_pkt_count, last_gps_count, last_pkt_Tstamp
18-09-2025 20:08 - WARNING - 2246579835 59423 2025-09-18T14:04:19.712745
18-09-2025 20:08 - WARNING - diff_pkt_count  , diff_gps_count ,  diff_pkt_timstamp
18-09-2025 20:08 - WARNING - 1882541 37 29207440 microseconds
18-09-2025 20:08 - WARNING - No packet loss: /data/dsp/GBD_TRANSIENT_BUFFER/J1921+2153/18_09_2025/PDR_GULP_data001.pcap_18_09_2025_19_34_1758204291.PCAP_PDR
18-09-2025 20:08 - WARNING - first_pkt_count, first_gps_count, first_pkt_Tstamp
18-09-2025 20:08 - WARNING - 2246579836 59423 2025-09-18T14:04:19.712798
18-09-2025 20:08 - WARNING - last_pkt_count, last_gps_count, last_pkt_Tstamp
18-09-2025 20:08 - WARNING - 2248462377 59458 2025-09-18T14:04:48.920298
18-09-2025 20:08 - WARNING - diff_pkt_count  , diff_gps_count ,  diff_pkt_timstamp
18-09-2025 20:08 - WARNING - 1882541 35 29207500 microseconds
18-09-2025 20:08 - WARNING - No packet loss: /data/dsp/GBD_TRANSIENT_BUFFER/J1921+2153/18_09_2025/PDR_GULP_data002.pcap_18_09_2025_19_35_1758204321.PCAP_PDR
18-09-2025 20:08 - WARNING - first_pkt_count, first_gps_count, first_pkt_Tstamp
18-09-2025 20:08 - WARNING - 2248462378 59458 2025-09-18T14:04:48.920298
18-09-2025 20:08 - WARNING - last_pkt_count, last_gps_count, last_pkt_Tstamp
18-09-2025 20:08 - WARNING - 2250344919 59495 2025-09-18T14:05:18.127877
18-09-2025 20:08 - WARNING - diff_pkt_count  , diff_gps_count ,  diff_pkt_timstamp
18-09-2025 20:08 - WARNING - 1882541 37 29207579 microseconds
18-09-2025 20:08 - WARNING - No packet loss: /data/dsp/GBD_TRANSIENT_BUFFER/J1921+2153/18_09_2025/PDR_GULP_data000.pcap_18_09_2025_19_35_1758204350.PCAP_PDR
18-09-2025 20:08 - WARNING - first_pkt_count, first_gps_count, first_pkt_Tstamp
18-09-2025 20:08 - WARNING - 2250344920 59495 2025-09-18T14:05:18.127877
18-09-2025 20:08 - WARNING - last_pkt_count, last_gps_count, last_pkt_Tstamp
18-09-2025 20:08 - WARNING - 2252227462 59532 2025-09-18T14:05:47.335430
18-09-2025 20:08 - WARNING - diff_pkt_count  , diff_gps_count ,  diff_pkt_timstamp
18-09-2025 20:08 - WARNING - 1882542 37 29207553 microseconds
18-09-2025 20:08 - WARNING - No packet loss: /data/dsp/GBD_TRANSIENT_BUFFER/J1921+2153/18_09_2025/PDR_GULP_data001.pcap_18_09_2025_19_36_1758204379.PCAP_PDR
18-09-2025 20:08 - WARNING - first_pkt_count, first_gps_count, first_pkt_Tstamp
18-09-2025 20:08 - WARNING - 2252227463 59532 2025-09-18T14:05:47.335430
18-09-2025 20:08 - WARNING - last_pkt_count, last_gps_count, last_pkt_Tstamp
18-09-2025 20:08 - WARNING - 2254110004 59567 2025-09-18T14:06:16.543003
18-09-2025 20:08 - WARNING - diff_pkt_count  , diff_gps_count ,  diff_pkt_timstamp
18-09-2025 20:08 - WARNING - 1882541 35 29207573 microseconds
18-09-2025 20:08 - WARNING - No packet loss: /data/dsp/GBD_TRANSIENT_BUFFER/J1921+2153/18_09_2025/PDR_GULP_data002.pcap_18_09_2025_19_36_1758204408.PCAP_PDR
18-09-2025 20:08 - WARNING - first_pkt_count, first_gps_count, first_pkt_Tstamp
18-09-2025 20:08 - WARNING - 2254110005 59567 2025-09-18T14:06:16.543003
18-09-2025 20:08 - WARNING - last_pkt_count, last_gps_count, last_pkt_Tstamp
18-09-2025 20:08 - WARNING - 2255992546 59602 2025-09-18T14:06:45.750563
18-09-2025 20:08 - WARNING - diff_pkt_count  , diff_gps_count ,  diff_pkt_timstamp
18-09-2025 20:08 - WARNING - 1882541 35 29207560 microseconds
18-09-2025 20:08 - WARNING - No packet loss: /data/dsp/GBD_TRANSIENT_BUFFER/J1921+2153/18_09_2025/PDR_GULP_data000.pcap_18_09_2025_19_37_1758204437.PCAP_PDR
18-09-2025 20:08 - WARNING - first_pkt_count, first_gps_count, first_pkt_Tstamp
18-09-2025 20:08 - WARNING - 2255992547 59602 2025-09-18T14:06:45.750614
18-09-2025 20:08 - WARNING - last_pkt_count, last_gps_count, last_pkt_Tstamp
18-09-2025 20:08 - WARNING - 2257875088 59635 2025-09-18T14:07:14.958153
18-09-2025 20:08 - WARNING - diff_pkt_count  , diff_gps_count ,  diff_pkt_timstamp
18-09-2025 20:08 - WARNING - 1882541 33 29207539 microseconds
18-09-2025 20:08 - WARNING - No packet loss: /data/dsp/GBD_TRANSIENT_BUFFER/J1921+2153/18_09_2025/PDR_GULP_data001.pcap_18_09_2025_19_37_1758204467.PCAP_PDR
18-09-2025 20:08 - WARNING - first_pkt_count, first_gps_count, first_pkt_Tstamp
18-09-2025 20:08 - WARNING - 2257875089 59635 2025-09-18T14:07:14.958207
18-09-2025 20:08 - WARNING - last_pkt_count, last_gps_count, last_pkt_Tstamp
18-09-2025 20:08 - WARNING - 2259757630 59671 2025-09-18T14:07:44.165776
18-09-2025 20:08 - WARNING - diff_pkt_count  , diff_gps_count ,  diff_pkt_timstamp
18-09-2025 20:08 - WARNING - 1882541 36 29207569 microseconds
18-09-2025 20:08 - WARNING - No packet loss: /data/dsp/GBD_TRANSIENT_BUFFER/J1921+2153/18_09_2025/PDR_GULP_data002.pcap_18_09_2025_19_38_1758204496.PCAP_PDR
18-09-2025 20:08 - WARNING - first_pkt_count, first_gps_count, first_pkt_Tstamp
18-09-2025 20:08 - WARNING - 2259757631 59671 2025-09-18T14:07:44.165776
18-09-2025 20:08 - WARNING - last_pkt_count, last_gps_count, last_pkt_Tstamp
18-09-2025 20:08 - WARNING - 2261640172 59703 2025-09-18T14:08:13.373405
18-09-2025 20:08 - WARNING - diff_pkt_count  , diff_gps_count ,  diff_pkt_timstamp
18-09-2025 20:08 - WARNING - 1882541 32 29207629 microseconds
18-09-2025 20:08 - WARNING - No packet loss: /data/dsp/GBD_TRANSIENT_BUFFER/J1921+2153/18_09_2025/PDR_GULP_data000.pcap_18_09_2025_19_38_1758204525.PCAP_PDR
18-09-2025 20:08 - WARNING - first_pkt_count, first_gps_count, first_pkt_Tstamp
18-09-2025 20:08 - WARNING - 2261640173 59703 2025-09-18T14:08:13.373405
18-09-2025 20:08 - WARNING - last_pkt_count, last_gps_count, last_pkt_Tstamp
18-09-2025 20:08 - WARNING - 2263522715 59740 2025-09-18T14:08:42.581069
18-09-2025 20:08 - WARNING - diff_pkt_count  , diff_gps_count ,  diff_pkt_timstamp
18-09-2025 20:08 - WARNING - 1882542 37 29207664 microseconds
18-09-2025 20:08 - WARNING - No packet loss: /data/dsp/GBD_TRANSIENT_BUFFER/J1921+2153/18_09_2025/PDR_GULP_data001.pcap_18_09_2025_19_39_1758204554.PCAP_PDR
18-09-2025 20:08 - WARNING - first_pkt_count, first_gps_count, first_pkt_Tstamp
18-09-2025 20:08 - WARNING - 2263522716 59740 2025-09-18T14:08:42.581069
18-09-2025 20:08 - WARNING - last_pkt_count, last_gps_count, last_pkt_Tstamp
18-09-2025 20:08 - WARNING - 2265405257 59775 2025-09-18T14:09:11.788686
18-09-2025 20:08 - WARNING - diff_pkt_count  , diff_gps_count ,  diff_pkt_timstamp
18-09-2025 20:08 - WARNING - 1882541 35 29207617 microseconds
18-09-2025 20:08 - WARNING - No packet loss: /data/dsp/GBD_TRANSIENT_BUFFER/J1921+2153/18_09_2025/PDR_GULP_data002.pcap_18_09_2025_19_39_1758204583.PCAP_PDR
18-09-2025 20:08 - WARNING - first_pkt_count, first_gps_count, first_pkt_Tstamp
18-09-2025 20:08 - WARNING - 2265405258 59775 2025-09-18T14:09:11.788686
18-09-2025 20:08 - WARNING - last_pkt_count, last_gps_count, last_pkt_Tstamp
18-09-2025 20:08 - WARNING - 2267287799 59808 2025-09-18T14:09:40.996291
18-09-2025 20:08 - WARNING - diff_pkt_count  , diff_gps_count ,  diff_pkt_timstamp
18-09-2025 20:08 - WARNING - 1882541 33 29207605 microseconds
18-09-2025 20:08 - WARNING - No packet loss: /data/dsp/GBD_TRANSIENT_BUFFER/J1921+2153/18_09_2025/PDR_GULP_data000.pcap_18_09_2025_19_40_1758204613.PCAP_PDR
18-09-2025 20:08 - WARNING - first_pkt_count, first_gps_count, first_pkt_Tstamp
18-09-2025 20:08 - WARNING - 2267287800 59808 2025-09-18T14:09:40.996343
18-09-2025 20:08 - WARNING - last_pkt_count, last_gps_count, last_pkt_Tstamp
18-09-2025 20:08 - WARNING - 2269170341 59842 2025-09-18T14:10:10.203989
18-09-2025 20:08 - WARNING - diff_pkt_count  , diff_gps_count ,  diff_pkt_timstamp
18-09-2025 20:08 - WARNING - 1882541 34 29207646 microseconds
18-09-2025 20:08 - WARNING - No packet loss: /data/dsp/GBD_TRANSIENT_BUFFER/J1921+2153/18_09_2025/PDR_GULP_data001.pcap_18_09_2025_19_40_1758204642.PCAP_PDR
18-09-2025 20:08 - WARNING - first_pkt_count, first_gps_count, first_pkt_Tstamp
18-09-2025 20:08 - WARNING - 2269170342 59842 2025-09-18T14:10:10.203989
18-09-2025 20:08 - WARNING - last_pkt_count, last_gps_count, last_pkt_Tstamp
18-09-2025 20:08 - WARNING - 2271052883 59875 2025-09-18T14:10:39.411640
18-09-2025 20:08 - WARNING - diff_pkt_count  , diff_gps_count ,  diff_pkt_timstamp
18-09-2025 20:08 - WARNING - 1882541 33 29207651 microseconds
18-09-2025 20:08 - WARNING - No packet loss: /data/dsp/GBD_TRANSIENT_BUFFER/J1921+2153/18_09_2025/PDR_GULP_data002.pcap_18_09_2025_19_41_1758204671.PCAP_PDR
18-09-2025 20:08 - WARNING - first_pkt_count, first_gps_count, first_pkt_Tstamp
18-09-2025 20:08 - WARNING - 2271052884 59875 2025-09-18T14:10:39.411641
18-09-2025 20:08 - WARNING - last_pkt_count, last_gps_count, last_pkt_Tstamp
18-09-2025 20:08 - WARNING - 2272935425 59906 2025-09-18T14:11:08.619284
18-09-2025 20:08 - WARNING - diff_pkt_count  , diff_gps_count ,  diff_pkt_timstamp
18-09-2025 20:08 - WARNING - 1882541 31 29207643 microseconds
18-09-2025 20:08 - WARNING - No packet loss: /data/dsp/GBD_TRANSIENT_BUFFER/J1921+2153/18_09_2025/PDR_GULP_data000.pcap_18_09_2025_19_41_1758204700.PCAP_PDR
18-09-2025 20:08 - WARNING - first_pkt_count, first_gps_count, first_pkt_Tstamp
18-09-2025 20:08 - WARNING - 2272935426 59906 2025-09-18T14:11:08.619284
18-09-2025 20:08 - WARNING - last_pkt_count, last_gps_count, last_pkt_Tstamp
18-09-2025 20:08 - WARNING - 2274817968 59940 2025-09-18T14:11:37.826995
18-09-2025 20:08 - WARNING - diff_pkt_count  , diff_gps_count ,  diff_pkt_timstamp
18-09-2025 20:08 - WARNING - 1882542 34 29207711 microseconds
18-09-2025 20:08 - WARNING - No packet loss: /data/dsp/GBD_TRANSIENT_BUFFER/J1921+2153/18_09_2025/PDR_GULP_data001.pcap_18_09_2025_19_42_1758204730.PCAP_PDR
18-09-2025 20:08 - WARNING - first_pkt_count, first_gps_count, first_pkt_Tstamp
18-09-2025 20:08 - WARNING - 2274817969 59940 2025-09-18T14:11:37.826995
18-09-2025 20:08 - WARNING - last_pkt_count, last_gps_count, last_pkt_Tstamp
18-09-2025 20:08 - WARNING - 2276700510 59974 2025-09-18T14:12:07.034668
18-09-2025 20:08 - WARNING - diff_pkt_count  , diff_gps_count ,  diff_pkt_timstamp
18-09-2025 20:08 - WARNING - 1882541 34 29207673 microseconds
18-09-2025 20:08 - WARNING - No packet loss: /data/dsp/GBD_TRANSIENT_BUFFER/J1921+2153/18_09_2025/PDR_GULP_data002.pcap_18_09_2025_19_42_1758204759.PCAP_PDR
18-09-2025 20:08 - WARNING - first_pkt_count, first_gps_count, first_pkt_Tstamp
18-09-2025 20:08 - WARNING - 2276700511 59974 2025-09-18T14:12:07.034668
18-09-2025 20:08 - WARNING - last_pkt_count, last_gps_count, last_pkt_Tstamp
18-09-2025 20:08 - WARNING - 2278583052 60007 2025-09-18T14:12:36.242326
18-09-2025 20:08 - WARNING - diff_pkt_count  , diff_gps_count ,  diff_pkt_timstamp
18-09-2025 20:08 - WARNING - 1882541 33 29207658 microseconds
18-09-2025 20:08 - WARNING - No packet loss: /data/dsp/GBD_TRANSIENT_BUFFER/J1921+2153/18_09_2025/PDR_GULP_data000.pcap_18_09_2025_19_43_1758204788.PCAP_PDR
18-09-2025 20:08 - WARNING - first_pkt_count, first_gps_count, first_pkt_Tstamp
18-09-2025 20:08 - WARNING - 2278583053 60007 2025-09-18T14:12:36.242327
18-09-2025 20:08 - WARNING - last_pkt_count, last_gps_count, last_pkt_Tstamp
18-09-2025 20:08 - WARNING - 2280465594 60041 2025-09-18T14:13:05.450027
18-09-2025 20:08 - WARNING - diff_pkt_count  , diff_gps_count ,  diff_pkt_timstamp
18-09-2025 20:08 - WARNING - 1882541 34 29207700 microseconds
18-09-2025 20:08 - WARNING - No packet loss: /data/dsp/GBD_TRANSIENT_BUFFER/J1921+2153/18_09_2025/PDR_GULP_data001.pcap_18_09_2025_19_43_1758204817.PCAP_PDR
18-09-2025 20:08 - WARNING - first_pkt_count, first_gps_count, first_pkt_Tstamp
18-09-2025 20:08 - WARNING - 2280465595 60041 2025-09-18T14:13:05.450027
18-09-2025 20:08 - WARNING - last_pkt_count, last_gps_count, last_pkt_Tstamp
18-09-2025 20:08 - WARNING - 2282348136 60073 2025-09-18T14:13:34.657721
18-09-2025 20:08 - WARNING - diff_pkt_count  , diff_gps_count ,  diff_pkt_timstamp
18-09-2025 20:08 - WARNING - 1882541 32 29207694 microseconds
18-09-2025 20:08 - WARNING - No packet loss: /data/dsp/GBD_TRANSIENT_BUFFER/J1921+2153/18_09_2025/PDR_GULP_data002.pcap_18_09_2025_19_44_1758204846.PCAP_PDR
18-09-2025 20:08 - WARNING - first_pkt_count, first_gps_count, first_pkt_Tstamp
18-09-2025 20:08 - WARNING - 2282348137 60073 2025-09-18T14:13:34.657722
18-09-2025 20:08 - WARNING - last_pkt_count, last_gps_count, last_pkt_Tstamp
18-09-2025 20:08 - WARNING - 2284230678 60106 2025-09-18T14:14:03.865488
18-09-2025 20:08 - WARNING - diff_pkt_count  , diff_gps_count ,  diff_pkt_timstamp
18-09-2025 20:08 - WARNING - 1882541 33 29207766 microseconds
18-09-2025 20:08 - WARNING - No packet loss: /data/dsp/GBD_TRANSIENT_BUFFER/J1921+2153/18_09_2025/PDR_GULP_data000.pcap_18_09_2025_19_44_1758204876.PCAP_PDR
18-09-2025 20:08 - WARNING - first_pkt_count, first_gps_count, first_pkt_Tstamp
18-09-2025 20:08 - WARNING - 2284230679 60106 2025-09-18T14:14:03.865489
18-09-2025 20:08 - WARNING - last_pkt_count, last_gps_count, last_pkt_Tstamp
18-09-2025 20:08 - WARNING - 2286113221 60139 2025-09-18T14:14:33.073145
18-09-2025 20:08 - WARNING - diff_pkt_count  , diff_gps_count ,  diff_pkt_timstamp
18-09-2025 20:08 - WARNING - 1882542 33 29207656 microseconds
18-09-2025 20:08 - WARNING - No packet loss: /data/dsp/GBD_TRANSIENT_BUFFER/J1921+2153/18_09_2025/PDR_GULP_data001.pcap_18_09_2025_19_45_1758204905.PCAP_PDR
18-09-2025 20:08 - WARNING - first_pkt_count, first_gps_count, first_pkt_Tstamp
18-09-2025 20:08 - WARNING - 2286113222 60139 2025-09-18T14:14:33.073145
18-09-2025 20:08 - WARNING - last_pkt_count, last_gps_count, last_pkt_Tstamp
18-09-2025 20:08 - WARNING - 2287995763 60170 2025-09-18T14:15:02.280844
18-09-2025 20:08 - WARNING - diff_pkt_count  , diff_gps_count ,  diff_pkt_timstamp
18-09-2025 20:08 - WARNING - 1882541 31 29207699 microseconds
18-09-2025 20:08 - WARNING - No packet loss: /data/dsp/GBD_TRANSIENT_BUFFER/J1921+2153/18_09_2025/PDR_GULP_data002.pcap_18_09_2025_19_45_1758204934.PCAP_PDR
18-09-2025 20:08 - WARNING - first_pkt_count, first_gps_count, first_pkt_Tstamp
18-09-2025 20:08 - WARNING - 2287995764 60170 2025-09-18T14:15:02.280936
18-09-2025 20:08 - WARNING - last_pkt_count, last_gps_count, last_pkt_Tstamp
18-09-2025 20:08 - WARNING - 2289878305 60203 2025-09-18T14:15:31.488535
18-09-2025 20:08 - WARNING - diff_pkt_count  , diff_gps_count ,  diff_pkt_timstamp
18-09-2025 20:08 - WARNING - 1882541 33 29207599 microseconds
18-09-2025 20:08 - WARNING - No packet loss: /data/dsp/GBD_TRANSIENT_BUFFER/J1921+2153/18_09_2025/PDR_GULP_data000.pcap_18_09_2025_19_46_1758204963.PCAP_PDR
18-09-2025 20:08 - WARNING - first_pkt_count, first_gps_count, first_pkt_Tstamp
18-09-2025 20:08 - WARNING - 2289878306 60203 2025-09-18T14:15:31.488588
18-09-2025 20:08 - WARNING - last_pkt_count, last_gps_count, last_pkt_Tstamp
18-09-2025 20:08 - WARNING - 2291760847 60237 2025-09-18T14:16:00.696356
18-09-2025 20:08 - WARNING - diff_pkt_count  , diff_gps_count ,  diff_pkt_timstamp
18-09-2025 20:08 - WARNING - 1882541 34 29207768 microseconds
18-09-2025 20:08 - WARNING - No packet loss: /data/dsp/GBD_TRANSIENT_BUFFER/J1921+2153/18_09_2025/PDR_GULP_data001.pcap_18_09_2025_19_46_1758204992.PCAP_PDR
18-09-2025 20:08 - WARNING - first_pkt_count, first_gps_count, first_pkt_Tstamp
18-09-2025 20:08 - WARNING - 2291760848 60237 2025-09-18T14:16:00.696356
18-09-2025 20:08 - WARNING - last_pkt_count, last_gps_count, last_pkt_Tstamp
18-09-2025 20:08 - WARNING - 2293643389 60269 2025-09-18T14:16:29.904021
18-09-2025 20:08 - WARNING - diff_pkt_count  , diff_gps_count ,  diff_pkt_timstamp
18-09-2025 20:08 - WARNING - 1882541 32 29207665 microseconds
18-09-2025 20:08 - WARNING - No packet loss: /data/dsp/GBD_TRANSIENT_BUFFER/J1921+2153/18_09_2025/PDR_GULP_data002.pcap_18_09_2025_19_47_1758205022.PCAP_PDR
18-09-2025 20:08 - WARNING - first_pkt_count, first_gps_count, first_pkt_Tstamp
18-09-2025 20:08 - WARNING - 2293643390 60269 2025-09-18T14:16:29.904021
18-09-2025 20:08 - WARNING - last_pkt_count, last_gps_count, last_pkt_Tstamp
18-09-2025 20:08 - WARNING - 2295525931 60303 2025-09-18T14:16:59.111715
18-09-2025 20:08 - WARNING - diff_pkt_count  , diff_gps_count ,  diff_pkt_timstamp
18-09-2025 20:08 - WARNING - 1882541 34 29207694 microseconds
18-09-2025 20:08 - WARNING - No packet loss: /data/dsp/GBD_TRANSIENT_BUFFER/J1921+2153/18_09_2025/PDR_GULP_data000.pcap_18_09_2025_19_47_1758205051.PCAP_PDR
18-09-2025 20:08 - WARNING - first_pkt_count, first_gps_count, first_pkt_Tstamp
18-09-2025 20:08 - WARNING - 2295525932 60303 2025-09-18T14:16:59.111768
18-09-2025 20:08 - WARNING - last_pkt_count, last_gps_count, last_pkt_Tstamp
18-09-2025 20:08 - WARNING - 2297408474 60337 2025-09-18T14:17:28.319481
18-09-2025 20:08 - WARNING - diff_pkt_count  , diff_gps_count ,  diff_pkt_timstamp
18-09-2025 20:08 - WARNING - 1882542 34 29207713 microseconds
18-09-2025 20:08 - WARNING - No packet loss: /data/dsp/GBD_TRANSIENT_BUFFER/J1921+2153/18_09_2025/PDR_GULP_data001.pcap_18_09_2025_19_48_1758205080.PCAP_PDR
18-09-2025 20:08 - WARNING - first_pkt_count, first_gps_count, first_pkt_Tstamp
18-09-2025 20:08 - WARNING - 2297408475 60337 2025-09-18T14:17:28.319481
18-09-2025 20:08 - WARNING - last_pkt_count, last_gps_count, last_pkt_Tstamp
18-09-2025 20:08 - WARNING - 2299291016 60367 2025-09-18T14:17:57.527207
18-09-2025 20:08 - WARNING - diff_pkt_count  , diff_gps_count ,  diff_pkt_timstamp
18-09-2025 20:08 - WARNING - 1882541 30 29207726 microseconds
18-09-2025 20:08 - WARNING - No packet loss: /data/dsp/GBD_TRANSIENT_BUFFER/J1921+2153/18_09_2025/PDR_GULP_data002.pcap_18_09_2025_19_48_1758205109.PCAP_PDR
18-09-2025 20:08 - WARNING - first_pkt_count, first_gps_count, first_pkt_Tstamp
18-09-2025 20:08 - WARNING - 2299291017 60367 2025-09-18T14:17:57.527207
18-09-2025 20:08 - WARNING - last_pkt_count, last_gps_count, last_pkt_Tstamp
18-09-2025 20:08 - WARNING - 2301173558 60400 2025-09-18T14:18:26.734928
18-09-2025 20:08 - WARNING - diff_pkt_count  , diff_gps_count ,  diff_pkt_timstamp
18-09-2025 20:08 - WARNING - 1882541 33 29207721 microseconds
18-09-2025 20:08 - WARNING - No packet loss: /data/dsp/GBD_TRANSIENT_BUFFER/J1921+2153/18_09_2025/PDR_GULP_data000.pcap_18_09_2025_19_48_1758205138.PCAP_PDR
18-09-2025 20:08 - WARNING - first_pkt_count, first_gps_count, first_pkt_Tstamp
18-09-2025 20:08 - WARNING - 2301173559 60400 2025-09-18T14:18:26.734928
18-09-2025 20:08 - WARNING - last_pkt_count, last_gps_count, last_pkt_Tstamp
18-09-2025 20:08 - WARNING - 2303056100 60437 2025-09-18T14:18:55.942696
18-09-2025 20:08 - WARNING - diff_pkt_count  , diff_gps_count ,  diff_pkt_timstamp
18-09-2025 20:08 - WARNING - 1882541 37 29207768 microseconds
18-09-2025 20:08 - WARNING - No packet loss: /data/dsp/GBD_TRANSIENT_BUFFER/J1921+2153/18_09_2025/PDR_GULP_data001.pcap_18_09_2025_19_49_1758205168.PCAP_PDR
18-09-2025 20:08 - WARNING - first_pkt_count, first_gps_count, first_pkt_Tstamp
18-09-2025 20:08 - WARNING - 2303056101 60437 2025-09-18T14:18:55.942696
18-09-2025 20:08 - WARNING - last_pkt_count, last_gps_count, last_pkt_Tstamp
18-09-2025 20:08 - WARNING - 2304938642 60471 2025-09-18T14:19:25.150431
18-09-2025 20:08 - WARNING - diff_pkt_count  , diff_gps_count ,  diff_pkt_timstamp
18-09-2025 20:08 - WARNING - 1882541 34 29207735 microseconds
18-09-2025 20:08 - WARNING - No packet loss: /data/dsp/GBD_TRANSIENT_BUFFER/J1921+2153/18_09_2025/PDR_GULP_data002.pcap_18_09_2025_19_49_1758205197.PCAP_PDR
18-09-2025 20:08 - WARNING - first_pkt_count, first_gps_count, first_pkt_Tstamp
18-09-2025 20:08 - WARNING - 2304938643 60471 2025-09-18T14:19:25.150432
18-09-2025 20:08 - WARNING - last_pkt_count, last_gps_count, last_pkt_Tstamp
18-09-2025 20:08 - WARNING - 2306821184 60507 2025-09-18T14:19:54.358224
18-09-2025 20:08 - WARNING - diff_pkt_count  , diff_gps_count ,  diff_pkt_timstamp
18-09-2025 20:08 - WARNING - 1882541 36 29207792 microseconds
18-09-2025 20:08 - WARNING - No packet loss: /data/dsp/GBD_TRANSIENT_BUFFER/J1921+2153/18_09_2025/PDR_GULP_data000.pcap_18_09_2025_19_50_1758205226.PCAP_PDR
18-09-2025 20:08 - WARNING - first_pkt_count, first_gps_count, first_pkt_Tstamp
18-09-2025 20:08 - WARNING - 2306821185 60507 2025-09-18T14:19:54.358224
18-09-2025 20:08 - WARNING - last_pkt_count, last_gps_count, last_pkt_Tstamp
18-09-2025 20:08 - WARNING - 2308703727 60540 2025-09-18T14:20:23.565960
18-09-2025 20:08 - WARNING - diff_pkt_count  , diff_gps_count ,  diff_pkt_timstamp
18-09-2025 20:08 - WARNING - 1882542 33 29207736 microseconds
18-09-2025 20:08 - WARNING - No packet loss: /data/dsp/GBD_TRANSIENT_BUFFER/J1921+2153/18_09_2025/PDR_GULP_data001.pcap_18_09_2025_19_50_1758205255.PCAP_PDR
18-09-2025 20:08 - WARNING - first_pkt_count, first_gps_count, first_pkt_Tstamp
18-09-2025 20:08 - WARNING - 2308703728 60540 2025-09-18T14:20:23.565961
18-09-2025 20:08 - WARNING - last_pkt_count, last_gps_count, last_pkt_Tstamp
18-09-2025 20:08 - WARNING - 2310586269 60572 2025-09-18T14:20:52.773660
18-09-2025 20:08 - WARNING - diff_pkt_count  , diff_gps_count ,  diff_pkt_timstamp
18-09-2025 20:08 - WARNING - 1882541 32 29207699 microseconds
18-09-2025 20:08 - WARNING - No packet loss: /data/dsp/GBD_TRANSIENT_BUFFER/J1921+2153/18_09_2025/PDR_GULP_data002.pcap_18_09_2025_19_51_1758205284.PCAP_PDR
18-09-2025 20:08 - WARNING - first_pkt_count, first_gps_count, first_pkt_Tstamp
18-09-2025 20:08 - WARNING - 2310586270 60572 2025-09-18T14:20:52.773753
18-09-2025 20:08 - WARNING - last_pkt_count, last_gps_count, last_pkt_Tstamp
18-09-2025 20:08 - WARNING - 2312468811 60603 2025-09-18T14:21:21.981413
18-09-2025 20:08 - WARNING - diff_pkt_count  , diff_gps_count ,  diff_pkt_timstamp
18-09-2025 20:08 - WARNING - 1882541 31 29207660 microseconds
18-09-2025 20:08 - WARNING - No packet loss: /data/dsp/GBD_TRANSIENT_BUFFER/J1921+2153/18_09_2025/PDR_GULP_data000.pcap_18_09_2025_19_51_1758205314.PCAP_PDR
18-09-2025 20:08 - WARNING - first_pkt_count, first_gps_count, first_pkt_Tstamp
18-09-2025 20:08 - WARNING - 2312468812 60603 2025-09-18T14:21:21.981503
18-09-2025 20:08 - WARNING - last_pkt_count, last_gps_count, last_pkt_Tstamp
18-09-2025 20:08 - WARNING - 2314351353 60639 2025-09-18T14:21:51.189165
18-09-2025 20:08 - WARNING - diff_pkt_count  , diff_gps_count ,  diff_pkt_timstamp
18-09-2025 20:08 - WARNING - 1882541 36 29207662 microseconds
18-09-2025 20:08 - WARNING - No packet loss: /data/dsp/GBD_TRANSIENT_BUFFER/J1921+2153/18_09_2025/PDR_GULP_data001.pcap_18_09_2025_19_52_1758205343.PCAP_PDR
18-09-2025 20:08 - WARNING - first_pkt_count, first_gps_count, first_pkt_Tstamp
18-09-2025 20:08 - WARNING - 2314351354 60639 2025-09-18T14:21:51.189250
18-09-2025 20:08 - WARNING - last_pkt_count, last_gps_count, last_pkt_Tstamp
18-09-2025 20:08 - WARNING - 2316233895 60671 2025-09-18T14:22:20.396948
18-09-2025 20:08 - WARNING - diff_pkt_count  , diff_gps_count ,  diff_pkt_timstamp
18-09-2025 20:08 - WARNING - 1882541 32 29207698 microseconds
18-09-2025 20:08 - WARNING - No packet loss: /data/dsp/GBD_TRANSIENT_BUFFER/J1921+2153/18_09_2025/PDR_GULP_data002.pcap_18_09_2025_19_52_1758205372.PCAP_PDR
18-09-2025 20:08 - WARNING - first_pkt_count, first_gps_count, first_pkt_Tstamp
18-09-2025 20:08 - WARNING - 2316233896 60671 2025-09-18T14:22:20.396948
18-09-2025 20:08 - WARNING - last_pkt_count, last_gps_count, last_pkt_Tstamp
18-09-2025 20:08 - WARNING - 2318116437 60700 2025-09-18T14:22:49.604701
18-09-2025 20:08 - WARNING - diff_pkt_count  , diff_gps_count ,  diff_pkt_timstamp
18-09-2025 20:08 - WARNING - 1882541 29 29207753 microseconds
18-09-2025 20:08 - WARNING - No packet loss: /data/dsp/GBD_TRANSIENT_BUFFER/J1921+2153/18_09_2025/PDR_GULP_data000.pcap_18_09_2025_19_53_1758205401.PCAP_PDR
18-09-2025 20:08 - WARNING - first_pkt_count, first_gps_count, first_pkt_Tstamp
18-09-2025 20:08 - WARNING - 2318116438 60700 2025-09-18T14:22:49.604701
18-09-2025 20:08 - WARNING - last_pkt_count, last_gps_count, last_pkt_Tstamp
18-09-2025 20:08 - WARNING - 2319998980 60735 2025-09-18T14:23:18.812428
18-09-2025 20:08 - WARNING - diff_pkt_count  , diff_gps_count ,  diff_pkt_timstamp
18-09-2025 20:08 - WARNING - 1882542 35 29207727 microseconds
18-09-2025 20:08 - WARNING - No packet loss: /data/dsp/GBD_TRANSIENT_BUFFER/J1921+2153/18_09_2025/PDR_GULP_data001.pcap_18_09_2025_19_53_1758205431.PCAP_PDR
18-09-2025 20:08 - WARNING - first_pkt_count, first_gps_count, first_pkt_Tstamp
18-09-2025 20:08 - WARNING - 2319998981 60735 2025-09-18T14:23:18.812481
18-09-2025 20:08 - WARNING - last_pkt_count, last_gps_count, last_pkt_Tstamp
18-09-2025 20:08 - WARNING - 2321881522 60774 2025-09-18T14:23:48.020187
18-09-2025 20:08 - WARNING - diff_pkt_count  , diff_gps_count ,  diff_pkt_timstamp
18-09-2025 20:08 - WARNING - 1882541 39 29207706 microseconds
18-09-2025 20:08 - WARNING - No packet loss: /data/dsp/GBD_TRANSIENT_BUFFER/J1921+2153/18_09_2025/PDR_GULP_data002.pcap_18_09_2025_19_54_1758205460.PCAP_PDR
18-09-2025 20:08 - WARNING - first_pkt_count, first_gps_count, first_pkt_Tstamp
18-09-2025 20:08 - WARNING - 2321881523 60774 2025-09-18T14:23:48.020237
18-09-2025 20:08 - WARNING - last_pkt_count, last_gps_count, last_pkt_Tstamp
18-09-2025 20:08 - WARNING - 2323764064 60806 2025-09-18T14:24:17.227990
18-09-2025 20:08 - WARNING - diff_pkt_count  , diff_gps_count ,  diff_pkt_timstamp
18-09-2025 20:08 - WARNING - 1882541 32 29207753 microseconds
18-09-2025 20:08 - WARNING - No packet loss: /data/dsp/GBD_TRANSIENT_BUFFER/J1921+2153/18_09_2025/PDR_GULP_data000.pcap_18_09_2025_19_54_1758205489.PCAP_PDR
18-09-2025 20:08 - WARNING - first_pkt_count, first_gps_count, first_pkt_Tstamp
18-09-2025 20:08 - WARNING - 2323764065 60806 2025-09-18T14:24:17.227990
18-09-2025 20:08 - WARNING - last_pkt_count, last_gps_count, last_pkt_Tstamp
18-09-2025 20:08 - WARNING - 2325646606 60838 2025-09-18T14:24:46.435730
18-09-2025 20:08 - WARNING - diff_pkt_count  , diff_gps_count ,  diff_pkt_timstamp
18-09-2025 20:08 - WARNING - 1882541 32 29207740 microseconds
18-09-2025 20:08 - WARNING - No packet loss: /data/dsp/GBD_TRANSIENT_BUFFER/J1921+2153/18_09_2025/PDR_GULP_data001.pcap_18_09_2025_19_55_1758205518.PCAP_PDR
18-09-2025 20:08 - WARNING - first_pkt_count, first_gps_count, first_pkt_Tstamp
18-09-2025 20:08 - WARNING - 2325646607 60838 2025-09-18T14:24:46.435814
18-09-2025 20:08 - WARNING - last_pkt_count, last_gps_count, last_pkt_Tstamp
18-09-2025 20:08 - WARNING - 2327529148 60877 2025-09-18T14:25:15.643540
18-09-2025 20:08 - WARNING - diff_pkt_count  , diff_gps_count ,  diff_pkt_timstamp
18-09-2025 20:08 - WARNING - 1882541 39 29207726 microseconds
18-09-2025 20:08 - WARNING - No packet loss: /data/dsp/GBD_TRANSIENT_BUFFER/J1921+2153/18_09_2025/PDR_GULP_data002.pcap_18_09_2025_19_55_1758205547.PCAP_PDR
18-09-2025 20:08 - WARNING - first_pkt_count, first_gps_count, first_pkt_Tstamp
18-09-2025 20:08 - WARNING - 2327529149 60877 2025-09-18T14:25:15.643540
18-09-2025 20:08 - WARNING - last_pkt_count, last_gps_count, last_pkt_Tstamp
18-09-2025 20:08 - WARNING - 2329411690 60910 2025-09-18T14:25:44.851286
18-09-2025 20:08 - WARNING - diff_pkt_count  , diff_gps_count ,  diff_pkt_timstamp
18-09-2025 20:08 - WARNING - 1882541 33 29207746 microseconds
18-09-2025 20:08 - WARNING - No packet loss: /data/dsp/GBD_TRANSIENT_BUFFER/J1921+2153/18_09_2025/PDR_GULP_data000.pcap_18_09_2025_19_56_1758205577.PCAP_PDR
18-09-2025 20:08 - WARNING - first_pkt_count, first_gps_count, first_pkt_Tstamp
18-09-2025 20:08 - WARNING - 2329411691 60910 2025-09-18T14:25:44.851287
18-09-2025 20:08 - WARNING - last_pkt_count, last_gps_count, last_pkt_Tstamp
18-09-2025 20:08 - WARNING - 2331294233 60945 2025-09-18T14:26:14.059013
18-09-2025 20:08 - WARNING - diff_pkt_count  , diff_gps_count ,  diff_pkt_timstamp
18-09-2025 20:08 - WARNING - 1882542 35 29207726 microseconds
18-09-2025 20:08 - WARNING - No packet loss: /data/dsp/GBD_TRANSIENT_BUFFER/J1921+2153/18_09_2025/PDR_GULP_data001.pcap_18_09_2025_19_56_1758205606.PCAP_PDR
18-09-2025 20:08 - WARNING - first_pkt_count, first_gps_count, first_pkt_Tstamp
18-09-2025 20:08 - WARNING - 2331294234 60945 2025-09-18T14:26:14.059065
18-09-2025 20:08 - WARNING - last_pkt_count, last_gps_count, last_pkt_Tstamp
18-09-2025 20:08 - WARNING - 2333176775 60976 2025-09-18T14:26:43.266789
18-09-2025 20:08 - WARNING - diff_pkt_count  , diff_gps_count ,  diff_pkt_timstamp
18-09-2025 20:08 - WARNING - 1882541 31 29207724 microseconds
18-09-2025 20:08 - WARNING - No packet loss: /data/dsp/GBD_TRANSIENT_BUFFER/J1921+2153/18_09_2025/PDR_GULP_data002.pcap_18_09_2025_19_57_1758205635.PCAP_PDR
18-09-2025 20:08 - WARNING - first_pkt_count, first_gps_count, first_pkt_Tstamp
18-09-2025 20:08 - WARNING - 2333176776 60976 2025-09-18T14:26:43.266789
18-09-2025 20:08 - WARNING - last_pkt_count, last_gps_count, last_pkt_Tstamp
18-09-2025 20:08 - WARNING - 2335059317 61011 2025-09-18T14:27:12.474583
18-09-2025 20:08 - WARNING - diff_pkt_count  , diff_gps_count ,  diff_pkt_timstamp
18-09-2025 20:08 - WARNING - 1882541 35 29207794 microseconds
18-09-2025 20:08 - WARNING - No packet loss: /data/dsp/GBD_TRANSIENT_BUFFER/J1921+2153/18_09_2025/PDR_GULP_data000.pcap_18_09_2025_19_57_1758205664.PCAP_PDR
18-09-2025 20:08 - WARNING - first_pkt_count, first_gps_count, first_pkt_Tstamp
18-09-2025 20:08 - WARNING - 2335059318 61011 2025-09-18T14:27:12.474583
18-09-2025 20:08 - WARNING - last_pkt_count, last_gps_count, last_pkt_Tstamp
18-09-2025 20:08 - WARNING - 2336941859 61043 2025-09-18T14:27:41.682324
18-09-2025 20:08 - WARNING - diff_pkt_count  , diff_gps_count ,  diff_pkt_timstamp
18-09-2025 20:08 - WARNING - 1882541 32 29207741 microseconds
18-09-2025 20:08 - WARNING - No packet loss: /data/dsp/GBD_TRANSIENT_BUFFER/J1921+2153/18_09_2025/PDR_GULP_data001.pcap_18_09_2025_19_58_1758205693.PCAP_PDR
18-09-2025 20:08 - WARNING - first_pkt_count, first_gps_count, first_pkt_Tstamp
18-09-2025 20:08 - WARNING - 2336941860 61043 2025-09-18T14:27:41.682376
18-09-2025 20:08 - WARNING - last_pkt_count, last_gps_count, last_pkt_Tstamp
18-09-2025 20:08 - WARNING - 2338824401 61074 2025-09-18T14:28:10.890134
18-09-2025 20:08 - WARNING - diff_pkt_count  , diff_gps_count ,  diff_pkt_timstamp
18-09-2025 20:08 - WARNING - 1882541 31 29207758 microseconds
18-09-2025 20:08 - WARNING - No packet loss: /data/dsp/GBD_TRANSIENT_BUFFER/J1921+2153/18_09_2025/PDR_GULP_data002.pcap_18_09_2025_19_58_1758205723.PCAP_PDR
18-09-2025 20:08 - WARNING - first_pkt_count, first_gps_count, first_pkt_Tstamp
18-09-2025 20:08 - WARNING - 2338824402 61074 2025-09-18T14:28:10.890134
18-09-2025 20:08 - WARNING - last_pkt_count, last_gps_count, last_pkt_Tstamp
18-09-2025 20:08 - WARNING - 2340706943 61111 2025-09-18T14:28:40.097890
18-09-2025 20:08 - WARNING - diff_pkt_count  , diff_gps_count ,  diff_pkt_timstamp
18-09-2025 20:08 - WARNING - 1882541 37 29207756 microseconds
18-09-2025 20:08 - WARNING - Packet loss: /data/dsp/GBD_TRANSIENT_BUFFER/J1921+2153/18_09_2025/PDR_GULP_data000.pcap_18_09_2025_19_59_1758205752.PCAP_PDR
18-09-2025 20:08 - WARNING - Packet loss found .... Being fixed ... Please wait ...
18-09-2025 20:08 - WARNING - PCAP filtering ... tcpdump -r /data/dsp/GBD_TRANSIENT_BUFFER/J1921+2153/18_09_2025/PDR_GULP_data000.pcap_18_09_2025_19_59_1758205752.PCAP_PDR.pcap -w PDR_GULP_data000.pcap_18_09_2025_19_59_1758205752_filtered.PCAP_PDR.pcap  host 172.10.10.1 and port 55000 
18-09-2025 20:09 - WARNING - Patched /data/dsp/GBD_TRANSIENT_BUFFER/J1921+2153/18_09_2025/PDR_GULP_data000.pcap_18_09_2025_19_59_1758205752.PCAP_PDR as PDR_GULP_data000.pcap_18_09_2025_19_59_1758205752_filtered.PCAP_PDR
18-09-2025 20:09 - WARNING - Gulped file moved to /data/dsp/GBD_TRANSIENT_BUFFER/J1921+2153/18_09_2025/GULPED
18-09-2025 20:09 - WARNING - first_pkt_count, first_gps_count, first_pkt_Tstamp
18-09-2025 20:09 - WARNING - 2340706944 61111 2025-09-18T14:28:40.097890
18-09-2025 20:09 - WARNING - last_pkt_count, last_gps_count, last_pkt_Tstamp
18-09-2025 20:09 - WARNING - 2342589486 61141 2025-09-18T14:29:09.305671
18-09-2025 20:09 - WARNING - diff_pkt_count  , diff_gps_count ,  diff_pkt_timstamp
18-09-2025 20:09 - WARNING - 1882542 30 29207781 microseconds
18-09-2025 20:09 - WARNING - No packet loss: /data/dsp/GBD_TRANSIENT_BUFFER/J1921+2153/18_09_2025/PDR_GULP_data001.pcap_18_09_2025_19_59_1758205781.PCAP_PDR
18-09-2025 20:09 - WARNING - first_pkt_count, first_gps_count, first_pkt_Tstamp
18-09-2025 20:09 - WARNING - 2342589487 61141 2025-09-18T14:29:09.305671
18-09-2025 20:09 - WARNING - last_pkt_count, last_gps_count, last_pkt_Tstamp
18-09-2025 20:09 - WARNING - 2344472028 61176 2025-09-18T14:29:38.511970
18-09-2025 20:09 - WARNING - diff_pkt_count  , diff_gps_count ,  diff_pkt_timstamp
18-09-2025 20:09 - WARNING - 1882541 35 29206299 microseconds
18-09-2025 20:09 - WARNING - No packet loss: /data/dsp/GBD_TRANSIENT_BUFFER/J1921+2153/18_09_2025/PDR_GULP_data002.pcap_18_09_2025_20_00_1758205810.PCAP_PDR
18-09-2025 20:09 - WARNING - first_pkt_count, first_gps_count, first_pkt_Tstamp
18-09-2025 20:09 - WARNING - 2344472029 61176 2025-09-18T14:29:38.511970
18-09-2025 20:09 - WARNING - last_pkt_count, last_gps_count, last_pkt_Tstamp
18-09-2025 20:09 - WARNING - 2346354570 61210 2025-09-18T14:30:07.716110
18-09-2025 20:09 - WARNING - diff_pkt_count  , diff_gps_count ,  diff_pkt_timstamp
18-09-2025 20:09 - WARNING - 1882541 34 29204140 microseconds
18-09-2025 20:09 - WARNING - No packet loss: /data/dsp/GBD_TRANSIENT_BUFFER/J1921+2153/18_09_2025/PDR_GULP_data000.pcap_18_09_2025_20_00_1758205839.PCAP_PDR
18-09-2025 20:09 - WARNING - first_pkt_count, first_gps_count, first_pkt_Tstamp
18-09-2025 20:09 - WARNING - 2346354571 61210 2025-09-18T14:30:07.716110
18-09-2025 20:09 - WARNING - last_pkt_count, last_gps_count, last_pkt_Tstamp
18-09-2025 20:09 - WARNING - 2348237112 61242 2025-09-18T14:30:36.920441
18-09-2025 20:09 - WARNING - diff_pkt_count  , diff_gps_count ,  diff_pkt_timstamp
18-09-2025 20:09 - WARNING - 1882541 32 29204331 microseconds
18-09-2025 20:09 - WARNING - No packet loss: /data/dsp/GBD_TRANSIENT_BUFFER/J1921+2153/18_09_2025/PDR_GULP_data001.pcap_18_09_2025_20_01_1758205869.PCAP_PDR
18-09-2025 20:09 - WARNING - first_pkt_count, first_gps_count, first_pkt_Tstamp
18-09-2025 20:09 - WARNING - 2348237113 61242 2025-09-18T14:30:36.920441
18-09-2025 20:09 - WARNING - last_pkt_count, last_gps_count, last_pkt_Tstamp
18-09-2025 20:09 - WARNING - 2350119654 61277 2025-09-18T14:31:06.124835
18-09-2025 20:09 - WARNING - diff_pkt_count  , diff_gps_count ,  diff_pkt_timstamp
18-09-2025 20:09 - WARNING - 1882541 35 29204394 microseconds
18-09-2025 20:09 - WARNING - No packet loss: /data/dsp/GBD_TRANSIENT_BUFFER/J1921+2153/18_09_2025/PDR_GULP_data002.pcap_18_09_2025_20_01_1758205898.PCAP_PDR
18-09-2025 20:09 - WARNING - first_pkt_count, first_gps_count, first_pkt_Tstamp
18-09-2025 20:09 - WARNING - 2350119655 61277 2025-09-18T14:31:06.124917
18-09-2025 20:09 - WARNING - last_pkt_count, last_gps_count, last_pkt_Tstamp
18-09-2025 20:09 - WARNING - 2352002196 61313 2025-09-18T14:31:35.329419
18-09-2025 20:09 - WARNING - diff_pkt_count  , diff_gps_count ,  diff_pkt_timstamp
18-09-2025 20:09 - WARNING - 1882541 36 29204502 microseconds
18-09-2025 20:09 - WARNING - No packet loss: /data/dsp/GBD_TRANSIENT_BUFFER/J1921+2153/18_09_2025/PDR_GULP_data000.pcap_18_09_2025_20_02_1758205927.PCAP_PDR
18-09-2025 20:09 - WARNING - first_pkt_count, first_gps_count, first_pkt_Tstamp
18-09-2025 20:09 - WARNING - 2352002197 61313 2025-09-18T14:31:35.329472
18-09-2025 20:09 - WARNING - last_pkt_count, last_gps_count, last_pkt_Tstamp
18-09-2025 20:09 - WARNING - 2353884739 61344 2025-09-18T14:32:04.534186
18-09-2025 20:09 - WARNING - diff_pkt_count  , diff_gps_count ,  diff_pkt_timstamp
18-09-2025 20:09 - WARNING - 1882542 31 29204714 microseconds
18-09-2025 20:09 - WARNING - No packet loss: /data/dsp/GBD_TRANSIENT_BUFFER/J1921+2153/18_09_2025/PDR_GULP_data001.pcap_18_09_2025_20_02_1758205956.PCAP_PDR
18-09-2025 20:09 - WARNING - first_pkt_count, first_gps_count, first_pkt_Tstamp
18-09-2025 20:09 - WARNING - 2353884740 61344 2025-09-18T14:32:04.534239
18-09-2025 20:09 - WARNING - last_pkt_count, last_gps_count, last_pkt_Tstamp
18-09-2025 20:09 - WARNING - 2355767281 61376 2025-09-18T14:32:33.739110
18-09-2025 20:09 - WARNING - diff_pkt_count  , diff_gps_count ,  diff_pkt_timstamp
18-09-2025 20:09 - WARNING - 1882541 32 29204871 microseconds
18-09-2025 20:09 - WARNING - No packet loss: /data/dsp/GBD_TRANSIENT_BUFFER/J1921+2153/18_09_2025/PDR_GULP_data002.pcap_18_09_2025_20_03_1758205985.PCAP_PDR
18-09-2025 20:09 - WARNING - first_pkt_count, first_gps_count, first_pkt_Tstamp
18-09-2025 20:09 - WARNING - 2355767282 61376 2025-09-18T14:32:33.739110
18-09-2025 20:09 - WARNING - last_pkt_count, last_gps_count, last_pkt_Tstamp
18-09-2025 20:09 - WARNING - 2357649823 61406 2025-09-18T14:33:02.944105
18-09-2025 20:09 - WARNING - diff_pkt_count  , diff_gps_count ,  diff_pkt_timstamp
18-09-2025 20:09 - WARNING - 1882541 30 29204995 microseconds
18-09-2025 20:09 - WARNING - No packet loss: /data/dsp/GBD_TRANSIENT_BUFFER/J1921+2153/18_09_2025/PDR_GULP_data000.pcap_18_09_2025_20_03_1758206015.PCAP_PDR
18-09-2025 20:09 - WARNING - first_pkt_count, first_gps_count, first_pkt_Tstamp
18-09-2025 20:09 - WARNING - 2357649824 61406 2025-09-18T14:33:02.944159
18-09-2025 20:09 - WARNING - last_pkt_count, last_gps_count, last_pkt_Tstamp
18-09-2025 20:09 - WARNING - 2359532365 61441 2025-09-18T14:33:32.149273
18-09-2025 20:09 - WARNING - diff_pkt_count  , diff_gps_count ,  diff_pkt_timstamp
18-09-2025 20:09 - WARNING - 1882541 35 29205114 microseconds
18-09-2025 20:09 - WARNING - No packet loss: /data/dsp/GBD_TRANSIENT_BUFFER/J1921+2153/18_09_2025/PDR_GULP_data001.pcap_18_09_2025_20_04_1758206044.PCAP_PDR
18-09-2025 20:09 - WARNING - first_pkt_count, first_gps_count, first_pkt_Tstamp
18-09-2025 20:09 - WARNING - 2359532366 61441 2025-09-18T14:33:32.149273
18-09-2025 20:09 - WARNING - last_pkt_count, last_gps_count, last_pkt_Tstamp
18-09-2025 20:09 - WARNING - 2361414907 61475 2025-09-18T14:34:01.354511
18-09-2025 20:09 - WARNING - diff_pkt_count  , diff_gps_count ,  diff_pkt_timstamp
18-09-2025 20:09 - WARNING - 1882541 34 29205238 microseconds
18-09-2025 20:09 - WARNING - No packet loss: /data/dsp/GBD_TRANSIENT_BUFFER/J1921+2153/18_09_2025/PDR_GULP_data002.pcap_18_09_2025_20_04_1758206073.PCAP_PDR
18-09-2025 20:09 - WARNING - first_pkt_count, first_gps_count, first_pkt_Tstamp
18-09-2025 20:09 - WARNING - 2361414908 61475 2025-09-18T14:34:01.354512
18-09-2025 20:09 - WARNING - last_pkt_count, last_gps_count, last_pkt_Tstamp
18-09-2025 20:09 - WARNING - 2363297449 61505 2025-09-18T14:34:30.559873
18-09-2025 20:09 - WARNING - diff_pkt_count  , diff_gps_count ,  diff_pkt_timstamp
18-09-2025 20:09 - WARNING - 1882541 30 29205361 microseconds
18-09-2025 20:09 - WARNING - No packet loss: /data/dsp/GBD_TRANSIENT_BUFFER/J1921+2153/18_09_2025/PDR_GULP_data000.pcap_18_09_2025_20_05_1758206102.PCAP_PDR
18-09-2025 20:09 - WARNING - first_pkt_count, first_gps_count, first_pkt_Tstamp
18-09-2025 20:09 - WARNING - 2363297450 61505 2025-09-18T14:34:30.559873
18-09-2025 20:09 - WARNING - last_pkt_count, last_gps_count, last_pkt_Tstamp
18-09-2025 20:09 - WARNING - 2365179992 61537 2025-09-18T14:34:59.765305
18-09-2025 20:09 - WARNING - diff_pkt_count  , diff_gps_count ,  diff_pkt_timstamp
18-09-2025 20:09 - WARNING - 1882542 32 29205432 microseconds
18-09-2025 20:09 - WARNING - No packet loss: /data/dsp/GBD_TRANSIENT_BUFFER/J1921+2153/18_09_2025/PDR_GULP_data001.pcap_18_09_2025_20_05_1758206131.PCAP_PDR
18-09-2025 20:09 - WARNING - first_pkt_count, first_gps_count, first_pkt_Tstamp
18-09-2025 20:09 - WARNING - 2365179993 61537 2025-09-18T14:34:59.765357
18-09-2025 20:09 - WARNING - last_pkt_count, last_gps_count, last_pkt_Tstamp
18-09-2025 20:09 - WARNING - 2367062534 61570 2025-09-18T14:35:28.970877
18-09-2025 20:09 - WARNING - diff_pkt_count  , diff_gps_count ,  diff_pkt_timstamp
18-09-2025 20:09 - WARNING - 1882541 33 29205520 microseconds
18-09-2025 20:09 - WARNING - No packet loss: /data/dsp/GBD_TRANSIENT_BUFFER/J1921+2153/18_09_2025/PDR_GULP_data002.pcap_18_09_2025_20_06_1758206161.PCAP_PDR
18-09-2025 20:09 - WARNING - first_pkt_count, first_gps_count, first_pkt_Tstamp
18-09-2025 20:09 - WARNING - 2367062535 61570 2025-09-18T14:35:28.970930
18-09-2025 20:09 - WARNING - last_pkt_count, last_gps_count, last_pkt_Tstamp
18-09-2025 20:09 - WARNING - 2368945076 61601 2025-09-18T14:35:58.176585
18-09-2025 20:09 - WARNING - diff_pkt_count  , diff_gps_count ,  diff_pkt_timstamp
18-09-2025 20:09 - WARNING - 1882541 31 29205655 microseconds
18-09-2025 20:09 - WARNING - No packet loss: /data/dsp/GBD_TRANSIENT_BUFFER/J1921+2153/18_09_2025/PDR_GULP_data000.pcap_18_09_2025_20_06_1758206190.PCAP_PDR
18-09-2025 20:09 - WARNING - first_pkt_count, first_gps_count, first_pkt_Tstamp
18-09-2025 20:09 - WARNING - 2368945077 61601 2025-09-18T14:35:58.176585
18-09-2025 20:09 - WARNING - last_pkt_count, last_gps_count, last_pkt_Tstamp
18-09-2025 20:09 - WARNING - 2370827618 61634 2025-09-18T14:36:27.382264
18-09-2025 20:09 - WARNING - diff_pkt_count  , diff_gps_count ,  diff_pkt_timstamp
18-09-2025 20:09 - WARNING - 1882541 33 29205679 microseconds
18-09-2025 20:09 - WARNING - No packet loss: /data/dsp/GBD_TRANSIENT_BUFFER/J1921+2153/18_09_2025/PDR_GULP_data001.pcap_18_09_2025_20_06_1758206219.PCAP_PDR
18-09-2025 20:09 - WARNING - first_pkt_count, first_gps_count, first_pkt_Tstamp
18-09-2025 20:09 - WARNING - 2370827619 61634 2025-09-18T14:36:27.382264
18-09-2025 20:09 - WARNING - last_pkt_count, last_gps_count, last_pkt_Tstamp
18-09-2025 20:09 - WARNING - 2372710160 61663 2025-09-18T14:36:56.588095
18-09-2025 20:09 - WARNING - diff_pkt_count  , diff_gps_count ,  diff_pkt_timstamp
18-09-2025 20:09 - WARNING - 1882541 29 29205831 microseconds
18-09-2025 20:09 - WARNING - No packet loss: /data/dsp/GBD_TRANSIENT_BUFFER/J1921+2153/18_09_2025/PDR_GULP_data002.pcap_18_09_2025_20_07_1758206248.PCAP_PDR
18-09-2025 20:09 - WARNING - first_pkt_count, first_gps_count, first_pkt_Tstamp
18-09-2025 20:09 - WARNING - 2372710161 61663 2025-09-18T14:36:56.588095
18-09-2025 20:09 - WARNING - last_pkt_count, last_gps_count, last_pkt_Tstamp
18-09-2025 20:09 - WARNING - 2374592702 61692 2025-09-18T14:37:25.794005
18-09-2025 20:09 - WARNING - diff_pkt_count  , diff_gps_count ,  diff_pkt_timstamp
18-09-2025 20:09 - WARNING - 1882541 29 29205910 microseconds
18-09-2025 20:09 - WARNING - No packet loss: /data/dsp/GBD_TRANSIENT_BUFFER/J1921+2153/18_09_2025/PDR_GULP_data000.pcap_18_09_2025_20_07_1758206277.PCAP_PDR
18-09-2025 20:09 - WARNING - first_pkt_count, first_gps_count, first_pkt_Tstamp
18-09-2025 20:09 - WARNING - 2374592703 61692 2025-09-18T14:37:25.794006
18-09-2025 20:09 - WARNING - last_pkt_count, last_gps_count, last_pkt_Tstamp
18-09-2025 20:09 - WARNING - 2376475245 61722 2025-09-18T14:37:54.999939
18-09-2025 20:09 - WARNING - diff_pkt_count  , diff_gps_count ,  diff_pkt_timstamp
18-09-2025 20:09 - WARNING - 1882542 30 29205933 microseconds
18-09-2025 20:09 - WARNING - No packet loss: /data/dsp/GBD_TRANSIENT_BUFFER/J1921+2153/18_09_2025/PDR_GULP_data001.pcap_18_09_2025_20_08_1758206307.PCAP_PDR
18-09-2025 20:09 - WARNING - first_pkt_count, first_gps_count, first_pkt_Tstamp
18-09-2025 20:09 - WARNING - 2376475246 61722 2025-09-18T14:37:54.999940
18-09-2025 20:09 - WARNING - last_pkt_count, last_gps_count, last_pkt_Tstamp
18-09-2025 20:09 - WARNING - 2378357787 61755 2025-09-18T14:38:24.205951
18-09-2025 20:09 - WARNING - diff_pkt_count  , diff_gps_count ,  diff_pkt_timstamp
18-09-2025 20:09 - WARNING - 1882541 33 29206011 microseconds
18-09-2025 20:09 SLIP check Finished...
18-09-2025 20:09 Pulsar data reduction pipeline started ...
18-09-2025 20:09 - WARNING - Data Directory: /data/dsp/GBD_TRANSIENT_BUFFER/J1921+2153/18_09_2025
18-09-2025 20:09 - WARNING - Pulsar: J1921+2153
18-09-2025 20:09 - WARNING - CH selelction: 0
18-09-2025 20:09 - WARNING - Phase file: /home/dsp/PDR_acquire_setup/dada_scripts/phase/rf_path_phase.dat
18-09-2025 20:09 - WARNING - Obs. logfile: /home/dsp/PDR_acquire_setup/master_obs_log/J1921+2153_18_09_2025_observation.log
18-09-2025 20:09 - WARNING - Observation start time: 2025_09_18_19_29_56
18-09-2025 20:09 - WARNING - parfile: /home/dsp/parfiles/J1921+2153.par
18-09-2025 20:09 - WARNING - DM: 12.44399
18-09-2025 20:09 - WARNING - Period: 1.3373021601894548
18-09-2025 20:09 - WARNING - RA_DEC: 19:21:44.815+21:53:02.25
18-09-2025 20:09 - WARNING - out_dada_file: J1921+2153_2025_09_18_19_29_56_type_0.dada
18-09-2025 20:09 - WARNING - Number of files to process: 80
18-09-2025 20:09 - WARNING - Files per batch:  17
18-09-2025 20:30 - WARNING - Time taken for PDR2DADA convertion: 0:21:52.742559
18-09-2025 20:30 - WARNING - Center_freq: 175
18-09-2025 20:30 - WARNING - int_time: 3.0
18-09-2025 20:30 - WARNING - nbins: 256
18-09-2025 20:30 - WARNING - fil_chan: 256
18-09-2025 20:30 - WARNING - cpu: 2,3,4,5,6,7,8,9,10,11,12,13,14,15,16
18-09-2025 20:30 - WARNING - thread: 32
18-09-2025 20:30 - WARNING - nbit: 8
18-09-2025 20:30 - WARNING - time_avg: 0.000256
18-09-2025 20:30 - WARNING - MJD_START: 60936.58329680408
18-09-2025 20:30 - WARNING - output: J1921+2153_60936.58_175MHz_type_0_GBD_DART
18-09-2025 20:30 - WARNING - singularity_container: singularity exec /home/dsp/singularity_imag/pschive_py3.sif  
18-09-2025 20:30 - WARNING - ------ DIGIFITS ------
18-09-2025 20:30 - WARNING - ---- Search Mode FITS -------
18-09-2025 20:30 - WARNING - digifits_ful_stokes_cmd: singularity exec /home/dsp/singularity_imag/pschive_py3.sif  digifits  -F 256 -x 256 -b 8 -p 4 -t 0.000256 J1921+2153_2025_09_18_19_29_56_type_0.dada -o J1921+2153_2025_09_18_19_29_56_type_0.dada_stokes.fits
18-09-2025 20:57 - WARNING - ------ Total intensity FITS -------
18-09-2025 20:57 - WARNING - digifits_total_intensity_cmd: singularity exec /home/dsp/singularity_imag/pschive_py3.sif  digifits  -F 256 -x 256 -b 8 -p 1 -t 0.000256 J1921+2153_2025_09_18_19_29_56_type_0.dada -o J1921+2153_2025_09_18_19_29_56_type_0.dada_intensity.fits
18-09-2025 21:19 - WARNING - Nchan: 256
18-09-2025 21:19 - WARNING - Nbin: 256
18-09-2025 21:19 - WARNING - Tavg: 0.000256
18-09-2025 21:19 - WARNING - Time taken for DIGIFITS run: 0:48:09.634618
18-09-2025 21:19 - WARNING - ------ DSPSR ------
18-09-2025 21:19 - WARNING - ------- Coherent Dedispersion Folded archive -------
18-09-2025 21:19 - WARNING - dspsr_cmd: singularity exec /home/dsp/singularity_imag/pschive_py3.sif  dspsr J1921+2153_2025_09_18_19_29_56_type_0.dada -cpu 2,3,4,5,6,7,8,9,10,11,12,13,14,15,16 -t 32 -E /home/dsp/parfiles/J1921+2153.par -L 3.0 -b 256 -F 256:D -N J1921+2153 -a PSRFITS -A -e .fits -O J1921+2153_60936.58_175MHz_type_0_GBD_DART
18-09-2025 21:28 - WARNING - ------- Incoherent Dedispersion Folded archive -------
18-09-2025 21:28 - WARNING - Incoherent_DD_dspsr_cmd: singularity exec /home/dsp/singularity_imag/pschive_py3.sif  dspsr J1921+2153_2025_09_18_19_29_56_type_0.dada_stokes.fits -cpu 2,3,4,5,6,7,8,9,10,11,12,13,14,15,16 -t 32 -E /home/dsp/parfiles/J1921+2153.par -L 3.0 -b 256 -N J1921+2153 -A -e .fits -O J1921+2153_60936.58_175MHz_type_0_GBD_DART_stokes_Incoherent_DD
18-09-2025 21:29 - WARNING - Time taken for DSPSR run: 0:10:28.497093
18-09-2025 21:29 - WARNING - ------ PSREDIT ------
18-09-2025 21:29 - WARNING - psredit_cmd: singularity exec /home/dsp/singularity_imag/pschive_py3.sif  psredit -c name=J1921+2153,be:name=GSB,coord=19:21:44.815+21:53:02.25 -m *_GBD_DART*fits
18-09-2025 21:29 - WARNING - Time taken for PSREDIT run: 0:00:08.719415
18-09-2025 21:29 - WARNING - ------ Iterative RFI Cleaner ------
18-09-2025 21:29 - WARNING - Iterative_cleaner_cmd: singularity exec /home/dsp/singularity_imag/pschive_py3.sif   python3 /home/dsp/PDR_acquire_setup/iterative_cleaner.py -s 3 -c 3 -m 10 *_GBD_DART*fits
18-09-2025 21:35 - WARNING - Time taken for Iterative_cleaner run: 0:05:28.423965
18-09-2025 21:35 - WARNING - ------ PDMP ------
18-09-2025 21:35 - WARNING - pdmp_cmd1: singularity exec /home/dsp/singularity_imag/pschive_py3.sif  pdmp -dr 2 -ds 0.05 -g J1921+2153_60936.58_175MHz_type_0_GBD_DART.fits_cleaned.ar.ps/cps J1921+2153_60936.58_175MHz_type_0_GBD_DART.fits_cleaned.ar
18-09-2025 21:40 - WARNING - pdmp_cmd2: singularity exec /home/dsp/singularity_imag/pschive_py3.sif  pdmp -dr 2 -ds 0.05 -g J1921+2153_60936.58_175MHz_type_0_GBD_DART_stokes_Incoherent_DD.fits_cleaned.ar.ps/cps J1921+2153_60936.58_175MHz_type_0_GBD_DART_stokes_Incoherent_DD.fits_cleaned.ar
18-09-2025 21:44 - WARNING - Time taken for PDMP run: 0:09:26.303592
18-09-2025 21:44 - WARNING - ------ PS2PDF ------
18-09-2025 21:44 - WARNING - ps2pdf_cmd1: singularity exec /home/dsp/singularity_imag/pschive_py3.sif  ps2pdf J1921+2153_60936.58_175MHz_type_0_GBD_DART.fits_cleaned.ar.ps J1921+2153_60936.58_175MHz_type_0_GBD_DART.fits_cleaned.ar.ps.pdf
18-09-2025 21:44 - WARNING - ps2pdf_cmd2: singularity exec /home/dsp/singularity_imag/pschive_py3.sif  ps2pdf J1921+2153_60936.58_175MHz_type_0_GBD_DART_stokes_Incoherent_DD.fits_cleaned.ar.ps J1921+2153_60936.58_175MHz_type_0_GBD_DART_stokes_Incoherent_DD.fits_cleaned.ar.ps.pdf
18-09-2025 21:44 - WARNING - Time taken for PDMP run: 0:00:01.295582
18-09-2025 21:44 - WARNING - Overall time taken for data reduction: 1:35:36.304751
18-09-2025 21:44 - WARNING - J1921+2153_2025_09_18_19_29_56_type_0.dada... file removed
18-09-2025 21:44 - WARNING - All done!
18-09-2025 21:44 --- PRESTO ---
18-09-2025 21:44 singularity_container: singularity exec /home/dsp/singularity_imag/pschive_py3.sif  
18-09-2025 21:44 Filterbank to Process for PULSAR: J1921+2153 with DM:12.44399 : J1921+2153_2025_09_18_19_29_56_type_0.dada_intensity.fits
18-09-2025 21:44 --- RFIFIND ---
18-09-2025 21:44 RFIFIND: singularity exec /home/dsp/singularity_imag/pschive_py3.sif   rfifind -time 2.0 -o J1921+2153 J1921+2153_2025_09_18_19_29_56_type_0.dada_intensity.fits
18-09-2025 21:45 --- PREPDATA ---
18-09-2025 21:45 PREPDATA: singularity exec /home/dsp/singularity_imag/pschive_py3.sif   prepdata -nobary -o J1921+2153_2025_09_18_19_29_56_type_0.dada_intensity.fits -dm 12.44399 -mask J1921+2153_rfifind.mask J1921+2153_2025_09_18_19_29_56_type_0.dada_intensity.fits
18-09-2025 21:45 --- REALFFT ---
18-09-2025 21:45 REALFFT: singularity exec /home/dsp/singularity_imag/pschive_py3.sif   realfft  J1921+2153_2025_09_18_19_29_56_type_0.dada_intensity.fits.dat
18-09-2025 21:45 --- ACCELSEARCH ---
18-09-2025 21:45 ACCELSEARCH: singularity exec /home/dsp/singularity_imag/pschive_py3.sif   accelsearch -numharm 8 -zmax 8  J1921+2153_2025_09_18_19_29_56_type_0.dada_intensity.fits.fft
18-09-2025 21:45 Observation Over.
