11-07-2026 10:03 Waiting for J1136+1551 observation...
11-07-2026 10:03 Observation started...
11-07-2026 10:03 Pulsar: J1136+1551 , parfile: /home/dsp/parfiles/J1136+1551.par , DM: 4.7839708
11-07-2026 10:03 Trigger sent to obs. PC [VELA].
11-07-2026 10:03 Acquired 80.
11-07-2026 10:03 ACQ over.
11-07-2026 10:03 Removing Trigger file from remote machine 
11-07-2026 10:03 Observation stoped.
-rw------- 1 dsp dsp 2.0G Jul 10 16:23 /data/TRANSIENT_BUFFER/PDR_GULP_data002.pcap_10_07_2026_16_23_1783680810.PCAP_PDR
-rw------- 1 dsp dsp 2.0G Jul 10 16:23 /data/TRANSIENT_BUFFER/PDR_GULP_data000.pcap_10_07_2026_16_23_1783680839.PCAP_PDR
-rw------- 1 dsp dsp 2.0G Jul 10 16:24 /data/TRANSIENT_BUFFER/PDR_GULP_data001.pcap_10_07_2026_16_24_1783680868.PCAP_PDR
-rw------- 1 dsp dsp 2.0G Jul 10 16:24 /data/TRANSIENT_BUFFER/PDR_GULP_data002.pcap_10_07_2026_16_24_1783680897.PCAP_PDR
-rw------- 1 dsp dsp 2.0G Jul 10 16:25 /data/TRANSIENT_BUFFER/PDR_GULP_data000.pcap_10_07_2026_16_25_1783680927.PCAP_PDR
-rw------- 1 dsp dsp 2.0G Jul 10 16:25 /data/TRANSIENT_BUFFER/PDR_GULP_data001.pcap_10_07_2026_16_25_1783680956.PCAP_PDR
-rw------- 1 dsp dsp 2.0G Jul 10 16:26 /data/TRANSIENT_BUFFER/PDR_GULP_data002.pcap_10_07_2026_16_26_1783680985.PCAP_PDR
-rw------- 1 dsp dsp 2.0G Jul 10 16:26 /data/TRANSIENT_BUFFER/PDR_GULP_data000.pcap_10_07_2026_16_26_1783681014.PCAP_PDR
-rw------- 1 dsp dsp 2.0G Jul 10 16:27 /data/TRANSIENT_BUFFER/PDR_GULP_data001.pcap_10_07_2026_16_27_1783681043.PCAP_PDR
-rw------- 1 dsp dsp 2.0G Jul 10 16:27 /data/TRANSIENT_BUFFER/PDR_GULP_data002.pcap_10_07_2026_16_27_1783681073.PCAP_PDR
-rw------- 1 dsp dsp 2.0G Jul 10 16:28 /data/TRANSIENT_BUFFER/PDR_GULP_data000.pcap_10_07_2026_16_28_1783681102.PCAP_PDR
-rw------- 1 dsp dsp 2.0G Jul 10 16:28 /data/TRANSIENT_BUFFER/PDR_GULP_data001.pcap_10_07_2026_16_28_1783681131.PCAP_PDR
-rw------- 1 dsp dsp 2.0G Jul 10 16:29 /data/TRANSIENT_BUFFER/PDR_GULP_data002.pcap_10_07_2026_16_29_1783681160.PCAP_PDR
-rw------- 1 dsp dsp 2.0G Jul 10 16:29 /data/TRANSIENT_BUFFER/PDR_GULP_data000.pcap_10_07_2026_16_29_1783681189.PCAP_PDR
-rw------- 1 dsp dsp 2.0G Jul 10 16:30 /data/TRANSIENT_BUFFER/PDR_GULP_data001.pcap_10_07_2026_16_30_1783681219.PCAP_PDR
-rw------- 1 dsp dsp 2.0G Jul 10 16:30 /data/TRANSIENT_BUFFER/PDR_GULP_data002.pcap_10_07_2026_16_30_1783681248.PCAP_PDR
-rw------- 1 dsp dsp 2.0G Jul 10 16:31 /data/TRANSIENT_BUFFER/PDR_GULP_data000.pcap_10_07_2026_16_31_1783681277.PCAP_PDR
-rw------- 1 dsp dsp 2.0G Jul 10 16:31 /data/TRANSIENT_BUFFER/PDR_GULP_data001.pcap_10_07_2026_16_31_1783681306.PCAP_PDR
-rw------- 1 dsp dsp 2.0G Jul 10 16:32 /data/TRANSIENT_BUFFER/PDR_GULP_data002.pcap_10_07_2026_16_32_1783681336.PCAP_PDR
-rw------- 1 dsp dsp 2.0G Jul 10 16:32 /data/TRANSIENT_BUFFER/PDR_GULP_data000.pcap_10_07_2026_16_32_1783681365.PCAP_PDR
-rw------- 1 dsp dsp 2.0G Jul 10 16:33 /data/TRANSIENT_BUFFER/PDR_GULP_data001.pcap_10_07_2026_16_33_1783681394.PCAP_PDR
-rw------- 1 dsp dsp 2.0G Jul 10 16:33 /data/TRANSIENT_BUFFER/PDR_GULP_data002.pcap_10_07_2026_16_33_1783681423.PCAP_PDR
-rw------- 1 dsp dsp 2.0G Jul 10 16:34 /data/TRANSIENT_BUFFER/PDR_GULP_data000.pcap_10_07_2026_16_34_1783681452.PCAP_PDR
-rw------- 1 dsp dsp 2.0G Jul 10 16:34 /data/TRANSIENT_BUFFER/PDR_GULP_data001.pcap_10_07_2026_16_34_1783681482.PCAP_PDR
-rw------- 1 dsp dsp 2.0G Jul 10 16:35 /data/TRANSIENT_BUFFER/PDR_GULP_data002.pcap_10_07_2026_16_35_1783681511.PCAP_PDR
-rw------- 1 dsp dsp 2.0G Jul 10 16:35 /data/TRANSIENT_BUFFER/PDR_GULP_data000.pcap_10_07_2026_16_35_1783681540.PCAP_PDR
-rw------- 1 dsp dsp 2.0G Jul 10 16:36 /data/TRANSIENT_BUFFER/PDR_GULP_data001.pcap_10_07_2026_16_36_1783681569.PCAP_PDR
-rw------- 1 dsp dsp 2.0G Jul 10 16:36 /data/TRANSIENT_BUFFER/PDR_GULP_data002.pcap_10_07_2026_16_36_1783681598.PCAP_PDR
-rw------- 1 dsp dsp 2.0G Jul 10 16:37 /data/TRANSIENT_BUFFER/PDR_GULP_data000.pcap_10_07_2026_16_37_1783681628.PCAP_PDR
-rw------- 1 dsp dsp 2.0G Jul 10 16:37 /data/TRANSIENT_BUFFER/PDR_GULP_data001.pcap_10_07_2026_16_37_1783681657.PCAP_PDR
-rw------- 1 dsp dsp 2.0G Jul 10 16:38 /data/TRANSIENT_BUFFER/PDR_GULP_data002.pcap_10_07_2026_16_38_1783681686.PCAP_PDR
-rw------- 1 dsp dsp 2.0G Jul 10 16:38 /data/TRANSIENT_BUFFER/PDR_GULP_data000.pcap_10_07_2026_16_38_1783681715.PCAP_PDR
-rw------- 1 dsp dsp 2.0G Jul 10 16:39 /data/TRANSIENT_BUFFER/PDR_GULP_data001.pcap_10_07_2026_16_39_1783681744.PCAP_PDR
-rw------- 1 dsp dsp 2.0G Jul 10 16:39 /data/TRANSIENT_BUFFER/PDR_GULP_data002.pcap_10_07_2026_16_39_1783681774.PCAP_PDR
-rw------- 1 dsp dsp 2.0G Jul 10 16:40 /data/TRANSIENT_BUFFER/PDR_GULP_data000.pcap_10_07_2026_16_40_1783681803.PCAP_PDR
-rw------- 1 dsp dsp 2.0G Jul 10 16:40 /data/TRANSIENT_BUFFER/PDR_GULP_data001.pcap_10_07_2026_16_40_1783681832.PCAP_PDR
-rw------- 1 dsp dsp 2.0G Jul 10 16:40 /data/TRANSIENT_BUFFER/PDR_GULP_data002.pcap_10_07_2026_16_41_1783681861.PCAP_PDR
-rw------- 1 dsp dsp 2.0G Jul 10 16:41 /data/TRANSIENT_BUFFER/PDR_GULP_data000.pcap_10_07_2026_16_41_1783681890.PCAP_PDR
-rw------- 1 dsp dsp 2.0G Jul 10 16:41 /data/TRANSIENT_BUFFER/PDR_GULP_data001.pcap_10_07_2026_16_42_1783681920.PCAP_PDR
-rw------- 1 dsp dsp 2.0G Jul 10 16:42 /data/TRANSIENT_BUFFER/PDR_GULP_data002.pcap_10_07_2026_16_42_1783681949.PCAP_PDR
-rw------- 1 dsp dsp 2.0G Jul 10 16:42 /data/TRANSIENT_BUFFER/PDR_GULP_data000.pcap_10_07_2026_16_42_1783681978.PCAP_PDR
-rw------- 1 dsp dsp 2.0G Jul 10 16:43 /data/TRANSIENT_BUFFER/PDR_GULP_data001.pcap_10_07_2026_16_43_1783682007.PCAP_PDR
-rw------- 1 dsp dsp 2.0G Jul 10 16:43 /data/TRANSIENT_BUFFER/PDR_GULP_data002.pcap_10_07_2026_16_43_1783682037.PCAP_PDR
-rw------- 1 dsp dsp 2.0G Jul 10 16:44 /data/TRANSIENT_BUFFER/PDR_GULP_data000.pcap_10_07_2026_16_44_1783682066.PCAP_PDR
-rw------- 1 dsp dsp 2.0G Jul 10 16:44 /data/TRANSIENT_BUFFER/PDR_GULP_data001.pcap_10_07_2026_16_44_1783682095.PCAP_PDR
-rw------- 1 dsp dsp 2.0G Jul 10 16:45 /data/TRANSIENT_BUFFER/PDR_GULP_data002.pcap_10_07_2026_16_45_1783682124.PCAP_PDR
-rw------- 1 dsp dsp 2.0G Jul 10 16:45 /data/TRANSIENT_BUFFER/PDR_GULP_data000.pcap_10_07_2026_16_45_1783682153.PCAP_PDR
-rw------- 1 dsp dsp 2.0G Jul 10 16:46 /data/TRANSIENT_BUFFER/PDR_GULP_data001.pcap_10_07_2026_16_46_1783682183.PCAP_PDR
-rw------- 1 dsp dsp 2.0G Jul 10 16:46 /data/TRANSIENT_BUFFER/PDR_GULP_data002.pcap_10_07_2026_16_46_1783682212.PCAP_PDR
-rw------- 1 dsp dsp 2.0G Jul 10 16:47 /data/TRANSIENT_BUFFER/PDR_GULP_data000.pcap_10_07_2026_16_47_1783682241.PCAP_PDR
-rw------- 1 dsp dsp 2.0G Jul 10 16:47 /data/TRANSIENT_BUFFER/PDR_GULP_data001.pcap_10_07_2026_16_47_1783682270.PCAP_PDR
-rw------- 1 dsp dsp 2.0G Jul 10 16:48 /data/TRANSIENT_BUFFER/PDR_GULP_data002.pcap_10_07_2026_16_48_1783682299.PCAP_PDR
-rw------- 1 dsp dsp 2.0G Jul 10 16:48 /data/TRANSIENT_BUFFER/PDR_GULP_data000.pcap_10_07_2026_16_48_1783682329.PCAP_PDR
-rw------- 1 dsp dsp 2.0G Jul 10 16:49 /data/TRANSIENT_BUFFER/PDR_GULP_data001.pcap_10_07_2026_16_49_1783682358.PCAP_PDR
-rw------- 1 dsp dsp 2.0G Jul 10 16:49 /data/TRANSIENT_BUFFER/PDR_GULP_data002.pcap_10_07_2026_16_49_1783682387.PCAP_PDR
-rw------- 1 dsp dsp 2.0G Jul 10 16:50 /data/TRANSIENT_BUFFER/PDR_GULP_data000.pcap_10_07_2026_16_50_1783682416.PCAP_PDR
-rw------- 1 dsp dsp 2.0G Jul 10 16:50 /data/TRANSIENT_BUFFER/PDR_GULP_data001.pcap_10_07_2026_16_50_1783682445.PCAP_PDR
-rw------- 1 dsp dsp 2.0G Jul 10 16:51 /data/TRANSIENT_BUFFER/PDR_GULP_data002.pcap_10_07_2026_16_51_1783682475.PCAP_PDR
-rw------- 1 dsp dsp 2.0G Jul 10 16:51 /data/TRANSIENT_BUFFER/PDR_GULP_data000.pcap_10_07_2026_16_51_1783682504.PCAP_PDR
-rw------- 1 dsp dsp 2.0G Jul 10 16:52 /data/TRANSIENT_BUFFER/PDR_GULP_data001.pcap_10_07_2026_16_52_1783682533.PCAP_PDR
-rw------- 1 dsp dsp 2.0G Jul 10 16:52 /data/TRANSIENT_BUFFER/PDR_GULP_data002.pcap_10_07_2026_16_52_1783682562.PCAP_PDR
-rw------- 1 dsp dsp 2.0G Jul 10 16:53 /data/TRANSIENT_BUFFER/PDR_GULP_data000.pcap_10_07_2026_16_53_1783682591.PCAP_PDR
-rw------- 1 dsp dsp 2.0G Jul 10 16:53 /data/TRANSIENT_BUFFER/PDR_GULP_data001.pcap_10_07_2026_16_53_1783682621.PCAP_PDR
-rw------- 1 dsp dsp 2.0G Jul 10 16:54 /data/TRANSIENT_BUFFER/PDR_GULP_data002.pcap_10_07_2026_16_54_1783682650.PCAP_PDR
-rw------- 1 dsp dsp 2.0G Jul 10 16:54 /data/TRANSIENT_BUFFER/PDR_GULP_data000.pcap_10_07_2026_16_54_1783682679.PCAP_PDR
-rw------- 1 dsp dsp 2.0G Jul 10 16:55 /data/TRANSIENT_BUFFER/PDR_GULP_data001.pcap_10_07_2026_16_55_1783682708.PCAP_PDR
-rw------- 1 dsp dsp 2.0G Jul 10 16:55 /data/TRANSIENT_BUFFER/PDR_GULP_data002.pcap_10_07_2026_16_55_1783682738.PCAP_PDR
-rw------- 1 dsp dsp 2.0G Jul 10 16:56 /data/TRANSIENT_BUFFER/PDR_GULP_data000.pcap_10_07_2026_16_56_1783682767.PCAP_PDR
-rw------- 1 dsp dsp 2.0G Jul 10 16:56 /data/TRANSIENT_BUFFER/PDR_GULP_data001.pcap_10_07_2026_16_56_1783682796.PCAP_PDR
-rw------- 1 dsp dsp 2.0G Jul 10 16:57 /data/TRANSIENT_BUFFER/PDR_GULP_data002.pcap_10_07_2026_16_57_1783682825.PCAP_PDR
-rw------- 1 dsp dsp 2.0G Jul 10 16:57 /data/TRANSIENT_BUFFER/PDR_GULP_data000.pcap_10_07_2026_16_57_1783682854.PCAP_PDR
-rw------- 1 dsp dsp 2.0G Jul 10 16:58 /data/TRANSIENT_BUFFER/PDR_GULP_data001.pcap_10_07_2026_16_58_1783682884.PCAP_PDR
-rw------- 1 dsp dsp 2.0G Jul 10 16:58 /data/TRANSIENT_BUFFER/PDR_GULP_data002.pcap_10_07_2026_16_58_1783682913.PCAP_PDR
-rw------- 1 dsp dsp 2.0G Jul 10 16:58 /data/TRANSIENT_BUFFER/PDR_GULP_data000.pcap_10_07_2026_16_59_1783682942.PCAP_PDR
-rw------- 1 dsp dsp 2.0G Jul 10 16:59 /data/TRANSIENT_BUFFER/PDR_GULP_data001.pcap_10_07_2026_16_59_1783682971.PCAP_PDR
-rw------- 1 dsp dsp 2.0G Jul 10 16:59 /data/TRANSIENT_BUFFER/PDR_GULP_data002.pcap_10_07_2026_17_00_1783683000.PCAP_PDR
-rw------- 1 dsp dsp 2.0G Jul 10 17:00 /data/TRANSIENT_BUFFER/PDR_GULP_data000.pcap_10_07_2026_17_00_1783683030.PCAP_PDR
-rw------- 1 dsp dsp 2.0G Jul 10 17:00 /data/TRANSIENT_BUFFER/PDR_GULP_data001.pcap_10_07_2026_17_00_1783683059.PCAP_PDR
-rw------- 1 dsp dsp 2.0G Jul 10 17:01 /data/TRANSIENT_BUFFER/PDR_GULP_data002.pcap_10_07_2026_17_01_1783683088.PCAP_PDR
-rw------- 1 dsp dsp 2.0G Jul 10 17:01 /data/TRANSIENT_BUFFER/PDR_GULP_data000.pcap_10_07_2026_17_01_1783683117.PCAP_PDR
11-07-2026 10:03 RAW PCAP data moved from Transient Buffer.
11-07-2026 10:03 SLIP check Started ...
11-07-2026 10:03 - WARNING - Data Directory: /data/dsp/GBD_TRANSIENT_BUFFER/J1136+1551/11_07_2026
11-07-2026 10:03 - WARNING - Number of Files: 80
11-07-2026 10:03 - WARNING - No packet loss: /data/dsp/GBD_TRANSIENT_BUFFER/J1136+1551/11_07_2026/PDR_GULP_data002.pcap_10_07_2026_16_23_1783680810.PCAP_PDR
11-07-2026 10:03 - WARNING - first_pkt_count, first_gps_count, first_pkt_Tstamp
11-07-2026 10:03 - WARNING - 502631628 50741 2026-07-10T10:52:58.054736
11-07-2026 10:03 - WARNING - last_pkt_count, last_gps_count, last_pkt_Tstamp
11-07-2026 10:03 - WARNING - 504514169 50770 2026-07-10T10:53:27.262588
11-07-2026 10:03 - WARNING - diff_pkt_count  , diff_gps_count ,  diff_pkt_timstamp
11-07-2026 10:03 - WARNING - 1882541 29 29207852 microseconds
11-07-2026 10:03 - WARNING - No packet loss: /data/dsp/GBD_TRANSIENT_BUFFER/J1136+1551/11_07_2026/PDR_GULP_data000.pcap_10_07_2026_16_23_1783680839.PCAP_PDR
11-07-2026 10:03 - WARNING - first_pkt_count, first_gps_count, first_pkt_Tstamp
11-07-2026 10:03 - WARNING - 504514170 50770 2026-07-10T10:53:27.262589
11-07-2026 10:03 - WARNING - last_pkt_count, last_gps_count, last_pkt_Tstamp
11-07-2026 10:03 - WARNING - 506396711 50799 2026-07-10T10:53:56.470462
11-07-2026 10:03 - WARNING - diff_pkt_count  , diff_gps_count ,  diff_pkt_timstamp
11-07-2026 10:03 - WARNING - 1882541 29 29207873 microseconds
11-07-2026 10:03 - WARNING - No packet loss: /data/dsp/GBD_TRANSIENT_BUFFER/J1136+1551/11_07_2026/PDR_GULP_data001.pcap_10_07_2026_16_24_1783680868.PCAP_PDR
11-07-2026 10:03 - WARNING - first_pkt_count, first_gps_count, first_pkt_Tstamp
11-07-2026 10:03 - WARNING - 506396712 50799 2026-07-10T10:53:56.470462
11-07-2026 10:03 - WARNING - last_pkt_count, last_gps_count, last_pkt_Tstamp
11-07-2026 10:03 - WARNING - 508279253 50828 2026-07-10T10:54:25.678302
11-07-2026 10:03 - WARNING - diff_pkt_count  , diff_gps_count ,  diff_pkt_timstamp
11-07-2026 10:03 - WARNING - 1882541 29 29207840 microseconds
11-07-2026 10:03 - WARNING - No packet loss: /data/dsp/GBD_TRANSIENT_BUFFER/J1136+1551/11_07_2026/PDR_GULP_data002.pcap_10_07_2026_16_24_1783680897.PCAP_PDR
11-07-2026 10:03 - WARNING - first_pkt_count, first_gps_count, first_pkt_Tstamp
11-07-2026 10:03 - WARNING - 508279254 50828 2026-07-10T10:54:25.678302
11-07-2026 10:03 - WARNING - last_pkt_count, last_gps_count, last_pkt_Tstamp
11-07-2026 10:03 - WARNING - 510161795 50857 2026-07-10T10:54:54.886167
11-07-2026 10:03 - WARNING - diff_pkt_count  , diff_gps_count ,  diff_pkt_timstamp
11-07-2026 10:03 - WARNING - 1882541 29 29207865 microseconds
11-07-2026 10:03 - WARNING - No packet loss: /data/dsp/GBD_TRANSIENT_BUFFER/J1136+1551/11_07_2026/PDR_GULP_data000.pcap_10_07_2026_16_25_1783680927.PCAP_PDR
11-07-2026 10:03 - WARNING - first_pkt_count, first_gps_count, first_pkt_Tstamp
11-07-2026 10:03 - WARNING - 510161796 50857 2026-07-10T10:54:54.886167
11-07-2026 10:03 - WARNING - last_pkt_count, last_gps_count, last_pkt_Tstamp
11-07-2026 10:03 - WARNING - 512044338 50887 2026-07-10T10:55:24.094013
11-07-2026 10:03 - WARNING - diff_pkt_count  , diff_gps_count ,  diff_pkt_timstamp
11-07-2026 10:03 - WARNING - 1882542 30 29207846 microseconds
11-07-2026 10:03 - WARNING - No packet loss: /data/dsp/GBD_TRANSIENT_BUFFER/J1136+1551/11_07_2026/PDR_GULP_data001.pcap_10_07_2026_16_25_1783680956.PCAP_PDR
11-07-2026 10:03 - WARNING - first_pkt_count, first_gps_count, first_pkt_Tstamp
11-07-2026 10:03 - WARNING - 512044339 50887 2026-07-10T10:55:24.094103
11-07-2026 10:03 - WARNING - last_pkt_count, last_gps_count, last_pkt_Tstamp
11-07-2026 10:03 - WARNING - 513926880 50916 2026-07-10T10:55:53.301904
11-07-2026 10:03 - WARNING - diff_pkt_count  , diff_gps_count ,  diff_pkt_timstamp
11-07-2026 10:03 - WARNING - 1882541 29 29207801 microseconds
11-07-2026 10:03 - WARNING - No packet loss: /data/dsp/GBD_TRANSIENT_BUFFER/J1136+1551/11_07_2026/PDR_GULP_data002.pcap_10_07_2026_16_26_1783680985.PCAP_PDR
11-07-2026 10:03 - WARNING - first_pkt_count, first_gps_count, first_pkt_Tstamp
11-07-2026 10:03 - WARNING - 513926881 50916 2026-07-10T10:55:53.301905
11-07-2026 10:03 - WARNING - last_pkt_count, last_gps_count, last_pkt_Tstamp
11-07-2026 10:03 - WARNING - 515809422 50945 2026-07-10T10:56:22.509767
11-07-2026 10:03 - WARNING - diff_pkt_count  , diff_gps_count ,  diff_pkt_timstamp
11-07-2026 10:03 - WARNING - 1882541 29 29207862 microseconds
11-07-2026 10:03 - WARNING - No packet loss: /data/dsp/GBD_TRANSIENT_BUFFER/J1136+1551/11_07_2026/PDR_GULP_data000.pcap_10_07_2026_16_26_1783681014.PCAP_PDR
11-07-2026 10:03 - WARNING - first_pkt_count, first_gps_count, first_pkt_Tstamp
11-07-2026 10:03 - WARNING - 515809423 50945 2026-07-10T10:56:22.509846
11-07-2026 10:03 - WARNING - last_pkt_count, last_gps_count, last_pkt_Tstamp
11-07-2026 10:03 - WARNING - 517691964 50974 2026-07-10T10:56:51.717650
11-07-2026 10:03 - WARNING - diff_pkt_count  , diff_gps_count ,  diff_pkt_timstamp
11-07-2026 10:03 - WARNING - 1882541 29 29207804 microseconds
11-07-2026 10:03 - WARNING - No packet loss: /data/dsp/GBD_TRANSIENT_BUFFER/J1136+1551/11_07_2026/PDR_GULP_data001.pcap_10_07_2026_16_27_1783681043.PCAP_PDR
11-07-2026 10:03 - WARNING - first_pkt_count, first_gps_count, first_pkt_Tstamp
11-07-2026 10:03 - WARNING - 517691965 50974 2026-07-10T10:56:51.717650
11-07-2026 10:03 - WARNING - last_pkt_count, last_gps_count, last_pkt_Tstamp
11-07-2026 10:03 - WARNING - 519574506 51003 2026-07-10T10:57:20.925553
11-07-2026 10:03 - WARNING - diff_pkt_count  , diff_gps_count ,  diff_pkt_timstamp
11-07-2026 10:03 - WARNING - 1882541 29 29207903 microseconds
11-07-2026 10:03 - WARNING - No packet loss: /data/dsp/GBD_TRANSIENT_BUFFER/J1136+1551/11_07_2026/PDR_GULP_data002.pcap_10_07_2026_16_27_1783681073.PCAP_PDR
11-07-2026 10:03 - WARNING - first_pkt_count, first_gps_count, first_pkt_Tstamp
11-07-2026 10:03 - WARNING - 519574507 51003 2026-07-10T10:57:20.925554
11-07-2026 10:03 - WARNING - last_pkt_count, last_gps_count, last_pkt_Tstamp
11-07-2026 10:03 - WARNING - 521457048 51033 2026-07-10T10:57:50.133338
11-07-2026 10:03 - WARNING - diff_pkt_count  , diff_gps_count ,  diff_pkt_timstamp
11-07-2026 10:03 - WARNING - 1882541 30 29207784 microseconds
11-07-2026 10:03 - WARNING - No packet loss: /data/dsp/GBD_TRANSIENT_BUFFER/J1136+1551/11_07_2026/PDR_GULP_data000.pcap_10_07_2026_16_28_1783681102.PCAP_PDR
11-07-2026 10:03 - WARNING - first_pkt_count, first_gps_count, first_pkt_Tstamp
11-07-2026 10:03 - WARNING - 521457049 51033 2026-07-10T10:57:50.133339
11-07-2026 10:03 - WARNING - last_pkt_count, last_gps_count, last_pkt_Tstamp
11-07-2026 10:03 - WARNING - 523339591 51062 2026-07-10T10:58:19.341234
11-07-2026 10:03 - WARNING - diff_pkt_count  , diff_gps_count ,  diff_pkt_timstamp
11-07-2026 10:03 - WARNING - 1882542 29 29207895 microseconds
11-07-2026 10:03 - WARNING - No packet loss: /data/dsp/GBD_TRANSIENT_BUFFER/J1136+1551/11_07_2026/PDR_GULP_data001.pcap_10_07_2026_16_28_1783681131.PCAP_PDR
11-07-2026 10:03 - WARNING - first_pkt_count, first_gps_count, first_pkt_Tstamp
11-07-2026 10:03 - WARNING - 523339592 51062 2026-07-10T10:58:19.341234
11-07-2026 10:03 - WARNING - last_pkt_count, last_gps_count, last_pkt_Tstamp
11-07-2026 10:03 - WARNING - 525222133 51091 2026-07-10T10:58:48.549076
11-07-2026 10:03 - WARNING - diff_pkt_count  , diff_gps_count ,  diff_pkt_timstamp
11-07-2026 10:03 - WARNING - 1882541 29 29207842 microseconds
11-07-2026 10:03 - WARNING - No packet loss: /data/dsp/GBD_TRANSIENT_BUFFER/J1136+1551/11_07_2026/PDR_GULP_data002.pcap_10_07_2026_16_29_1783681160.PCAP_PDR
11-07-2026 10:03 - WARNING - first_pkt_count, first_gps_count, first_pkt_Tstamp
11-07-2026 10:03 - WARNING - 525222134 51091 2026-07-10T10:58:48.549125
11-07-2026 10:03 - WARNING - last_pkt_count, last_gps_count, last_pkt_Tstamp
11-07-2026 10:03 - WARNING - 527104675 51120 2026-07-10T10:59:17.756982
11-07-2026 10:03 - WARNING - diff_pkt_count  , diff_gps_count ,  diff_pkt_timstamp
11-07-2026 10:03 - WARNING - 1882541 29 29207857 microseconds
11-07-2026 10:03 - WARNING - No packet loss: /data/dsp/GBD_TRANSIENT_BUFFER/J1136+1551/11_07_2026/PDR_GULP_data000.pcap_10_07_2026_16_29_1783681189.PCAP_PDR
11-07-2026 10:03 - WARNING - first_pkt_count, first_gps_count, first_pkt_Tstamp
11-07-2026 10:03 - WARNING - 527104676 51120 2026-07-10T10:59:17.756982
11-07-2026 10:03 - WARNING - last_pkt_count, last_gps_count, last_pkt_Tstamp
11-07-2026 10:03 - WARNING - 528987217 51149 2026-07-10T10:59:46.964805
11-07-2026 10:03 - WARNING - diff_pkt_count  , diff_gps_count ,  diff_pkt_timstamp
11-07-2026 10:03 - WARNING - 1882541 29 29207823 microseconds
11-07-2026 10:03 - WARNING - No packet loss: /data/dsp/GBD_TRANSIENT_BUFFER/J1136+1551/11_07_2026/PDR_GULP_data001.pcap_10_07_2026_16_30_1783681219.PCAP_PDR
11-07-2026 10:03 - WARNING - first_pkt_count, first_gps_count, first_pkt_Tstamp
11-07-2026 10:03 - WARNING - 528987218 51149 2026-07-10T10:59:46.964857
11-07-2026 10:03 - WARNING - last_pkt_count, last_gps_count, last_pkt_Tstamp
11-07-2026 10:03 - WARNING - 530869759 51179 2026-07-10T11:00:16.172686
11-07-2026 10:03 - WARNING - diff_pkt_count  , diff_gps_count ,  diff_pkt_timstamp
11-07-2026 10:03 - WARNING - 1882541 30 29207829 microseconds
11-07-2026 10:03 - WARNING - No packet loss: /data/dsp/GBD_TRANSIENT_BUFFER/J1136+1551/11_07_2026/PDR_GULP_data002.pcap_10_07_2026_16_30_1783681248.PCAP_PDR
11-07-2026 10:03 - WARNING - first_pkt_count, first_gps_count, first_pkt_Tstamp
11-07-2026 10:03 - WARNING - 530869760 51179 2026-07-10T11:00:16.172686
11-07-2026 10:03 - WARNING - last_pkt_count, last_gps_count, last_pkt_Tstamp
11-07-2026 10:03 - WARNING - 532752301 51208 2026-07-10T11:00:45.380524
11-07-2026 10:03 - WARNING - diff_pkt_count  , diff_gps_count ,  diff_pkt_timstamp
11-07-2026 10:03 - WARNING - 1882541 29 29207838 microseconds
11-07-2026 10:03 - WARNING - No packet loss: /data/dsp/GBD_TRANSIENT_BUFFER/J1136+1551/11_07_2026/PDR_GULP_data000.pcap_10_07_2026_16_31_1783681277.PCAP_PDR
11-07-2026 10:03 - WARNING - first_pkt_count, first_gps_count, first_pkt_Tstamp
11-07-2026 10:03 - WARNING - 532752302 51208 2026-07-10T11:00:45.380577
11-07-2026 10:03 - WARNING - last_pkt_count, last_gps_count, last_pkt_Tstamp
11-07-2026 10:03 - WARNING - 534634844 51237 2026-07-10T11:01:14.588409
11-07-2026 10:03 - WARNING - diff_pkt_count  , diff_gps_count ,  diff_pkt_timstamp
11-07-2026 10:03 - WARNING - 1882542 29 29207832 microseconds
11-07-2026 10:03 - WARNING - No packet loss: /data/dsp/GBD_TRANSIENT_BUFFER/J1136+1551/11_07_2026/PDR_GULP_data001.pcap_10_07_2026_16_31_1783681306.PCAP_PDR
11-07-2026 10:03 - WARNING - first_pkt_count, first_gps_count, first_pkt_Tstamp
11-07-2026 10:03 - WARNING - 534634845 51237 2026-07-10T11:01:14.588461
11-07-2026 10:03 - WARNING - last_pkt_count, last_gps_count, last_pkt_Tstamp
11-07-2026 10:03 - WARNING - 536517386 51266 2026-07-10T11:01:43.796316
11-07-2026 10:03 - WARNING - diff_pkt_count  , diff_gps_count ,  diff_pkt_timstamp
11-07-2026 10:03 - WARNING - 1882541 29 29207855 microseconds
11-07-2026 10:03 - WARNING - No packet loss: /data/dsp/GBD_TRANSIENT_BUFFER/J1136+1551/11_07_2026/PDR_GULP_data002.pcap_10_07_2026_16_32_1783681336.PCAP_PDR
11-07-2026 10:03 - WARNING - first_pkt_count, first_gps_count, first_pkt_Tstamp
11-07-2026 10:03 - WARNING - 536517387 51266 2026-07-10T11:01:43.796316
11-07-2026 10:03 - WARNING - last_pkt_count, last_gps_count, last_pkt_Tstamp
11-07-2026 10:03 - WARNING - 538399928 51296 2026-07-10T11:02:13.004990
11-07-2026 10:03 - WARNING - diff_pkt_count  , diff_gps_count ,  diff_pkt_timstamp
11-07-2026 10:03 - WARNING - 1882541 30 29208674 microseconds
11-07-2026 10:03 - WARNING - No packet loss: /data/dsp/GBD_TRANSIENT_BUFFER/J1136+1551/11_07_2026/PDR_GULP_data000.pcap_10_07_2026_16_32_1783681365.PCAP_PDR
11-07-2026 10:03 - WARNING - first_pkt_count, first_gps_count, first_pkt_Tstamp
11-07-2026 10:03 - WARNING - 538399929 51296 2026-07-10T11:02:13.004990
11-07-2026 10:03 - WARNING - last_pkt_count, last_gps_count, last_pkt_Tstamp
11-07-2026 10:03 - WARNING - 540282470 51325 2026-07-10T11:02:42.213566
11-07-2026 10:03 - WARNING - diff_pkt_count  , diff_gps_count ,  diff_pkt_timstamp
11-07-2026 10:03 - WARNING - 1882541 29 29208576 microseconds
11-07-2026 10:03 - WARNING - No packet loss: /data/dsp/GBD_TRANSIENT_BUFFER/J1136+1551/11_07_2026/PDR_GULP_data001.pcap_10_07_2026_16_33_1783681394.PCAP_PDR
11-07-2026 10:03 - WARNING - first_pkt_count, first_gps_count, first_pkt_Tstamp
11-07-2026 10:03 - WARNING - 540282471 51325 2026-07-10T11:02:42.213618
11-07-2026 10:03 - WARNING - last_pkt_count, last_gps_count, last_pkt_Tstamp
11-07-2026 10:03 - WARNING - 542165012 51354 2026-07-10T11:03:11.422178
11-07-2026 10:03 - WARNING - diff_pkt_count  , diff_gps_count ,  diff_pkt_timstamp
11-07-2026 10:03 - WARNING - 1882541 29 29208560 microseconds
11-07-2026 10:03 - WARNING - No packet loss: /data/dsp/GBD_TRANSIENT_BUFFER/J1136+1551/11_07_2026/PDR_GULP_data002.pcap_10_07_2026_16_33_1783681423.PCAP_PDR
11-07-2026 10:03 - WARNING - first_pkt_count, first_gps_count, first_pkt_Tstamp
11-07-2026 10:03 - WARNING - 542165013 51354 2026-07-10T11:03:11.422178
11-07-2026 10:03 - WARNING - last_pkt_count, last_gps_count, last_pkt_Tstamp
11-07-2026 10:03 - WARNING - 544047554 51383 2026-07-10T11:03:40.630750
11-07-2026 10:03 - WARNING - diff_pkt_count  , diff_gps_count ,  diff_pkt_timstamp
11-07-2026 10:03 - WARNING - 1882541 29 29208572 microseconds
11-07-2026 10:03 - WARNING - No packet loss: /data/dsp/GBD_TRANSIENT_BUFFER/J1136+1551/11_07_2026/PDR_GULP_data000.pcap_10_07_2026_16_34_1783681452.PCAP_PDR
11-07-2026 10:03 - WARNING - first_pkt_count, first_gps_count, first_pkt_Tstamp
11-07-2026 10:03 - WARNING - 544047555 51383 2026-07-10T11:03:40.630750
11-07-2026 10:03 - WARNING - last_pkt_count, last_gps_count, last_pkt_Tstamp
11-07-2026 10:03 - WARNING - 545930097 51412 2026-07-10T11:04:09.839260
11-07-2026 10:03 - WARNING - diff_pkt_count  , diff_gps_count ,  diff_pkt_timstamp
11-07-2026 10:03 - WARNING - 1882542 29 29208510 microseconds
11-07-2026 10:03 - WARNING - No packet loss: /data/dsp/GBD_TRANSIENT_BUFFER/J1136+1551/11_07_2026/PDR_GULP_data001.pcap_10_07_2026_16_34_1783681482.PCAP_PDR
11-07-2026 10:03 - WARNING - first_pkt_count, first_gps_count, first_pkt_Tstamp
11-07-2026 10:03 - WARNING - 545930098 51412 2026-07-10T11:04:09.839314
11-07-2026 10:03 - WARNING - last_pkt_count, last_gps_count, last_pkt_Tstamp
11-07-2026 10:03 - WARNING - 547812639 51442 2026-07-10T11:04:39.047744
11-07-2026 10:03 - WARNING - diff_pkt_count  , diff_gps_count ,  diff_pkt_timstamp
11-07-2026 10:03 - WARNING - 1882541 30 29208430 microseconds
11-07-2026 10:03 - WARNING - No packet loss: /data/dsp/GBD_TRANSIENT_BUFFER/J1136+1551/11_07_2026/PDR_GULP_data002.pcap_10_07_2026_16_35_1783681511.PCAP_PDR
11-07-2026 10:03 - WARNING - first_pkt_count, first_gps_count, first_pkt_Tstamp
11-07-2026 10:03 - WARNING - 547812640 51442 2026-07-10T11:04:39.047796
11-07-2026 10:03 - WARNING - last_pkt_count, last_gps_count, last_pkt_Tstamp
11-07-2026 10:03 - WARNING - 549695181 51471 2026-07-10T11:05:08.256224
11-07-2026 10:03 - WARNING - diff_pkt_count  , diff_gps_count ,  diff_pkt_timstamp
11-07-2026 10:03 - WARNING - 1882541 29 29208428 microseconds
11-07-2026 10:03 - WARNING - No packet loss: /data/dsp/GBD_TRANSIENT_BUFFER/J1136+1551/11_07_2026/PDR_GULP_data000.pcap_10_07_2026_16_35_1783681540.PCAP_PDR
11-07-2026 10:03 - WARNING - first_pkt_count, first_gps_count, first_pkt_Tstamp
11-07-2026 10:03 - WARNING - 549695182 51471 2026-07-10T11:05:08.256224
11-07-2026 10:03 - WARNING - last_pkt_count, last_gps_count, last_pkt_Tstamp
11-07-2026 10:03 - WARNING - 551577723 51500 2026-07-10T11:05:37.464697
11-07-2026 10:03 - WARNING - diff_pkt_count  , diff_gps_count ,  diff_pkt_timstamp
11-07-2026 10:03 - WARNING - 1882541 29 29208473 microseconds
11-07-2026 10:03 - WARNING - No packet loss: /data/dsp/GBD_TRANSIENT_BUFFER/J1136+1551/11_07_2026/PDR_GULP_data001.pcap_10_07_2026_16_36_1783681569.PCAP_PDR
11-07-2026 10:03 - WARNING - first_pkt_count, first_gps_count, first_pkt_Tstamp
11-07-2026 10:03 - WARNING - 551577724 51500 2026-07-10T11:05:37.464698
11-07-2026 10:03 - WARNING - last_pkt_count, last_gps_count, last_pkt_Tstamp
11-07-2026 10:03 - WARNING - 553460265 51529 2026-07-10T11:06:06.673096
11-07-2026 10:03 - WARNING - diff_pkt_count  , diff_gps_count ,  diff_pkt_timstamp
11-07-2026 10:03 - WARNING - 1882541 29 29208398 microseconds
11-07-2026 10:03 - WARNING - No packet loss: /data/dsp/GBD_TRANSIENT_BUFFER/J1136+1551/11_07_2026/PDR_GULP_data002.pcap_10_07_2026_16_36_1783681598.PCAP_PDR
11-07-2026 10:03 - WARNING - first_pkt_count, first_gps_count, first_pkt_Tstamp
11-07-2026 10:03 - WARNING - 553460266 51529 2026-07-10T11:06:06.673096
11-07-2026 10:03 - WARNING - last_pkt_count, last_gps_count, last_pkt_Tstamp
11-07-2026 10:03 - WARNING - 555342808 51558 2026-07-10T11:06:35.881481
11-07-2026 10:03 - WARNING - diff_pkt_count  , diff_gps_count ,  diff_pkt_timstamp
11-07-2026 10:03 - WARNING - 1882542 29 29208385 microseconds
11-07-2026 10:03 - WARNING - No packet loss: /data/dsp/GBD_TRANSIENT_BUFFER/J1136+1551/11_07_2026/PDR_GULP_data000.pcap_10_07_2026_16_37_1783681628.PCAP_PDR
11-07-2026 10:03 - WARNING - first_pkt_count, first_gps_count, first_pkt_Tstamp
11-07-2026 10:03 - WARNING - 555342809 51558 2026-07-10T11:06:35.881534
11-07-2026 10:03 - WARNING - last_pkt_count, last_gps_count, last_pkt_Tstamp
11-07-2026 10:03 - WARNING - 557225350 51588 2026-07-10T11:07:05.089891
11-07-2026 10:03 - WARNING - diff_pkt_count  , diff_gps_count ,  diff_pkt_timstamp
11-07-2026 10:03 - WARNING - 1882541 30 29208357 microseconds
11-07-2026 10:03 - WARNING - No packet loss: /data/dsp/GBD_TRANSIENT_BUFFER/J1136+1551/11_07_2026/PDR_GULP_data001.pcap_10_07_2026_16_37_1783681657.PCAP_PDR
11-07-2026 10:03 - WARNING - first_pkt_count, first_gps_count, first_pkt_Tstamp
11-07-2026 10:03 - WARNING - 557225351 51588 2026-07-10T11:07:05.089892
11-07-2026 10:03 - WARNING - last_pkt_count, last_gps_count, last_pkt_Tstamp
11-07-2026 10:03 - WARNING - 559107892 51617 2026-07-10T11:07:34.298213
11-07-2026 10:03 - WARNING - diff_pkt_count  , diff_gps_count ,  diff_pkt_timstamp
11-07-2026 10:03 - WARNING - 1882541 29 29208321 microseconds
11-07-2026 10:03 - WARNING - No packet loss: /data/dsp/GBD_TRANSIENT_BUFFER/J1136+1551/11_07_2026/PDR_GULP_data002.pcap_10_07_2026_16_38_1783681686.PCAP_PDR
11-07-2026 10:03 - WARNING - first_pkt_count, first_gps_count, first_pkt_Tstamp
11-07-2026 10:03 - WARNING - 559107893 51617 2026-07-10T11:07:34.298305
11-07-2026 10:03 - WARNING - last_pkt_count, last_gps_count, last_pkt_Tstamp
11-07-2026 10:03 - WARNING - 560990434 51646 2026-07-10T11:08:03.506579
11-07-2026 10:03 - WARNING - diff_pkt_count  , diff_gps_count ,  diff_pkt_timstamp
11-07-2026 10:03 - WARNING - 1882541 29 29208274 microseconds
11-07-2026 10:03 - WARNING - No packet loss: /data/dsp/GBD_TRANSIENT_BUFFER/J1136+1551/11_07_2026/PDR_GULP_data000.pcap_10_07_2026_16_38_1783681715.PCAP_PDR
11-07-2026 10:03 - WARNING - first_pkt_count, first_gps_count, first_pkt_Tstamp
11-07-2026 10:03 - WARNING - 560990435 51646 2026-07-10T11:08:03.506580
11-07-2026 10:03 - WARNING - last_pkt_count, last_gps_count, last_pkt_Tstamp
11-07-2026 10:03 - WARNING - 562872976 51675 2026-07-10T11:08:32.714861
11-07-2026 10:03 - WARNING - diff_pkt_count  , diff_gps_count ,  diff_pkt_timstamp
11-07-2026 10:03 - WARNING - 1882541 29 29208281 microseconds
11-07-2026 10:03 - WARNING - No packet loss: /data/dsp/GBD_TRANSIENT_BUFFER/J1136+1551/11_07_2026/PDR_GULP_data001.pcap_10_07_2026_16_39_1783681744.PCAP_PDR
11-07-2026 10:03 - WARNING - first_pkt_count, first_gps_count, first_pkt_Tstamp
11-07-2026 10:03 - WARNING - 562872977 51675 2026-07-10T11:08:32.714914
11-07-2026 10:03 - WARNING - last_pkt_count, last_gps_count, last_pkt_Tstamp
11-07-2026 10:03 - WARNING - 564755518 51704 2026-07-10T11:09:01.923194
11-07-2026 10:03 - WARNING - diff_pkt_count  , diff_gps_count ,  diff_pkt_timstamp
11-07-2026 10:03 - WARNING - 1882541 29 29208280 microseconds
11-07-2026 10:03 - WARNING - No packet loss: /data/dsp/GBD_TRANSIENT_BUFFER/J1136+1551/11_07_2026/PDR_GULP_data002.pcap_10_07_2026_16_39_1783681774.PCAP_PDR
11-07-2026 10:03 - WARNING - first_pkt_count, first_gps_count, first_pkt_Tstamp
11-07-2026 10:03 - WARNING - 564755519 51704 2026-07-10T11:09:01.923194
11-07-2026 10:03 - WARNING - last_pkt_count, last_gps_count, last_pkt_Tstamp
11-07-2026 10:03 - WARNING - 566638061 51734 2026-07-10T11:09:31.131526
11-07-2026 10:03 - WARNING - diff_pkt_count  , diff_gps_count ,  diff_pkt_timstamp
11-07-2026 10:03 - WARNING - 1882542 30 29208332 microseconds
11-07-2026 10:03 - WARNING - No packet loss: /data/dsp/GBD_TRANSIENT_BUFFER/J1136+1551/11_07_2026/PDR_GULP_data000.pcap_10_07_2026_16_40_1783681803.PCAP_PDR
11-07-2026 10:03 - WARNING - first_pkt_count, first_gps_count, first_pkt_Tstamp
11-07-2026 10:03 - WARNING - 566638062 51734 2026-07-10T11:09:31.131526
11-07-2026 10:03 - WARNING - last_pkt_count, last_gps_count, last_pkt_Tstamp
11-07-2026 10:03 - WARNING - 568520603 51763 2026-07-10T11:10:00.339749
11-07-2026 10:03 - WARNING - diff_pkt_count  , diff_gps_count ,  diff_pkt_timstamp
11-07-2026 10:03 - WARNING - 1882541 29 29208223 microseconds
11-07-2026 10:03 - WARNING - No packet loss: /data/dsp/GBD_TRANSIENT_BUFFER/J1136+1551/11_07_2026/PDR_GULP_data001.pcap_10_07_2026_16_40_1783681832.PCAP_PDR
11-07-2026 10:03 - WARNING - first_pkt_count, first_gps_count, first_pkt_Tstamp
11-07-2026 10:03 - WARNING - 568520604 51763 2026-07-10T11:10:00.339749
11-07-2026 10:03 - WARNING - last_pkt_count, last_gps_count, last_pkt_Tstamp
11-07-2026 10:03 - WARNING - 570403145 51792 2026-07-10T11:10:29.547996
11-07-2026 10:03 - WARNING - diff_pkt_count  , diff_gps_count ,  diff_pkt_timstamp
11-07-2026 10:03 - WARNING - 1882541 29 29208247 microseconds
11-07-2026 10:03 - WARNING - No packet loss: /data/dsp/GBD_TRANSIENT_BUFFER/J1136+1551/11_07_2026/PDR_GULP_data002.pcap_10_07_2026_16_41_1783681861.PCAP_PDR
11-07-2026 10:03 - WARNING - first_pkt_count, first_gps_count, first_pkt_Tstamp
11-07-2026 10:03 - WARNING - 570403146 51792 2026-07-10T11:10:29.547996
11-07-2026 10:03 - WARNING - last_pkt_count, last_gps_count, last_pkt_Tstamp
11-07-2026 10:03 - WARNING - 572285687 51821 2026-07-10T11:10:58.756205
11-07-2026 10:03 - WARNING - diff_pkt_count  , diff_gps_count ,  diff_pkt_timstamp
11-07-2026 10:03 - WARNING - 1882541 29 29208209 microseconds
11-07-2026 10:03 - WARNING - No packet loss: /data/dsp/GBD_TRANSIENT_BUFFER/J1136+1551/11_07_2026/PDR_GULP_data000.pcap_10_07_2026_16_41_1783681890.PCAP_PDR
11-07-2026 10:03 - WARNING - first_pkt_count, first_gps_count, first_pkt_Tstamp
11-07-2026 10:03 - WARNING - 572285688 51821 2026-07-10T11:10:58.756259
11-07-2026 10:03 - WARNING - last_pkt_count, last_gps_count, last_pkt_Tstamp
11-07-2026 10:03 - WARNING - 574168229 51850 2026-07-10T11:11:27.964447
11-07-2026 10:03 - WARNING - diff_pkt_count  , diff_gps_count ,  diff_pkt_timstamp
11-07-2026 10:03 - WARNING - 1882541 29 29208188 microseconds
11-07-2026 10:03 - WARNING - No packet loss: /data/dsp/GBD_TRANSIENT_BUFFER/J1136+1551/11_07_2026/PDR_GULP_data001.pcap_10_07_2026_16_42_1783681920.PCAP_PDR
11-07-2026 10:03 - WARNING - first_pkt_count, first_gps_count, first_pkt_Tstamp
11-07-2026 10:03 - WARNING - 574168230 51850 2026-07-10T11:11:27.964447
11-07-2026 10:03 - WARNING - last_pkt_count, last_gps_count, last_pkt_Tstamp
11-07-2026 10:03 - WARNING - 576050771 51880 2026-07-10T11:11:57.172652
11-07-2026 10:03 - WARNING - diff_pkt_count  , diff_gps_count ,  diff_pkt_timstamp
11-07-2026 10:03 - WARNING - 1882541 30 29208205 microseconds
11-07-2026 10:03 - WARNING - No packet loss: /data/dsp/GBD_TRANSIENT_BUFFER/J1136+1551/11_07_2026/PDR_GULP_data002.pcap_10_07_2026_16_42_1783681949.PCAP_PDR
11-07-2026 10:03 - WARNING - first_pkt_count, first_gps_count, first_pkt_Tstamp
11-07-2026 10:03 - WARNING - 576050772 51880 2026-07-10T11:11:57.172652
11-07-2026 10:03 - WARNING - last_pkt_count, last_gps_count, last_pkt_Tstamp
11-07-2026 10:03 - WARNING - 577933314 51909 2026-07-10T11:12:26.380865
11-07-2026 10:03 - WARNING - diff_pkt_count  , diff_gps_count ,  diff_pkt_timstamp
11-07-2026 10:03 - WARNING - 1882542 29 29208213 microseconds
11-07-2026 10:03 - WARNING - No packet loss: /data/dsp/GBD_TRANSIENT_BUFFER/J1136+1551/11_07_2026/PDR_GULP_data000.pcap_10_07_2026_16_42_1783681978.PCAP_PDR
11-07-2026 10:03 - WARNING - first_pkt_count, first_gps_count, first_pkt_Tstamp
11-07-2026 10:03 - WARNING - 577933315 51909 2026-07-10T11:12:26.380865
11-07-2026 10:03 - WARNING - last_pkt_count, last_gps_count, last_pkt_Tstamp
11-07-2026 10:03 - WARNING - 579815856 51938 2026-07-10T11:12:55.589054
11-07-2026 10:03 - WARNING - diff_pkt_count  , diff_gps_count ,  diff_pkt_timstamp
11-07-2026 10:03 - WARNING - 1882541 29 29208189 microseconds
11-07-2026 10:03 - WARNING - No packet loss: /data/dsp/GBD_TRANSIENT_BUFFER/J1136+1551/11_07_2026/PDR_GULP_data001.pcap_10_07_2026_16_43_1783682007.PCAP_PDR
11-07-2026 10:03 - WARNING - first_pkt_count, first_gps_count, first_pkt_Tstamp
11-07-2026 10:03 - WARNING - 579815857 51938 2026-07-10T11:12:55.589054
11-07-2026 10:03 - WARNING - last_pkt_count, last_gps_count, last_pkt_Tstamp
11-07-2026 10:03 - WARNING - 581698398 51967 2026-07-10T11:13:24.797248
11-07-2026 10:03 - WARNING - diff_pkt_count  , diff_gps_count ,  diff_pkt_timstamp
11-07-2026 10:03 - WARNING - 1882541 29 29208194 microseconds
11-07-2026 10:03 - WARNING - No packet loss: /data/dsp/GBD_TRANSIENT_BUFFER/J1136+1551/11_07_2026/PDR_GULP_data002.pcap_10_07_2026_16_43_1783682037.PCAP_PDR
11-07-2026 10:03 - WARNING - first_pkt_count, first_gps_count, first_pkt_Tstamp
11-07-2026 10:03 - WARNING - 581698399 51967 2026-07-10T11:13:24.797248
11-07-2026 10:03 - WARNING - last_pkt_count, last_gps_count, last_pkt_Tstamp
11-07-2026 10:03 - WARNING - 583580940 51997 2026-07-10T11:13:54.005402
11-07-2026 10:03 - WARNING - diff_pkt_count  , diff_gps_count ,  diff_pkt_timstamp
11-07-2026 10:03 - WARNING - 1882541 30 29208154 microseconds
11-07-2026 10:03 - WARNING - No packet loss: /data/dsp/GBD_TRANSIENT_BUFFER/J1136+1551/11_07_2026/PDR_GULP_data000.pcap_10_07_2026_16_44_1783682066.PCAP_PDR
11-07-2026 10:03 - WARNING - first_pkt_count, first_gps_count, first_pkt_Tstamp
11-07-2026 10:03 - WARNING - 583580941 51997 2026-07-10T11:13:54.005402
11-07-2026 10:03 - WARNING - last_pkt_count, last_gps_count, last_pkt_Tstamp
11-07-2026 10:03 - WARNING - 585463482 52026 2026-07-10T11:14:23.213621
11-07-2026 10:03 - WARNING - diff_pkt_count  , diff_gps_count ,  diff_pkt_timstamp
11-07-2026 10:03 - WARNING - 1882541 29 29208219 microseconds
11-07-2026 10:03 - WARNING - No packet loss: /data/dsp/GBD_TRANSIENT_BUFFER/J1136+1551/11_07_2026/PDR_GULP_data001.pcap_10_07_2026_16_44_1783682095.PCAP_PDR
11-07-2026 10:03 - WARNING - first_pkt_count, first_gps_count, first_pkt_Tstamp
11-07-2026 10:03 - WARNING - 585463483 52026 2026-07-10T11:14:23.213622
11-07-2026 10:03 - WARNING - last_pkt_count, last_gps_count, last_pkt_Tstamp
11-07-2026 10:03 - WARNING - 587346024 52055 2026-07-10T11:14:52.421698
11-07-2026 10:03 - WARNING - diff_pkt_count  , diff_gps_count ,  diff_pkt_timstamp
11-07-2026 10:03 - WARNING - 1882541 29 29208076 microseconds
11-07-2026 10:03 - WARNING - No packet loss: /data/dsp/GBD_TRANSIENT_BUFFER/J1136+1551/11_07_2026/PDR_GULP_data002.pcap_10_07_2026_16_45_1783682124.PCAP_PDR
11-07-2026 10:03 - WARNING - first_pkt_count, first_gps_count, first_pkt_Tstamp
11-07-2026 10:03 - WARNING - 587346025 52055 2026-07-10T11:14:52.421699
11-07-2026 10:03 - WARNING - last_pkt_count, last_gps_count, last_pkt_Tstamp
11-07-2026 10:03 - WARNING - 589228567 52084 2026-07-10T11:15:21.629865
11-07-2026 10:03 - WARNING - diff_pkt_count  , diff_gps_count ,  diff_pkt_timstamp
11-07-2026 10:03 - WARNING - 1882542 29 29208166 microseconds
11-07-2026 10:03 - WARNING - No packet loss: /data/dsp/GBD_TRANSIENT_BUFFER/J1136+1551/11_07_2026/PDR_GULP_data000.pcap_10_07_2026_16_45_1783682153.PCAP_PDR
11-07-2026 10:03 - WARNING - first_pkt_count, first_gps_count, first_pkt_Tstamp
11-07-2026 10:03 - WARNING - 589228568 52084 2026-07-10T11:15:21.629865
11-07-2026 10:03 - WARNING - last_pkt_count, last_gps_count, last_pkt_Tstamp
11-07-2026 10:03 - WARNING - 591111109 52113 2026-07-10T11:15:50.837961
11-07-2026 10:03 - WARNING - diff_pkt_count  , diff_gps_count ,  diff_pkt_timstamp
11-07-2026 10:03 - WARNING - 1882541 29 29208096 microseconds
11-07-2026 10:03 - WARNING - No packet loss: /data/dsp/GBD_TRANSIENT_BUFFER/J1136+1551/11_07_2026/PDR_GULP_data001.pcap_10_07_2026_16_46_1783682183.PCAP_PDR
11-07-2026 10:03 - WARNING - first_pkt_count, first_gps_count, first_pkt_Tstamp
11-07-2026 10:03 - WARNING - 591111110 52113 2026-07-10T11:15:50.838014
11-07-2026 10:03 - WARNING - last_pkt_count, last_gps_count, last_pkt_Tstamp
11-07-2026 10:03 - WARNING - 592993651 52143 2026-07-10T11:16:20.046131
11-07-2026 10:03 - WARNING - diff_pkt_count  , diff_gps_count ,  diff_pkt_timstamp
11-07-2026 10:03 - WARNING - 1882541 30 29208117 microseconds
11-07-2026 10:03 - WARNING - No packet loss: /data/dsp/GBD_TRANSIENT_BUFFER/J1136+1551/11_07_2026/PDR_GULP_data002.pcap_10_07_2026_16_46_1783682212.PCAP_PDR
11-07-2026 10:03 - WARNING - first_pkt_count, first_gps_count, first_pkt_Tstamp
11-07-2026 10:03 - WARNING - 592993652 52143 2026-07-10T11:16:20.046132
11-07-2026 10:03 - WARNING - last_pkt_count, last_gps_count, last_pkt_Tstamp
11-07-2026 10:03 - WARNING - 594876193 52172 2026-07-10T11:16:49.254260
11-07-2026 10:03 - WARNING - diff_pkt_count  , diff_gps_count ,  diff_pkt_timstamp
11-07-2026 10:03 - WARNING - 1882541 29 29208128 microseconds
11-07-2026 10:03 - WARNING - No packet loss: /data/dsp/GBD_TRANSIENT_BUFFER/J1136+1551/11_07_2026/PDR_GULP_data000.pcap_10_07_2026_16_47_1783682241.PCAP_PDR
11-07-2026 10:03 - WARNING - first_pkt_count, first_gps_count, first_pkt_Tstamp
11-07-2026 10:03 - WARNING - 594876194 52172 2026-07-10T11:16:49.254260
11-07-2026 10:03 - WARNING - last_pkt_count, last_gps_count, last_pkt_Tstamp
11-07-2026 10:03 - WARNING - 596758735 52201 2026-07-10T11:17:18.462368
11-07-2026 10:03 - WARNING - diff_pkt_count  , diff_gps_count ,  diff_pkt_timstamp
11-07-2026 10:03 - WARNING - 1882541 29 29208108 microseconds
11-07-2026 10:03 - WARNING - No packet loss: /data/dsp/GBD_TRANSIENT_BUFFER/J1136+1551/11_07_2026/PDR_GULP_data001.pcap_10_07_2026_16_47_1783682270.PCAP_PDR
11-07-2026 10:03 - WARNING - first_pkt_count, first_gps_count, first_pkt_Tstamp
11-07-2026 10:03 - WARNING - 596758736 52201 2026-07-10T11:17:18.462368
11-07-2026 10:03 - WARNING - last_pkt_count, last_gps_count, last_pkt_Tstamp
11-07-2026 10:03 - WARNING - 598641277 52230 2026-07-10T11:17:47.670479
11-07-2026 10:03 - WARNING - diff_pkt_count  , diff_gps_count ,  diff_pkt_timstamp
11-07-2026 10:03 - WARNING - 1882541 29 29208111 microseconds
11-07-2026 10:03 - WARNING - No packet loss: /data/dsp/GBD_TRANSIENT_BUFFER/J1136+1551/11_07_2026/PDR_GULP_data002.pcap_10_07_2026_16_48_1783682299.PCAP_PDR
11-07-2026 10:03 - WARNING - first_pkt_count, first_gps_count, first_pkt_Tstamp
11-07-2026 10:03 - WARNING - 598641278 52230 2026-07-10T11:17:47.670479
11-07-2026 10:03 - WARNING - last_pkt_count, last_gps_count, last_pkt_Tstamp
11-07-2026 10:03 - WARNING - 600523820 52259 2026-07-10T11:18:16.878579
11-07-2026 10:03 - WARNING - diff_pkt_count  , diff_gps_count ,  diff_pkt_timstamp
11-07-2026 10:03 - WARNING - 1882542 29 29208100 microseconds
11-07-2026 10:03 - WARNING - No packet loss: /data/dsp/GBD_TRANSIENT_BUFFER/J1136+1551/11_07_2026/PDR_GULP_data000.pcap_10_07_2026_16_48_1783682329.PCAP_PDR
11-07-2026 10:03 - WARNING - first_pkt_count, first_gps_count, first_pkt_Tstamp
11-07-2026 10:03 - WARNING - 600523821 52259 2026-07-10T11:18:16.878580
11-07-2026 10:03 - WARNING - last_pkt_count, last_gps_count, last_pkt_Tstamp
11-07-2026 10:03 - WARNING - 602406362 52289 2026-07-10T11:18:46.086741
11-07-2026 10:03 - WARNING - diff_pkt_count  , diff_gps_count ,  diff_pkt_timstamp
11-07-2026 10:03 - WARNING - 1882541 30 29208161 microseconds
11-07-2026 10:03 - WARNING - No packet loss: /data/dsp/GBD_TRANSIENT_BUFFER/J1136+1551/11_07_2026/PDR_GULP_data001.pcap_10_07_2026_16_49_1783682358.PCAP_PDR
11-07-2026 10:03 - WARNING - first_pkt_count, first_gps_count, first_pkt_Tstamp
11-07-2026 10:03 - WARNING - 602406363 52289 2026-07-10T11:18:46.086741
11-07-2026 10:03 - WARNING - last_pkt_count, last_gps_count, last_pkt_Tstamp
11-07-2026 10:03 - WARNING - 604288904 52318 2026-07-10T11:19:15.294750
11-07-2026 10:03 - WARNING - diff_pkt_count  , diff_gps_count ,  diff_pkt_timstamp
11-07-2026 10:03 - WARNING - 1882541 29 29208009 microseconds
11-07-2026 10:03 - WARNING - No packet loss: /data/dsp/GBD_TRANSIENT_BUFFER/J1136+1551/11_07_2026/PDR_GULP_data002.pcap_10_07_2026_16_49_1783682387.PCAP_PDR
11-07-2026 10:03 - WARNING - first_pkt_count, first_gps_count, first_pkt_Tstamp
11-07-2026 10:03 - WARNING - 604288905 52318 2026-07-10T11:19:15.294802
11-07-2026 10:03 - WARNING - last_pkt_count, last_gps_count, last_pkt_Tstamp
11-07-2026 10:03 - WARNING - 606171446 52347 2026-07-10T11:19:44.502861
11-07-2026 10:03 - WARNING - diff_pkt_count  , diff_gps_count ,  diff_pkt_timstamp
11-07-2026 10:03 - WARNING - 1882541 29 29208059 microseconds
11-07-2026 10:03 - WARNING - No packet loss: /data/dsp/GBD_TRANSIENT_BUFFER/J1136+1551/11_07_2026/PDR_GULP_data000.pcap_10_07_2026_16_50_1783682416.PCAP_PDR
11-07-2026 10:03 - WARNING - first_pkt_count, first_gps_count, first_pkt_Tstamp
11-07-2026 10:03 - WARNING - 606171447 52347 2026-07-10T11:19:44.502861
11-07-2026 10:03 - WARNING - last_pkt_count, last_gps_count, last_pkt_Tstamp
11-07-2026 10:03 - WARNING - 608053988 52376 2026-07-10T11:20:13.710964
11-07-2026 10:03 - WARNING - diff_pkt_count  , diff_gps_count ,  diff_pkt_timstamp
11-07-2026 10:03 - WARNING - 1882541 29 29208103 microseconds
11-07-2026 10:03 - WARNING - No packet loss: /data/dsp/GBD_TRANSIENT_BUFFER/J1136+1551/11_07_2026/PDR_GULP_data001.pcap_10_07_2026_16_50_1783682445.PCAP_PDR
11-07-2026 10:03 - WARNING - first_pkt_count, first_gps_count, first_pkt_Tstamp
11-07-2026 10:03 - WARNING - 608053989 52376 2026-07-10T11:20:13.710964
11-07-2026 10:03 - WARNING - last_pkt_count, last_gps_count, last_pkt_Tstamp
11-07-2026 10:03 - WARNING - 609936530 52405 2026-07-10T11:20:42.919007
11-07-2026 10:03 - WARNING - diff_pkt_count  , diff_gps_count ,  diff_pkt_timstamp
11-07-2026 10:03 - WARNING - 1882541 29 29208043 microseconds
11-07-2026 10:03 - WARNING - No packet loss: /data/dsp/GBD_TRANSIENT_BUFFER/J1136+1551/11_07_2026/PDR_GULP_data002.pcap_10_07_2026_16_51_1783682475.PCAP_PDR
11-07-2026 10:03 - WARNING - first_pkt_count, first_gps_count, first_pkt_Tstamp
11-07-2026 10:03 - WARNING - 609936531 52405 2026-07-10T11:20:42.919007
11-07-2026 10:03 - WARNING - last_pkt_count, last_gps_count, last_pkt_Tstamp
11-07-2026 10:03 - WARNING - 611819073 52435 2026-07-10T11:21:12.127136
11-07-2026 10:03 - WARNING - diff_pkt_count  , diff_gps_count ,  diff_pkt_timstamp
11-07-2026 10:03 - WARNING - 1882542 30 29208129 microseconds
11-07-2026 10:03 - WARNING - No packet loss: /data/dsp/GBD_TRANSIENT_BUFFER/J1136+1551/11_07_2026/PDR_GULP_data000.pcap_10_07_2026_16_51_1783682504.PCAP_PDR
11-07-2026 10:03 - WARNING - first_pkt_count, first_gps_count, first_pkt_Tstamp
11-07-2026 10:03 - WARNING - 611819074 52435 2026-07-10T11:21:12.127136
11-07-2026 10:03 - WARNING - last_pkt_count, last_gps_count, last_pkt_Tstamp
11-07-2026 10:03 - WARNING - 613701615 52464 2026-07-10T11:21:41.335189
11-07-2026 10:03 - WARNING - diff_pkt_count  , diff_gps_count ,  diff_pkt_timstamp
11-07-2026 10:03 - WARNING - 1882541 29 29208053 microseconds
11-07-2026 10:03 - WARNING - No packet loss: /data/dsp/GBD_TRANSIENT_BUFFER/J1136+1551/11_07_2026/PDR_GULP_data001.pcap_10_07_2026_16_52_1783682533.PCAP_PDR
11-07-2026 10:03 - WARNING - first_pkt_count, first_gps_count, first_pkt_Tstamp
11-07-2026 10:03 - WARNING - 613701616 52464 2026-07-10T11:21:41.335190
11-07-2026 10:03 - WARNING - last_pkt_count, last_gps_count, last_pkt_Tstamp
11-07-2026 10:03 - WARNING - 615584157 52493 2026-07-10T11:22:10.543230
11-07-2026 10:03 - WARNING - diff_pkt_count  , diff_gps_count ,  diff_pkt_timstamp
11-07-2026 10:03 - WARNING - 1882541 29 29208040 microseconds
11-07-2026 10:03 - WARNING - No packet loss: /data/dsp/GBD_TRANSIENT_BUFFER/J1136+1551/11_07_2026/PDR_GULP_data002.pcap_10_07_2026_16_52_1783682562.PCAP_PDR
11-07-2026 10:03 - WARNING - first_pkt_count, first_gps_count, first_pkt_Tstamp
11-07-2026 10:03 - WARNING - 615584158 52493 2026-07-10T11:22:10.543230
11-07-2026 10:03 - WARNING - last_pkt_count, last_gps_count, last_pkt_Tstamp
11-07-2026 10:03 - WARNING - 617466699 52522 2026-07-10T11:22:39.751281
11-07-2026 10:03 - WARNING - diff_pkt_count  , diff_gps_count ,  diff_pkt_timstamp
11-07-2026 10:03 - WARNING - 1882541 29 29208051 microseconds
11-07-2026 10:03 - WARNING - No packet loss: /data/dsp/GBD_TRANSIENT_BUFFER/J1136+1551/11_07_2026/PDR_GULP_data000.pcap_10_07_2026_16_53_1783682591.PCAP_PDR
11-07-2026 10:03 - WARNING - first_pkt_count, first_gps_count, first_pkt_Tstamp
11-07-2026 10:03 - WARNING - 617466700 52522 2026-07-10T11:22:39.751373
11-07-2026 10:03 - WARNING - last_pkt_count, last_gps_count, last_pkt_Tstamp
11-07-2026 10:03 - WARNING - 619349241 52551 2026-07-10T11:23:08.959347
11-07-2026 10:03 - WARNING - diff_pkt_count  , diff_gps_count ,  diff_pkt_timstamp
11-07-2026 10:03 - WARNING - 1882541 29 29207974 microseconds
11-07-2026 10:03 - WARNING - No packet loss: /data/dsp/GBD_TRANSIENT_BUFFER/J1136+1551/11_07_2026/PDR_GULP_data001.pcap_10_07_2026_16_53_1783682621.PCAP_PDR
11-07-2026 10:03 - WARNING - first_pkt_count, first_gps_count, first_pkt_Tstamp
11-07-2026 10:03 - WARNING - 619349242 52551 2026-07-10T11:23:08.959352
11-07-2026 10:03 - WARNING - last_pkt_count, last_gps_count, last_pkt_Tstamp
11-07-2026 10:03 - WARNING - 621231783 52581 2026-07-10T11:23:38.167486
11-07-2026 10:03 - WARNING - diff_pkt_count  , diff_gps_count ,  diff_pkt_timstamp
11-07-2026 10:03 - WARNING - 1882541 30 29208134 microseconds
11-07-2026 10:03 - WARNING - No packet loss: /data/dsp/GBD_TRANSIENT_BUFFER/J1136+1551/11_07_2026/PDR_GULP_data002.pcap_10_07_2026_16_54_1783682650.PCAP_PDR
11-07-2026 10:03 - WARNING - first_pkt_count, first_gps_count, first_pkt_Tstamp
11-07-2026 10:03 - WARNING - 621231784 52581 2026-07-10T11:23:38.167486
11-07-2026 10:03 - WARNING - last_pkt_count, last_gps_count, last_pkt_Tstamp
11-07-2026 10:03 - WARNING - 623114326 52610 2026-07-10T11:24:07.375490
11-07-2026 10:03 - WARNING - diff_pkt_count  , diff_gps_count ,  diff_pkt_timstamp
11-07-2026 10:03 - WARNING - 1882542 29 29208004 microseconds
11-07-2026 10:03 - WARNING - No packet loss: /data/dsp/GBD_TRANSIENT_BUFFER/J1136+1551/11_07_2026/PDR_GULP_data000.pcap_10_07_2026_16_54_1783682679.PCAP_PDR
11-07-2026 10:03 - WARNING - first_pkt_count, first_gps_count, first_pkt_Tstamp
11-07-2026 10:03 - WARNING - 623114327 52610 2026-07-10T11:24:07.375491
11-07-2026 10:03 - WARNING - last_pkt_count, last_gps_count, last_pkt_Tstamp
11-07-2026 10:03 - WARNING - 624996868 52639 2026-07-10T11:24:36.583484
11-07-2026 10:03 - WARNING - diff_pkt_count  , diff_gps_count ,  diff_pkt_timstamp
11-07-2026 10:03 - WARNING - 1882541 29 29207993 microseconds
11-07-2026 10:03 - WARNING - No packet loss: /data/dsp/GBD_TRANSIENT_BUFFER/J1136+1551/11_07_2026/PDR_GULP_data001.pcap_10_07_2026_16_55_1783682708.PCAP_PDR
11-07-2026 10:03 - WARNING - first_pkt_count, first_gps_count, first_pkt_Tstamp
11-07-2026 10:03 - WARNING - 624996869 52639 2026-07-10T11:24:36.583537
11-07-2026 10:03 - WARNING - last_pkt_count, last_gps_count, last_pkt_Tstamp
11-07-2026 10:03 - WARNING - 626879410 52668 2026-07-10T11:25:05.791542
11-07-2026 10:03 - WARNING - diff_pkt_count  , diff_gps_count ,  diff_pkt_timstamp
11-07-2026 10:03 - WARNING - 1882541 29 29208005 microseconds
11-07-2026 10:03 - WARNING - No packet loss: /data/dsp/GBD_TRANSIENT_BUFFER/J1136+1551/11_07_2026/PDR_GULP_data002.pcap_10_07_2026_16_55_1783682738.PCAP_PDR
11-07-2026 10:03 - WARNING - first_pkt_count, first_gps_count, first_pkt_Tstamp
11-07-2026 10:03 - WARNING - 626879411 52668 2026-07-10T11:25:05.791593
11-07-2026 10:03 - WARNING - last_pkt_count, last_gps_count, last_pkt_Tstamp
11-07-2026 10:03 - WARNING - 628761952 52697 2026-07-10T11:25:34.999606
11-07-2026 10:03 - WARNING - diff_pkt_count  , diff_gps_count ,  diff_pkt_timstamp
11-07-2026 10:03 - WARNING - 1882541 29 29208013 microseconds
11-07-2026 10:03 - WARNING - No packet loss: /data/dsp/GBD_TRANSIENT_BUFFER/J1136+1551/11_07_2026/PDR_GULP_data000.pcap_10_07_2026_16_56_1783682767.PCAP_PDR
11-07-2026 10:03 - WARNING - first_pkt_count, first_gps_count, first_pkt_Tstamp
11-07-2026 10:03 - WARNING - 628761953 52697 2026-07-10T11:25:34.999607
11-07-2026 10:03 - WARNING - last_pkt_count, last_gps_count, last_pkt_Tstamp
11-07-2026 10:03 - WARNING - 630644494 52727 2026-07-10T11:26:04.207719
11-07-2026 10:03 - WARNING - diff_pkt_count  , diff_gps_count ,  diff_pkt_timstamp
11-07-2026 10:03 - WARNING - 1882541 30 29208112 microseconds
11-07-2026 10:03 - WARNING - No packet loss: /data/dsp/GBD_TRANSIENT_BUFFER/J1136+1551/11_07_2026/PDR_GULP_data001.pcap_10_07_2026_16_56_1783682796.PCAP_PDR
11-07-2026 10:03 - WARNING - first_pkt_count, first_gps_count, first_pkt_Tstamp
11-07-2026 10:03 - WARNING - 630644495 52727 2026-07-10T11:26:04.207719
11-07-2026 10:03 - WARNING - last_pkt_count, last_gps_count, last_pkt_Tstamp
11-07-2026 10:03 - WARNING - 632527036 52756 2026-07-10T11:26:33.415710
11-07-2026 10:03 - WARNING - diff_pkt_count  , diff_gps_count ,  diff_pkt_timstamp
11-07-2026 10:03 - WARNING - 1882541 29 29207991 microseconds
11-07-2026 10:03 - WARNING - No packet loss: /data/dsp/GBD_TRANSIENT_BUFFER/J1136+1551/11_07_2026/PDR_GULP_data002.pcap_10_07_2026_16_57_1783682825.PCAP_PDR
11-07-2026 10:03 - WARNING - first_pkt_count, first_gps_count, first_pkt_Tstamp
11-07-2026 10:03 - WARNING - 632527037 52756 2026-07-10T11:26:33.415710
11-07-2026 10:03 - WARNING - last_pkt_count, last_gps_count, last_pkt_Tstamp
11-07-2026 10:03 - WARNING - 634409579 52785 2026-07-10T11:27:02.623806
11-07-2026 10:03 - WARNING - diff_pkt_count  , diff_gps_count ,  diff_pkt_timstamp
11-07-2026 10:03 - WARNING - 1882542 29 29208096 microseconds
11-07-2026 10:03 - WARNING - No packet loss: /data/dsp/GBD_TRANSIENT_BUFFER/J1136+1551/11_07_2026/PDR_GULP_data000.pcap_10_07_2026_16_57_1783682854.PCAP_PDR
11-07-2026 10:03 - WARNING - first_pkt_count, first_gps_count, first_pkt_Tstamp
11-07-2026 10:03 - WARNING - 634409580 52785 2026-07-10T11:27:02.623806
11-07-2026 10:03 - WARNING - last_pkt_count, last_gps_count, last_pkt_Tstamp
11-07-2026 10:03 - WARNING - 636292121 52814 2026-07-10T11:27:31.831801
11-07-2026 10:03 - WARNING - diff_pkt_count  , diff_gps_count ,  diff_pkt_timstamp
11-07-2026 10:03 - WARNING - 1882541 29 29207995 microseconds
11-07-2026 10:03 - WARNING - No packet loss: /data/dsp/GBD_TRANSIENT_BUFFER/J1136+1551/11_07_2026/PDR_GULP_data001.pcap_10_07_2026_16_58_1783682884.PCAP_PDR
11-07-2026 10:03 - WARNING - first_pkt_count, first_gps_count, first_pkt_Tstamp
11-07-2026 10:03 - WARNING - 636292122 52814 2026-07-10T11:27:31.831801
11-07-2026 10:03 - WARNING - last_pkt_count, last_gps_count, last_pkt_Tstamp
11-07-2026 10:03 - WARNING - 638174663 52844 2026-07-10T11:28:01.039801
11-07-2026 10:03 - WARNING - diff_pkt_count  , diff_gps_count ,  diff_pkt_timstamp
11-07-2026 10:03 - WARNING - 1882541 30 29208000 microseconds
11-07-2026 10:03 - WARNING - No packet loss: /data/dsp/GBD_TRANSIENT_BUFFER/J1136+1551/11_07_2026/PDR_GULP_data002.pcap_10_07_2026_16_58_1783682913.PCAP_PDR
11-07-2026 10:03 - WARNING - first_pkt_count, first_gps_count, first_pkt_Tstamp
11-07-2026 10:03 - WARNING - 638174664 52844 2026-07-10T11:28:01.039801
11-07-2026 10:03 - WARNING - last_pkt_count, last_gps_count, last_pkt_Tstamp
11-07-2026 10:03 - WARNING - 640057205 52873 2026-07-10T11:28:30.247806
11-07-2026 10:03 - WARNING - diff_pkt_count  , diff_gps_count ,  diff_pkt_timstamp
11-07-2026 10:03 - WARNING - 1882541 29 29208005 microseconds
11-07-2026 10:03 - WARNING - No packet loss: /data/dsp/GBD_TRANSIENT_BUFFER/J1136+1551/11_07_2026/PDR_GULP_data000.pcap_10_07_2026_16_59_1783682942.PCAP_PDR
11-07-2026 10:03 - WARNING - first_pkt_count, first_gps_count, first_pkt_Tstamp
11-07-2026 10:03 - WARNING - 640057206 52873 2026-07-10T11:28:30.247859
11-07-2026 10:03 - WARNING - last_pkt_count, last_gps_count, last_pkt_Tstamp
11-07-2026 10:03 - WARNING - 641939747 52902 2026-07-10T11:28:59.455847
11-07-2026 10:03 - WARNING - diff_pkt_count  , diff_gps_count ,  diff_pkt_timstamp
11-07-2026 10:03 - WARNING - 1882541 29 29207988 microseconds
11-07-2026 10:03 - WARNING - No packet loss: /data/dsp/GBD_TRANSIENT_BUFFER/J1136+1551/11_07_2026/PDR_GULP_data001.pcap_10_07_2026_16_59_1783682971.PCAP_PDR
11-07-2026 10:03 - WARNING - first_pkt_count, first_gps_count, first_pkt_Tstamp
11-07-2026 10:03 - WARNING - 641939748 52902 2026-07-10T11:28:59.455898
11-07-2026 10:03 - WARNING - last_pkt_count, last_gps_count, last_pkt_Tstamp
11-07-2026 10:03 - WARNING - 643822289 52931 2026-07-10T11:29:28.663892
11-07-2026 10:03 - WARNING - diff_pkt_count  , diff_gps_count ,  diff_pkt_timstamp
11-07-2026 10:03 - WARNING - 1882541 29 29207994 microseconds
11-07-2026 10:03 - WARNING - No packet loss: /data/dsp/GBD_TRANSIENT_BUFFER/J1136+1551/11_07_2026/PDR_GULP_data002.pcap_10_07_2026_17_00_1783683000.PCAP_PDR
11-07-2026 10:03 - WARNING - first_pkt_count, first_gps_count, first_pkt_Tstamp
11-07-2026 10:03 - WARNING - 643822290 52931 2026-07-10T11:29:28.663892
11-07-2026 10:03 - WARNING - last_pkt_count, last_gps_count, last_pkt_Tstamp
11-07-2026 10:03 - WARNING - 645704832 52960 2026-07-10T11:29:57.871947
11-07-2026 10:03 - WARNING - diff_pkt_count  , diff_gps_count ,  diff_pkt_timstamp
11-07-2026 10:03 - WARNING - 1882542 29 29208055 microseconds
11-07-2026 10:03 - WARNING - No packet loss: /data/dsp/GBD_TRANSIENT_BUFFER/J1136+1551/11_07_2026/PDR_GULP_data000.pcap_10_07_2026_17_00_1783683030.PCAP_PDR
11-07-2026 10:03 - WARNING - first_pkt_count, first_gps_count, first_pkt_Tstamp
11-07-2026 10:03 - WARNING - 645704833 52960 2026-07-10T11:29:57.871947
11-07-2026 10:03 - WARNING - last_pkt_count, last_gps_count, last_pkt_Tstamp
11-07-2026 10:03 - WARNING - 647587374 52990 2026-07-10T11:30:27.079987
11-07-2026 10:03 - WARNING - diff_pkt_count  , diff_gps_count ,  diff_pkt_timstamp
11-07-2026 10:03 - WARNING - 1882541 30 29208040 microseconds
11-07-2026 10:03 - WARNING - No packet loss: /data/dsp/GBD_TRANSIENT_BUFFER/J1136+1551/11_07_2026/PDR_GULP_data001.pcap_10_07_2026_17_00_1783683059.PCAP_PDR
11-07-2026 10:03 - WARNING - first_pkt_count, first_gps_count, first_pkt_Tstamp
11-07-2026 10:03 - WARNING - 647587375 52990 2026-07-10T11:30:27.080067
11-07-2026 10:03 - WARNING - last_pkt_count, last_gps_count, last_pkt_Tstamp
11-07-2026 10:03 - WARNING - 649469916 53019 2026-07-10T11:30:56.287990
11-07-2026 10:03 - WARNING - diff_pkt_count  , diff_gps_count ,  diff_pkt_timstamp
11-07-2026 10:03 - WARNING - 1882541 29 29207923 microseconds
11-07-2026 10:03 - WARNING - No packet loss: /data/dsp/GBD_TRANSIENT_BUFFER/J1136+1551/11_07_2026/PDR_GULP_data002.pcap_10_07_2026_17_01_1783683088.PCAP_PDR
11-07-2026 10:03 - WARNING - first_pkt_count, first_gps_count, first_pkt_Tstamp
11-07-2026 10:03 - WARNING - 649469917 53019 2026-07-10T11:30:56.287990
11-07-2026 10:03 - WARNING - last_pkt_count, last_gps_count, last_pkt_Tstamp
11-07-2026 10:03 - WARNING - 651352458 53048 2026-07-10T11:31:25.495993
11-07-2026 10:03 - WARNING - diff_pkt_count  , diff_gps_count ,  diff_pkt_timstamp
11-07-2026 10:03 - WARNING - 1882541 29 29208003 microseconds
11-07-2026 10:03 - WARNING - No packet loss: /data/dsp/GBD_TRANSIENT_BUFFER/J1136+1551/11_07_2026/PDR_GULP_data000.pcap_10_07_2026_17_01_1783683117.PCAP_PDR
11-07-2026 10:03 - WARNING - first_pkt_count, first_gps_count, first_pkt_Tstamp
11-07-2026 10:03 - WARNING - 651352459 53048 2026-07-10T11:31:25.496055
11-07-2026 10:03 - WARNING - last_pkt_count, last_gps_count, last_pkt_Tstamp
11-07-2026 10:03 - WARNING - 653235000 53077 2026-07-10T11:31:54.704057
11-07-2026 10:03 - WARNING - diff_pkt_count  , diff_gps_count ,  diff_pkt_timstamp
11-07-2026 10:03 - WARNING - 1882541 29 29208002 microseconds
11-07-2026 10:03 SLIP check Finished...
11-07-2026 10:03 Pulsar data reduction pipeline started ...
11-07-2026 10:03 - WARNING - Data Directory: /data/dsp/GBD_TRANSIENT_BUFFER/J1136+1551/11_07_2026
11-07-2026 10:03 - WARNING - Pulsar: J1136+1551
11-07-2026 10:03 - WARNING - CH selelction: 0
11-07-2026 10:03 - WARNING - Phase file: /home/dsp/PDR_acquire_setup/dada_scripts/phase/rf_path_phase.dat
11-07-2026 10:03 - WARNING - Obs. logfile: /home/dsp/PDR_acquire_setup/master_obs_log/J1136+1551_11_07_2026_observation.log
11-07-2026 10:03 - WARNING - Observation start time: 2026_07_10_16_23_27
11-07-2026 10:03 - WARNING - parfile: /home/dsp/parfiles/J1136+1551.par
11-07-2026 10:03 - WARNING - DM: 4.7839708
11-07-2026 10:03 - WARNING - Period: 1.1879172746306588
11-07-2026 10:03 - WARNING - RA_DEC: 11:36:03.0688639+15:51:17.49387
11-07-2026 10:03 - WARNING - out_dada_file: J1136+1551_2026_07_10_16_23_27_type_0.dada
11-07-2026 10:03 - WARNING - Number of files to process: 80
11-07-2026 10:03 - WARNING - Files per batch:  17
11-07-2026 10:33 - WARNING - Time taken for PDR2DADA convertion: 0:30:14.565505
11-07-2026 10:33 - WARNING - Center_freq: 175
11-07-2026 10:33 - WARNING - int_time: 3.0
11-07-2026 10:33 - WARNING - nbins: 256
11-07-2026 10:33 - WARNING - fil_chan: 256
11-07-2026 10:33 - WARNING - cpu: 2,3,4,5,6,7,8,9,10,11,12,13,14,15,16
11-07-2026 10:33 - WARNING - thread: 32
11-07-2026 10:33 - WARNING - nbit: 8
11-07-2026 10:33 - WARNING - time_avg: 0.000256
11-07-2026 10:33 - WARNING - MJD_START: 61231.45378772523
11-07-2026 10:33 - WARNING - output: J1136+1551_61231.45_175MHz_type_0_GBD_DART
11-07-2026 10:33 - WARNING - singularity_container: singularity exec /home/dsp/singularity_imag/pschive_py3.sif  
11-07-2026 10:33 - WARNING - ------ DIGIFITS ------
11-07-2026 10:33 - WARNING - ---- Search Mode FITS -------
11-07-2026 10:33 - WARNING - digifits_ful_stokes_cmd: singularity exec /home/dsp/singularity_imag/pschive_py3.sif  digifits  -F 256 -x 256 -b 8 -p 4 -t 0.000256 J1136+1551_2026_07_10_16_23_27_type_0.dada -o J1136+1551_2026_07_10_16_23_27_type_0.dada_stokes.fits
11-07-2026 11:30 - WARNING - ------ Total intensity FITS -------
11-07-2026 11:30 - WARNING - digifits_total_intensity_cmd: singularity exec /home/dsp/singularity_imag/pschive_py3.sif  digifits  -F 256 -x 256 -b 8 -p 1 -t 0.000256 J1136+1551_2026_07_10_16_23_27_type_0.dada -o J1136+1551_2026_07_10_16_23_27_type_0.dada_intensity.fits
11-07-2026 12:08 - WARNING - Nchan: 256
11-07-2026 12:08 - WARNING - Nbin: 256
11-07-2026 12:08 - WARNING - Tavg: 0.000256
11-07-2026 12:08 - WARNING - Time taken for DIGIFITS run: 1:34:27.696196
11-07-2026 12:08 - WARNING - ------ DSPSR ------
11-07-2026 12:08 - WARNING - ------- Coherent Dedispersion Folded archive -------
11-07-2026 12:08 - WARNING - dspsr_cmd: singularity exec /home/dsp/singularity_imag/pschive_py3.sif  dspsr J1136+1551_2026_07_10_16_23_27_type_0.dada -cpu 2,3,4,5,6,7,8,9,10,11,12,13,14,15,16 -t 32 -E /home/dsp/parfiles/J1136+1551.par -L 3.0 -b 256 -F 256:D -N J1136+1551 -a PSRFITS -A -e .fits -O J1136+1551_61231.45_175MHz_type_0_GBD_DART
11-07-2026 12:35 - WARNING - ------- Incoherent Dedispersion Folded archive -------
11-07-2026 12:35 - WARNING - Incoherent_DD_dspsr_cmd: singularity exec /home/dsp/singularity_imag/pschive_py3.sif  dspsr J1136+1551_2026_07_10_16_23_27_type_0.dada_stokes.fits -cpu 2,3,4,5,6,7,8,9,10,11,12,13,14,15,16 -t 32 -E /home/dsp/parfiles/J1136+1551.par -L 3.0 -b 256 -N J1136+1551 -A -e .fits -O J1136+1551_61231.45_175MHz_type_0_GBD_DART_stokes_Incoherent_DD
11-07-2026 12:37 - WARNING - Time taken for DSPSR run: 0:29:03.390818
11-07-2026 12:37 - WARNING - ------ PSREDIT ------
11-07-2026 12:37 - WARNING - psredit_cmd: singularity exec /home/dsp/singularity_imag/pschive_py3.sif  psredit -c name=J1136+1551,be:name=GSB,coord=11:36:03.0688639+15:51:17.49387 -m *_GBD_DART*fits
11-07-2026 12:37 - WARNING - Time taken for PSREDIT run: 0:00:12.568605
11-07-2026 12:37 - WARNING - ------ Iterative RFI Cleaner ------
11-07-2026 12:37 - WARNING - Iterative_cleaner_cmd: singularity exec /home/dsp/singularity_imag/pschive_py3.sif   python3 /home/dsp/PDR_acquire_setup/iterative_cleaner.py -s 3 -c 3 -m 10 *_GBD_DART*fits
11-07-2026 12:45 - WARNING - Time taken for Iterative_cleaner run: 0:08:08.068622
11-07-2026 12:45 - WARNING - ------ PDMP ------
11-07-2026 12:45 - WARNING - pdmp_cmd1: singularity exec /home/dsp/singularity_imag/pschive_py3.sif  pdmp -dr 2 -ds 0.05 -g J1136+1551_61231.45_175MHz_type_0_GBD_DART.fits_cleaned.ar.ps/cps J1136+1551_61231.45_175MHz_type_0_GBD_DART.fits_cleaned.ar
11-07-2026 12:51 - WARNING - pdmp_cmd2: singularity exec /home/dsp/singularity_imag/pschive_py3.sif  pdmp -dr 2 -ds 0.05 -g J1136+1551_61231.45_175MHz_type_0_GBD_DART_stokes_Incoherent_DD.fits_cleaned.ar.ps/cps J1136+1551_61231.45_175MHz_type_0_GBD_DART_stokes_Incoherent_DD.fits_cleaned.ar
11-07-2026 12:56 - WARNING - Time taken for PDMP run: 0:11:11.112814
11-07-2026 12:56 - WARNING - ------ PS2PDF ------
11-07-2026 12:56 - WARNING - ps2pdf_cmd1: singularity exec /home/dsp/singularity_imag/pschive_py3.sif  ps2pdf J1136+1551_61231.45_175MHz_type_0_GBD_DART.fits_cleaned.ar.ps J1136+1551_61231.45_175MHz_type_0_GBD_DART.fits_cleaned.ar.ps.pdf
11-07-2026 12:56 - WARNING - ps2pdf_cmd2: singularity exec /home/dsp/singularity_imag/pschive_py3.sif  ps2pdf J1136+1551_61231.45_175MHz_type_0_GBD_DART_stokes_Incoherent_DD.fits_cleaned.ar.ps J1136+1551_61231.45_175MHz_type_0_GBD_DART_stokes_Incoherent_DD.fits_cleaned.ar.ps.pdf
11-07-2026 12:56 - WARNING - Time taken for PDMP run: 0:00:01.771606
11-07-2026 12:56 - WARNING - Overall time taken for data reduction: 2:53:20.395527
11-07-2026 12:56 - WARNING - J1136+1551_2026_07_10_16_23_27_type_0.dada... file removed
11-07-2026 12:56 - WARNING - All done!
11-07-2026 12:56 --- PRESTO ---
11-07-2026 12:56 singularity_container: singularity exec /home/dsp/singularity_imag/pschive_py3.sif  
11-07-2026 12:56 Filterbank to Process for PULSAR: J1136+1551 with DM:4.7839708 : J1136+1551_2026_07_10_16_23_27_type_0.dada_intensity.fits
11-07-2026 12:56 --- RFIFIND ---
11-07-2026 12:56 RFIFIND: singularity exec /home/dsp/singularity_imag/pschive_py3.sif   rfifind -time 2.0 -o J1136+1551 J1136+1551_2026_07_10_16_23_27_type_0.dada_intensity.fits
11-07-2026 12:57 --- PREPDATA ---
11-07-2026 12:57 PREPDATA: singularity exec /home/dsp/singularity_imag/pschive_py3.sif   prepdata -nobary -o J1136+1551_2026_07_10_16_23_27_type_0.dada_intensity.fits -dm 4.7839708 -mask J1136+1551_rfifind.mask J1136+1551_2026_07_10_16_23_27_type_0.dada_intensity.fits
11-07-2026 12:58 --- REALFFT ---
11-07-2026 12:58 REALFFT: singularity exec /home/dsp/singularity_imag/pschive_py3.sif   realfft  J1136+1551_2026_07_10_16_23_27_type_0.dada_intensity.fits.dat
11-07-2026 12:58 --- ACCELSEARCH ---
11-07-2026 12:58 ACCELSEARCH: singularity exec /home/dsp/singularity_imag/pschive_py3.sif   accelsearch -numharm 8 -zmax 8  J1136+1551_2026_07_10_16_23_27_type_0.dada_intensity.fits.fft
11-07-2026 12:58 Observation Over.
11-07-2026 16:18 Waiting for J1136+1551 observation...
11-07-2026 16:23 Observation started...
11-07-2026 16:23 Pulsar: J1136+1551 , parfile: /home/dsp/parfiles/J1136+1551.par , DM: 4.7839708
11-07-2026 16:23 Trigger sent to obs. PC [VELA].
11-07-2026 16:58 Acquired 80.
11-07-2026 16:58 ACQ over.
11-07-2026 16:58 Removing Trigger file from remote machine 
11-07-2026 16:58 Observation stoped.
-rw------- 1 dsp dsp 2.0G Jul 11 16:19 /data/TRANSIENT_BUFFER/PDR_GULP_data000.pcap_11_07_2026_16_19_1783766973.PCAP_PDR
-rw------- 1 dsp dsp 2.0G Jul 11 16:19 /data/TRANSIENT_BUFFER/PDR_GULP_data001.pcap_11_07_2026_16_20_1783767002.PCAP_PDR
-rw------- 1 dsp dsp 2.0G Jul 11 16:20 /data/TRANSIENT_BUFFER/PDR_GULP_data002.pcap_11_07_2026_16_20_1783767032.PCAP_PDR
-rw------- 1 dsp dsp 2.0G Jul 11 16:20 /data/TRANSIENT_BUFFER/PDR_GULP_data000.pcap_11_07_2026_16_21_1783767061.PCAP_PDR
-rw------- 1 dsp dsp 2.0G Jul 11 16:21 /data/TRANSIENT_BUFFER/PDR_GULP_data001.pcap_11_07_2026_16_21_1783767090.PCAP_PDR
-rw------- 1 dsp dsp 2.0G Jul 11 16:21 /data/TRANSIENT_BUFFER/PDR_GULP_data002.pcap_11_07_2026_16_21_1783767119.PCAP_PDR
-rw------- 1 dsp dsp 2.0G Jul 11 16:22 /data/TRANSIENT_BUFFER/PDR_GULP_data000.pcap_11_07_2026_16_22_1783767148.PCAP_PDR
-rw------- 1 dsp dsp 2.0G Jul 11 16:22 /data/TRANSIENT_BUFFER/PDR_GULP_data001.pcap_11_07_2026_16_22_1783767178.PCAP_PDR
-rw------- 1 dsp dsp 2.0G Jul 11 16:23 /data/TRANSIENT_BUFFER/PDR_GULP_data002.pcap_11_07_2026_16_23_1783767207.PCAP_PDR
-rw------- 1 dsp dsp 2.0G Jul 11 16:23 /data/TRANSIENT_BUFFER/PDR_GULP_data000.pcap_11_07_2026_16_23_1783767236.PCAP_PDR
-rw------- 1 dsp dsp 2.0G Jul 11 16:24 /data/TRANSIENT_BUFFER/PDR_GULP_data001.pcap_11_07_2026_16_24_1783767265.PCAP_PDR
-rw------- 1 dsp dsp 2.0G Jul 11 16:24 /data/TRANSIENT_BUFFER/PDR_GULP_data002.pcap_11_07_2026_16_24_1783767294.PCAP_PDR
-rw------- 1 dsp dsp 2.0G Jul 11 16:25 /data/TRANSIENT_BUFFER/PDR_GULP_data000.pcap_11_07_2026_16_25_1783767324.PCAP_PDR
-rw------- 1 dsp dsp 2.0G Jul 11 16:25 /data/TRANSIENT_BUFFER/PDR_GULP_data001.pcap_11_07_2026_16_25_1783767353.PCAP_PDR
-rw------- 1 dsp dsp 2.0G Jul 11 16:26 /data/TRANSIENT_BUFFER/PDR_GULP_data002.pcap_11_07_2026_16_26_1783767382.PCAP_PDR
-rw------- 1 dsp dsp 2.0G Jul 11 16:26 /data/TRANSIENT_BUFFER/PDR_GULP_data000.pcap_11_07_2026_16_26_1783767411.PCAP_PDR
-rw------- 1 dsp dsp 2.0G Jul 11 16:27 /data/TRANSIENT_BUFFER/PDR_GULP_data001.pcap_11_07_2026_16_27_1783767440.PCAP_PDR
-rw------- 1 dsp dsp 2.0G Jul 11 16:27 /data/TRANSIENT_BUFFER/PDR_GULP_data002.pcap_11_07_2026_16_27_1783767470.PCAP_PDR
-rw------- 1 dsp dsp 2.0G Jul 11 16:28 /data/TRANSIENT_BUFFER/PDR_GULP_data000.pcap_11_07_2026_16_28_1783767499.PCAP_PDR
-rw------- 1 dsp dsp 2.0G Jul 11 16:28 /data/TRANSIENT_BUFFER/PDR_GULP_data001.pcap_11_07_2026_16_28_1783767528.PCAP_PDR
-rw------- 1 dsp dsp 2.0G Jul 11 16:29 /data/TRANSIENT_BUFFER/PDR_GULP_data002.pcap_11_07_2026_16_29_1783767557.PCAP_PDR
-rw------- 1 dsp dsp 2.0G Jul 11 16:29 /data/TRANSIENT_BUFFER/PDR_GULP_data000.pcap_11_07_2026_16_29_1783767587.PCAP_PDR
-rw------- 1 dsp dsp 2.0G Jul 11 16:30 /data/TRANSIENT_BUFFER/PDR_GULP_data001.pcap_11_07_2026_16_30_1783767616.PCAP_PDR
-rw------- 1 dsp dsp 2.0G Jul 11 16:30 /data/TRANSIENT_BUFFER/PDR_GULP_data002.pcap_11_07_2026_16_30_1783767645.PCAP_PDR
-rw------- 1 dsp dsp 2.0G Jul 11 16:31 /data/TRANSIENT_BUFFER/PDR_GULP_data000.pcap_11_07_2026_16_31_1783767674.PCAP_PDR
-rw------- 1 dsp dsp 2.0G Jul 11 16:31 /data/TRANSIENT_BUFFER/PDR_GULP_data001.pcap_11_07_2026_16_31_1783767703.PCAP_PDR
-rw------- 1 dsp dsp 2.0G Jul 11 16:32 /data/TRANSIENT_BUFFER/PDR_GULP_data002.pcap_11_07_2026_16_32_1783767733.PCAP_PDR
-rw------- 1 dsp dsp 2.0G Jul 11 16:32 /data/TRANSIENT_BUFFER/PDR_GULP_data000.pcap_11_07_2026_16_32_1783767762.PCAP_PDR
-rw------- 1 dsp dsp 2.0G Jul 11 16:33 /data/TRANSIENT_BUFFER/PDR_GULP_data001.pcap_11_07_2026_16_33_1783767791.PCAP_PDR
-rw------- 1 dsp dsp 2.0G Jul 11 16:33 /data/TRANSIENT_BUFFER/PDR_GULP_data002.pcap_11_07_2026_16_33_1783767820.PCAP_PDR
-rw------- 1 dsp dsp 2.0G Jul 11 16:34 /data/TRANSIENT_BUFFER/PDR_GULP_data000.pcap_11_07_2026_16_34_1783767849.PCAP_PDR
-rw------- 1 dsp dsp 2.0G Jul 11 16:34 /data/TRANSIENT_BUFFER/PDR_GULP_data001.pcap_11_07_2026_16_34_1783767879.PCAP_PDR
-rw------- 1 dsp dsp 2.0G Jul 11 16:35 /data/TRANSIENT_BUFFER/PDR_GULP_data002.pcap_11_07_2026_16_35_1783767908.PCAP_PDR
-rw------- 1 dsp dsp 2.0G Jul 11 16:35 /data/TRANSIENT_BUFFER/PDR_GULP_data000.pcap_11_07_2026_16_35_1783767937.PCAP_PDR
-rw------- 1 dsp dsp 2.0G Jul 11 16:36 /data/TRANSIENT_BUFFER/PDR_GULP_data001.pcap_11_07_2026_16_36_1783767966.PCAP_PDR
-rw------- 1 dsp dsp 2.0G Jul 11 16:36 /data/TRANSIENT_BUFFER/PDR_GULP_data002.pcap_11_07_2026_16_36_1783767995.PCAP_PDR
-rw------- 1 dsp dsp 2.0G Jul 11 16:37 /data/TRANSIENT_BUFFER/PDR_GULP_data000.pcap_11_07_2026_16_37_1783768025.PCAP_PDR
-rw------- 1 dsp dsp 2.0G Jul 11 16:37 /data/TRANSIENT_BUFFER/PDR_GULP_data001.pcap_11_07_2026_16_37_1783768054.PCAP_PDR
-rw------- 1 dsp dsp 2.0G Jul 11 16:38 /data/TRANSIENT_BUFFER/PDR_GULP_data002.pcap_11_07_2026_16_38_1783768083.PCAP_PDR
-rw------- 1 dsp dsp 2.0G Jul 11 16:38 /data/TRANSIENT_BUFFER/PDR_GULP_data000.pcap_11_07_2026_16_38_1783768112.PCAP_PDR
-rw------- 1 dsp dsp 2.0G Jul 11 16:38 /data/TRANSIENT_BUFFER/PDR_GULP_data001.pcap_11_07_2026_16_39_1783768141.PCAP_PDR
-rw------- 1 dsp dsp 2.0G Jul 11 16:39 /data/TRANSIENT_BUFFER/PDR_GULP_data002.pcap_11_07_2026_16_39_1783768171.PCAP_PDR
-rw------- 1 dsp dsp 2.0G Jul 11 16:39 /data/TRANSIENT_BUFFER/PDR_GULP_data000.pcap_11_07_2026_16_40_1783768200.PCAP_PDR
-rw------- 1 dsp dsp 2.0G Jul 11 16:40 /data/TRANSIENT_BUFFER/PDR_GULP_data001.pcap_11_07_2026_16_40_1783768229.PCAP_PDR
-rw------- 1 dsp dsp 2.0G Jul 11 16:40 /data/TRANSIENT_BUFFER/PDR_GULP_data002.pcap_11_07_2026_16_40_1783768258.PCAP_PDR
-rw------- 1 dsp dsp 2.0G Jul 11 16:41 /data/TRANSIENT_BUFFER/PDR_GULP_data000.pcap_11_07_2026_16_41_1783768288.PCAP_PDR
-rw------- 1 dsp dsp 2.0G Jul 11 16:41 /data/TRANSIENT_BUFFER/PDR_GULP_data001.pcap_11_07_2026_16_41_1783768317.PCAP_PDR
-rw------- 1 dsp dsp 2.0G Jul 11 16:42 /data/TRANSIENT_BUFFER/PDR_GULP_data002.pcap_11_07_2026_16_42_1783768346.PCAP_PDR
-rw------- 1 dsp dsp 2.0G Jul 11 16:42 /data/TRANSIENT_BUFFER/PDR_GULP_data000.pcap_11_07_2026_16_42_1783768375.PCAP_PDR
-rw------- 1 dsp dsp 2.0G Jul 11 16:43 /data/TRANSIENT_BUFFER/PDR_GULP_data001.pcap_11_07_2026_16_43_1783768404.PCAP_PDR
-rw------- 1 dsp dsp 2.0G Jul 11 16:43 /data/TRANSIENT_BUFFER/PDR_GULP_data002.pcap_11_07_2026_16_43_1783768434.PCAP_PDR
-rw------- 1 dsp dsp 2.0G Jul 11 16:44 /data/TRANSIENT_BUFFER/PDR_GULP_data000.pcap_11_07_2026_16_44_1783768463.PCAP_PDR
-rw------- 1 dsp dsp 2.0G Jul 11 16:44 /data/TRANSIENT_BUFFER/PDR_GULP_data001.pcap_11_07_2026_16_44_1783768492.PCAP_PDR
-rw------- 1 dsp dsp 2.0G Jul 11 16:45 /data/TRANSIENT_BUFFER/PDR_GULP_data002.pcap_11_07_2026_16_45_1783768521.PCAP_PDR
-rw------- 1 dsp dsp 2.0G Jul 11 16:45 /data/TRANSIENT_BUFFER/PDR_GULP_data000.pcap_11_07_2026_16_45_1783768550.PCAP_PDR
-rw------- 1 dsp dsp 2.0G Jul 11 16:46 /data/TRANSIENT_BUFFER/PDR_GULP_data001.pcap_11_07_2026_16_46_1783768580.PCAP_PDR
-rw------- 1 dsp dsp 2.0G Jul 11 16:46 /data/TRANSIENT_BUFFER/PDR_GULP_data002.pcap_11_07_2026_16_46_1783768609.PCAP_PDR
-rw------- 1 dsp dsp 2.0G Jul 11 16:47 /data/TRANSIENT_BUFFER/PDR_GULP_data000.pcap_11_07_2026_16_47_1783768638.PCAP_PDR
-rw------- 1 dsp dsp 2.0G Jul 11 16:47 /data/TRANSIENT_BUFFER/PDR_GULP_data001.pcap_11_07_2026_16_47_1783768667.PCAP_PDR
-rw------- 1 dsp dsp 2.0G Jul 11 16:48 /data/TRANSIENT_BUFFER/PDR_GULP_data002.pcap_11_07_2026_16_48_1783768696.PCAP_PDR
-rw------- 1 dsp dsp 2.0G Jul 11 16:48 /data/TRANSIENT_BUFFER/PDR_GULP_data000.pcap_11_07_2026_16_48_1783768726.PCAP_PDR
-rw------- 1 dsp dsp 2.0G Jul 11 16:49 /data/TRANSIENT_BUFFER/PDR_GULP_data001.pcap_11_07_2026_16_49_1783768755.PCAP_PDR
-rw------- 1 dsp dsp 2.0G Jul 11 16:49 /data/TRANSIENT_BUFFER/PDR_GULP_data002.pcap_11_07_2026_16_49_1783768784.PCAP_PDR
-rw------- 1 dsp dsp 2.0G Jul 11 16:50 /data/TRANSIENT_BUFFER/PDR_GULP_data000.pcap_11_07_2026_16_50_1783768813.PCAP_PDR
-rw------- 1 dsp dsp 2.0G Jul 11 16:50 /data/TRANSIENT_BUFFER/PDR_GULP_data001.pcap_11_07_2026_16_50_1783768842.PCAP_PDR
-rw------- 1 dsp dsp 2.0G Jul 11 16:51 /data/TRANSIENT_BUFFER/PDR_GULP_data002.pcap_11_07_2026_16_51_1783768872.PCAP_PDR
-rw------- 1 dsp dsp 2.0G Jul 11 16:51 /data/TRANSIENT_BUFFER/PDR_GULP_data000.pcap_11_07_2026_16_51_1783768901.PCAP_PDR
-rw------- 1 dsp dsp 2.0G Jul 11 16:52 /data/TRANSIENT_BUFFER/PDR_GULP_data001.pcap_11_07_2026_16_52_1783768930.PCAP_PDR
-rw------- 1 dsp dsp 2.0G Jul 11 16:52 /data/TRANSIENT_BUFFER/PDR_GULP_data002.pcap_11_07_2026_16_52_1783768959.PCAP_PDR
-rw------- 1 dsp dsp 2.0G Jul 11 16:53 /data/TRANSIENT_BUFFER/PDR_GULP_data000.pcap_11_07_2026_16_53_1783768989.PCAP_PDR
-rw------- 1 dsp dsp 2.0G Jul 11 16:53 /data/TRANSIENT_BUFFER/PDR_GULP_data001.pcap_11_07_2026_16_53_1783769018.PCAP_PDR
-rw------- 1 dsp dsp 2.0G Jul 11 16:54 /data/TRANSIENT_BUFFER/PDR_GULP_data002.pcap_11_07_2026_16_54_1783769047.PCAP_PDR
-rw------- 1 dsp dsp 2.0G Jul 11 16:54 /data/TRANSIENT_BUFFER/PDR_GULP_data000.pcap_11_07_2026_16_54_1783769076.PCAP_PDR
-rw------- 1 dsp dsp 2.0G Jul 11 16:55 /data/TRANSIENT_BUFFER/PDR_GULP_data001.pcap_11_07_2026_16_55_1783769105.PCAP_PDR
-rw------- 1 dsp dsp 2.0G Jul 11 16:55 /data/TRANSIENT_BUFFER/PDR_GULP_data002.pcap_11_07_2026_16_55_1783769135.PCAP_PDR
-rw------- 1 dsp dsp 2.0G Jul 11 16:56 /data/TRANSIENT_BUFFER/PDR_GULP_data000.pcap_11_07_2026_16_56_1783769164.PCAP_PDR
-rw------- 1 dsp dsp 2.0G Jul 11 16:56 /data/TRANSIENT_BUFFER/PDR_GULP_data001.pcap_11_07_2026_16_56_1783769193.PCAP_PDR
-rw------- 1 dsp dsp 2.0G Jul 11 16:56 /data/TRANSIENT_BUFFER/PDR_GULP_data002.pcap_11_07_2026_16_57_1783769222.PCAP_PDR
-rw------- 1 dsp dsp 2.0G Jul 11 16:57 /data/TRANSIENT_BUFFER/PDR_GULP_data000.pcap_11_07_2026_16_57_1783769251.PCAP_PDR
-rw------- 1 dsp dsp 2.0G Jul 11 16:57 /data/TRANSIENT_BUFFER/PDR_GULP_data001.pcap_11_07_2026_16_58_1783769281.PCAP_PDR
11-07-2026 16:58 RAW PCAP data moved from Transient Buffer.
11-07-2026 16:58 SLIP check Started ...
11-07-2026 16:58 - WARNING - Data Directory: /data/dsp/GBD_TRANSIENT_BUFFER/J1136+1551/11_07_2026
11-07-2026 16:58 - WARNING - Number of Files: 80
11-07-2026 16:58 - WARNING - No packet loss: /data/dsp/GBD_TRANSIENT_BUFFER/J1136+1551/11_07_2026/PDR_GULP_data000.pcap_11_07_2026_16_19_1783766973.PCAP_PDR
11-07-2026 16:58 - WARNING - first_pkt_count, first_gps_count, first_pkt_Tstamp
11-07-2026 16:58 - WARNING - 1761163728 5832 2026-07-11T10:49:01.452662
11-07-2026 16:58 - WARNING - last_pkt_count, last_gps_count, last_pkt_Tstamp
11-07-2026 16:58 - WARNING - 1763046270 5861 2026-07-11T10:49:30.660613
11-07-2026 16:58 - WARNING - diff_pkt_count  , diff_gps_count ,  diff_pkt_timstamp
11-07-2026 16:58 - WARNING - 1882542 29 29207951 microseconds
11-07-2026 16:58 - WARNING - No packet loss: /data/dsp/GBD_TRANSIENT_BUFFER/J1136+1551/11_07_2026/PDR_GULP_data001.pcap_11_07_2026_16_20_1783767002.PCAP_PDR
11-07-2026 16:58 - WARNING - first_pkt_count, first_gps_count, first_pkt_Tstamp
11-07-2026 16:58 - WARNING - 1763046271 5861 2026-07-11T10:49:30.660614
11-07-2026 16:58 - WARNING - last_pkt_count, last_gps_count, last_pkt_Tstamp
11-07-2026 16:58 - WARNING - 1764928812 5890 2026-07-11T10:49:59.868557
11-07-2026 16:58 - WARNING - diff_pkt_count  , diff_gps_count ,  diff_pkt_timstamp
11-07-2026 16:58 - WARNING - 1882541 29 29207943 microseconds
11-07-2026 16:58 - WARNING - No packet loss: /data/dsp/GBD_TRANSIENT_BUFFER/J1136+1551/11_07_2026/PDR_GULP_data002.pcap_11_07_2026_16_20_1783767032.PCAP_PDR
11-07-2026 16:58 - WARNING - first_pkt_count, first_gps_count, first_pkt_Tstamp
11-07-2026 16:58 - WARNING - 1764928813 5890 2026-07-11T10:49:59.868557
11-07-2026 16:58 - WARNING - last_pkt_count, last_gps_count, last_pkt_Tstamp
11-07-2026 16:58 - WARNING - 1766811354 5920 2026-07-11T10:50:29.076468
11-07-2026 16:58 - WARNING - diff_pkt_count  , diff_gps_count ,  diff_pkt_timstamp
11-07-2026 16:58 - WARNING - 1882541 30 29207911 microseconds
11-07-2026 16:58 - WARNING - No packet loss: /data/dsp/GBD_TRANSIENT_BUFFER/J1136+1551/11_07_2026/PDR_GULP_data000.pcap_11_07_2026_16_21_1783767061.PCAP_PDR
11-07-2026 16:58 - WARNING - first_pkt_count, first_gps_count, first_pkt_Tstamp
11-07-2026 16:58 - WARNING - 1766811355 5920 2026-07-11T10:50:29.076468
11-07-2026 16:58 - WARNING - last_pkt_count, last_gps_count, last_pkt_Tstamp
11-07-2026 16:58 - WARNING - 1768693896 5949 2026-07-11T10:50:58.284482
11-07-2026 16:58 - WARNING - diff_pkt_count  , diff_gps_count ,  diff_pkt_timstamp
11-07-2026 16:58 - WARNING - 1882541 29 29208014 microseconds
11-07-2026 16:58 - WARNING - No packet loss: /data/dsp/GBD_TRANSIENT_BUFFER/J1136+1551/11_07_2026/PDR_GULP_data001.pcap_11_07_2026_16_21_1783767090.PCAP_PDR
11-07-2026 16:58 - WARNING - first_pkt_count, first_gps_count, first_pkt_Tstamp
11-07-2026 16:58 - WARNING - 1768693897 5949 2026-07-11T10:50:58.284483
11-07-2026 16:58 - WARNING - last_pkt_count, last_gps_count, last_pkt_Tstamp
11-07-2026 16:58 - WARNING - 1770576438 5978 2026-07-11T10:51:27.492330
11-07-2026 16:58 - WARNING - diff_pkt_count  , diff_gps_count ,  diff_pkt_timstamp
11-07-2026 16:58 - WARNING - 1882541 29 29207847 microseconds
11-07-2026 16:58 - WARNING - No packet loss: /data/dsp/GBD_TRANSIENT_BUFFER/J1136+1551/11_07_2026/PDR_GULP_data002.pcap_11_07_2026_16_21_1783767119.PCAP_PDR
11-07-2026 16:58 - WARNING - first_pkt_count, first_gps_count, first_pkt_Tstamp
11-07-2026 16:58 - WARNING - 1770576439 5978 2026-07-11T10:51:27.492415
11-07-2026 16:58 - WARNING - last_pkt_count, last_gps_count, last_pkt_Tstamp
11-07-2026 16:58 - WARNING - 1772458980 6007 2026-07-11T10:51:56.700301
11-07-2026 16:58 - WARNING - diff_pkt_count  , diff_gps_count ,  diff_pkt_timstamp
11-07-2026 16:58 - WARNING - 1882541 29 29207886 microseconds
11-07-2026 16:58 - WARNING - No packet loss: /data/dsp/GBD_TRANSIENT_BUFFER/J1136+1551/11_07_2026/PDR_GULP_data000.pcap_11_07_2026_16_22_1783767148.PCAP_PDR
11-07-2026 16:58 - WARNING - first_pkt_count, first_gps_count, first_pkt_Tstamp
11-07-2026 16:58 - WARNING - 1772458981 6007 2026-07-11T10:51:56.700302
11-07-2026 16:58 - WARNING - last_pkt_count, last_gps_count, last_pkt_Tstamp
11-07-2026 16:58 - WARNING - 1774341523 6036 2026-07-11T10:52:25.908271
11-07-2026 16:58 - WARNING - diff_pkt_count  , diff_gps_count ,  diff_pkt_timstamp
11-07-2026 16:58 - WARNING - 1882542 29 29207969 microseconds
11-07-2026 16:58 - WARNING - No packet loss: /data/dsp/GBD_TRANSIENT_BUFFER/J1136+1551/11_07_2026/PDR_GULP_data001.pcap_11_07_2026_16_22_1783767178.PCAP_PDR
11-07-2026 16:58 - WARNING - first_pkt_count, first_gps_count, first_pkt_Tstamp
11-07-2026 16:58 - WARNING - 1774341524 6036 2026-07-11T10:52:25.908271
11-07-2026 16:58 - WARNING - last_pkt_count, last_gps_count, last_pkt_Tstamp
11-07-2026 16:58 - WARNING - 1776224065 6066 2026-07-11T10:52:55.116219
11-07-2026 16:58 - WARNING - diff_pkt_count  , diff_gps_count ,  diff_pkt_timstamp
11-07-2026 16:58 - WARNING - 1882541 30 29207948 microseconds
11-07-2026 16:58 - WARNING - No packet loss: /data/dsp/GBD_TRANSIENT_BUFFER/J1136+1551/11_07_2026/PDR_GULP_data002.pcap_11_07_2026_16_23_1783767207.PCAP_PDR
11-07-2026 16:58 - WARNING - first_pkt_count, first_gps_count, first_pkt_Tstamp
11-07-2026 16:58 - WARNING - 1776224066 6066 2026-07-11T10:52:55.116220
11-07-2026 16:58 - WARNING - last_pkt_count, last_gps_count, last_pkt_Tstamp
11-07-2026 16:58 - WARNING - 1778106607 6095 2026-07-11T10:53:24.324202
11-07-2026 16:58 - WARNING - diff_pkt_count  , diff_gps_count ,  diff_pkt_timstamp
11-07-2026 16:58 - WARNING - 1882541 29 29207982 microseconds
11-07-2026 16:58 - WARNING - No packet loss: /data/dsp/GBD_TRANSIENT_BUFFER/J1136+1551/11_07_2026/PDR_GULP_data000.pcap_11_07_2026_16_23_1783767236.PCAP_PDR
11-07-2026 16:58 - WARNING - first_pkt_count, first_gps_count, first_pkt_Tstamp
11-07-2026 16:58 - WARNING - 1778106608 6095 2026-07-11T10:53:24.324202
11-07-2026 16:58 - WARNING - last_pkt_count, last_gps_count, last_pkt_Tstamp
11-07-2026 16:58 - WARNING - 1779989149 6124 2026-07-11T10:53:53.532127
11-07-2026 16:58 - WARNING - diff_pkt_count  , diff_gps_count ,  diff_pkt_timstamp
11-07-2026 16:58 - WARNING - 1882541 29 29207925 microseconds
11-07-2026 16:58 - WARNING - No packet loss: /data/dsp/GBD_TRANSIENT_BUFFER/J1136+1551/11_07_2026/PDR_GULP_data001.pcap_11_07_2026_16_24_1783767265.PCAP_PDR
11-07-2026 16:58 - WARNING - first_pkt_count, first_gps_count, first_pkt_Tstamp
11-07-2026 16:58 - WARNING - 1779989150 6124 2026-07-11T10:53:53.532128
11-07-2026 16:58 - WARNING - last_pkt_count, last_gps_count, last_pkt_Tstamp
11-07-2026 16:58 - WARNING - 1781871691 6153 2026-07-11T10:54:22.740075
11-07-2026 16:58 - WARNING - diff_pkt_count  , diff_gps_count ,  diff_pkt_timstamp
11-07-2026 16:58 - WARNING - 1882541 29 29207947 microseconds
11-07-2026 16:58 - WARNING - No packet loss: /data/dsp/GBD_TRANSIENT_BUFFER/J1136+1551/11_07_2026/PDR_GULP_data002.pcap_11_07_2026_16_24_1783767294.PCAP_PDR
11-07-2026 16:58 - WARNING - first_pkt_count, first_gps_count, first_pkt_Tstamp
11-07-2026 16:58 - WARNING - 1781871692 6153 2026-07-11T10:54:22.740075
11-07-2026 16:58 - WARNING - last_pkt_count, last_gps_count, last_pkt_Tstamp
11-07-2026 16:58 - WARNING - 1783754233 6182 2026-07-11T10:54:51.947986
11-07-2026 16:58 - WARNING - diff_pkt_count  , diff_gps_count ,  diff_pkt_timstamp
11-07-2026 16:58 - WARNING - 1882541 29 29207911 microseconds
11-07-2026 16:58 - WARNING - No packet loss: /data/dsp/GBD_TRANSIENT_BUFFER/J1136+1551/11_07_2026/PDR_GULP_data000.pcap_11_07_2026_16_25_1783767324.PCAP_PDR
11-07-2026 16:58 - WARNING - first_pkt_count, first_gps_count, first_pkt_Tstamp
11-07-2026 16:58 - WARNING - 1783754234 6182 2026-07-11T10:54:51.948038
11-07-2026 16:58 - WARNING - last_pkt_count, last_gps_count, last_pkt_Tstamp
11-07-2026 16:58 - WARNING - 1785636776 6212 2026-07-11T10:55:21.155992
11-07-2026 16:58 - WARNING - diff_pkt_count  , diff_gps_count ,  diff_pkt_timstamp
11-07-2026 16:58 - WARNING - 1882542 30 29207954 microseconds
11-07-2026 16:58 - WARNING - No packet loss: /data/dsp/GBD_TRANSIENT_BUFFER/J1136+1551/11_07_2026/PDR_GULP_data001.pcap_11_07_2026_16_25_1783767353.PCAP_PDR
11-07-2026 16:58 - WARNING - first_pkt_count, first_gps_count, first_pkt_Tstamp
11-07-2026 16:58 - WARNING - 1785636777 6212 2026-07-11T10:55:21.155992
11-07-2026 16:58 - WARNING - last_pkt_count, last_gps_count, last_pkt_Tstamp
11-07-2026 16:58 - WARNING - 1787519318 6241 2026-07-11T10:55:50.363855
11-07-2026 16:58 - WARNING - diff_pkt_count  , diff_gps_count ,  diff_pkt_timstamp
11-07-2026 16:58 - WARNING - 1882541 29 29207863 microseconds
11-07-2026 16:58 - WARNING - No packet loss: /data/dsp/GBD_TRANSIENT_BUFFER/J1136+1551/11_07_2026/PDR_GULP_data002.pcap_11_07_2026_16_26_1783767382.PCAP_PDR
11-07-2026 16:58 - WARNING - first_pkt_count, first_gps_count, first_pkt_Tstamp
11-07-2026 16:58 - WARNING - 1787519319 6241 2026-07-11T10:55:50.363855
11-07-2026 16:58 - WARNING - last_pkt_count, last_gps_count, last_pkt_Tstamp
11-07-2026 16:58 - WARNING - 1789401860 6270 2026-07-11T10:56:19.571712
11-07-2026 16:58 - WARNING - diff_pkt_count  , diff_gps_count ,  diff_pkt_timstamp
11-07-2026 16:58 - WARNING - 1882541 29 29207857 microseconds
11-07-2026 16:58 - WARNING - No packet loss: /data/dsp/GBD_TRANSIENT_BUFFER/J1136+1551/11_07_2026/PDR_GULP_data000.pcap_11_07_2026_16_26_1783767411.PCAP_PDR
11-07-2026 16:58 - WARNING - first_pkt_count, first_gps_count, first_pkt_Tstamp
11-07-2026 16:58 - WARNING - 1789401861 6270 2026-07-11T10:56:19.571712
11-07-2026 16:58 - WARNING - last_pkt_count, last_gps_count, last_pkt_Tstamp
11-07-2026 16:58 - WARNING - 1791284402 6299 2026-07-11T10:56:48.779550
11-07-2026 16:58 - WARNING - diff_pkt_count  , diff_gps_count ,  diff_pkt_timstamp
11-07-2026 16:58 - WARNING - 1882541 29 29207838 microseconds
11-07-2026 16:58 - WARNING - No packet loss: /data/dsp/GBD_TRANSIENT_BUFFER/J1136+1551/11_07_2026/PDR_GULP_data001.pcap_11_07_2026_16_27_1783767440.PCAP_PDR
11-07-2026 16:58 - WARNING - first_pkt_count, first_gps_count, first_pkt_Tstamp
11-07-2026 16:58 - WARNING - 1791284403 6299 2026-07-11T10:56:48.779551
11-07-2026 16:58 - WARNING - last_pkt_count, last_gps_count, last_pkt_Tstamp
11-07-2026 16:58 - WARNING - 1793166944 6328 2026-07-11T10:57:17.987414
11-07-2026 16:58 - WARNING - diff_pkt_count  , diff_gps_count ,  diff_pkt_timstamp
11-07-2026 16:58 - WARNING - 1882541 29 29207863 microseconds
11-07-2026 16:58 - WARNING - No packet loss: /data/dsp/GBD_TRANSIENT_BUFFER/J1136+1551/11_07_2026/PDR_GULP_data002.pcap_11_07_2026_16_27_1783767470.PCAP_PDR
11-07-2026 16:58 - WARNING - first_pkt_count, first_gps_count, first_pkt_Tstamp
11-07-2026 16:58 - WARNING - 1793166945 6328 2026-07-11T10:57:17.987414
11-07-2026 16:58 - WARNING - last_pkt_count, last_gps_count, last_pkt_Tstamp
11-07-2026 16:58 - WARNING - 1795049486 6358 2026-07-11T10:57:47.195246
11-07-2026 16:58 - WARNING - diff_pkt_count  , diff_gps_count ,  diff_pkt_timstamp
11-07-2026 16:58 - WARNING - 1882541 30 29207832 microseconds
11-07-2026 16:58 - WARNING - No packet loss: /data/dsp/GBD_TRANSIENT_BUFFER/J1136+1551/11_07_2026/PDR_GULP_data000.pcap_11_07_2026_16_28_1783767499.PCAP_PDR
11-07-2026 16:58 - WARNING - first_pkt_count, first_gps_count, first_pkt_Tstamp
11-07-2026 16:58 - WARNING - 1795049487 6358 2026-07-11T10:57:47.195247
11-07-2026 16:58 - WARNING - last_pkt_count, last_gps_count, last_pkt_Tstamp
11-07-2026 16:58 - WARNING - 1796932029 6387 2026-07-11T10:58:16.403107
11-07-2026 16:58 - WARNING - diff_pkt_count  , diff_gps_count ,  diff_pkt_timstamp
11-07-2026 16:58 - WARNING - 1882542 29 29207860 microseconds
11-07-2026 16:58 - WARNING - No packet loss: /data/dsp/GBD_TRANSIENT_BUFFER/J1136+1551/11_07_2026/PDR_GULP_data001.pcap_11_07_2026_16_28_1783767528.PCAP_PDR
11-07-2026 16:58 - WARNING - first_pkt_count, first_gps_count, first_pkt_Tstamp
11-07-2026 16:58 - WARNING - 1796932030 6387 2026-07-11T10:58:16.403160
11-07-2026 16:58 - WARNING - last_pkt_count, last_gps_count, last_pkt_Tstamp
11-07-2026 16:58 - WARNING - 1798814571 6416 2026-07-11T10:58:45.610993
11-07-2026 16:58 - WARNING - diff_pkt_count  , diff_gps_count ,  diff_pkt_timstamp
11-07-2026 16:58 - WARNING - 1882541 29 29207833 microseconds
11-07-2026 16:58 - WARNING - No packet loss: /data/dsp/GBD_TRANSIENT_BUFFER/J1136+1551/11_07_2026/PDR_GULP_data002.pcap_11_07_2026_16_29_1783767557.PCAP_PDR
11-07-2026 16:58 - WARNING - first_pkt_count, first_gps_count, first_pkt_Tstamp
11-07-2026 16:58 - WARNING - 1798814572 6416 2026-07-11T10:58:45.610993
11-07-2026 16:58 - WARNING - last_pkt_count, last_gps_count, last_pkt_Tstamp
11-07-2026 16:58 - WARNING - 1800697113 6445 2026-07-11T10:59:14.818866
11-07-2026 16:58 - WARNING - diff_pkt_count  , diff_gps_count ,  diff_pkt_timstamp
11-07-2026 16:58 - WARNING - 1882541 29 29207873 microseconds
11-07-2026 16:58 - WARNING - No packet loss: /data/dsp/GBD_TRANSIENT_BUFFER/J1136+1551/11_07_2026/PDR_GULP_data000.pcap_11_07_2026_16_29_1783767587.PCAP_PDR
11-07-2026 16:58 - WARNING - first_pkt_count, first_gps_count, first_pkt_Tstamp
11-07-2026 16:58 - WARNING - 1800697114 6445 2026-07-11T10:59:14.818867
11-07-2026 16:58 - WARNING - last_pkt_count, last_gps_count, last_pkt_Tstamp
11-07-2026 16:58 - WARNING - 1802579655 6475 2026-07-11T10:59:44.026763
11-07-2026 16:58 - WARNING - diff_pkt_count  , diff_gps_count ,  diff_pkt_timstamp
11-07-2026 16:58 - WARNING - 1882541 30 29207896 microseconds
11-07-2026 16:58 - WARNING - No packet loss: /data/dsp/GBD_TRANSIENT_BUFFER/J1136+1551/11_07_2026/PDR_GULP_data001.pcap_11_07_2026_16_30_1783767616.PCAP_PDR
11-07-2026 16:58 - WARNING - first_pkt_count, first_gps_count, first_pkt_Tstamp
11-07-2026 16:58 - WARNING - 1802579656 6475 2026-07-11T10:59:44.026763
11-07-2026 16:58 - WARNING - last_pkt_count, last_gps_count, last_pkt_Tstamp
11-07-2026 16:58 - WARNING - 1804462197 6504 2026-07-11T11:00:13.234627
11-07-2026 16:58 - WARNING - diff_pkt_count  , diff_gps_count ,  diff_pkt_timstamp
11-07-2026 16:58 - WARNING - 1882541 29 29207864 microseconds
11-07-2026 16:58 - WARNING - No packet loss: /data/dsp/GBD_TRANSIENT_BUFFER/J1136+1551/11_07_2026/PDR_GULP_data002.pcap_11_07_2026_16_30_1783767645.PCAP_PDR
11-07-2026 16:58 - WARNING - first_pkt_count, first_gps_count, first_pkt_Tstamp
11-07-2026 16:58 - WARNING - 1804462198 6504 2026-07-11T11:00:13.234627
11-07-2026 16:58 - WARNING - last_pkt_count, last_gps_count, last_pkt_Tstamp
11-07-2026 16:58 - WARNING - 1806344739 6533 2026-07-11T11:00:42.442483
11-07-2026 16:58 - WARNING - diff_pkt_count  , diff_gps_count ,  diff_pkt_timstamp
11-07-2026 16:58 - WARNING - 1882541 29 29207856 microseconds
11-07-2026 16:58 - WARNING - No packet loss: /data/dsp/GBD_TRANSIENT_BUFFER/J1136+1551/11_07_2026/PDR_GULP_data000.pcap_11_07_2026_16_31_1783767674.PCAP_PDR
11-07-2026 16:58 - WARNING - first_pkt_count, first_gps_count, first_pkt_Tstamp
11-07-2026 16:58 - WARNING - 1806344740 6533 2026-07-11T11:00:42.442483
11-07-2026 16:58 - WARNING - last_pkt_count, last_gps_count, last_pkt_Tstamp
11-07-2026 16:58 - WARNING - 1808227282 6562 2026-07-11T11:01:11.650401
11-07-2026 16:58 - WARNING - diff_pkt_count  , diff_gps_count ,  diff_pkt_timstamp
11-07-2026 16:58 - WARNING - 1882542 29 29207918 microseconds
11-07-2026 16:58 - WARNING - No packet loss: /data/dsp/GBD_TRANSIENT_BUFFER/J1136+1551/11_07_2026/PDR_GULP_data001.pcap_11_07_2026_16_31_1783767703.PCAP_PDR
11-07-2026 16:58 - WARNING - first_pkt_count, first_gps_count, first_pkt_Tstamp
11-07-2026 16:58 - WARNING - 1808227283 6562 2026-07-11T11:01:11.650401
11-07-2026 16:58 - WARNING - last_pkt_count, last_gps_count, last_pkt_Tstamp
11-07-2026 16:58 - WARNING - 1810109824 6591 2026-07-11T11:01:40.858281
11-07-2026 16:58 - WARNING - diff_pkt_count  , diff_gps_count ,  diff_pkt_timstamp
11-07-2026 16:58 - WARNING - 1882541 29 29207880 microseconds
11-07-2026 16:58 - WARNING - No packet loss: /data/dsp/GBD_TRANSIENT_BUFFER/J1136+1551/11_07_2026/PDR_GULP_data002.pcap_11_07_2026_16_32_1783767733.PCAP_PDR
11-07-2026 16:58 - WARNING - first_pkt_count, first_gps_count, first_pkt_Tstamp
11-07-2026 16:58 - WARNING - 1810109825 6591 2026-07-11T11:01:40.858281
11-07-2026 16:58 - WARNING - last_pkt_count, last_gps_count, last_pkt_Tstamp
11-07-2026 16:58 - WARNING - 1811992366 6621 2026-07-11T11:02:10.066139
11-07-2026 16:58 - WARNING - diff_pkt_count  , diff_gps_count ,  diff_pkt_timstamp
11-07-2026 16:58 - WARNING - 1882541 30 29207858 microseconds
11-07-2026 16:58 - WARNING - No packet loss: /data/dsp/GBD_TRANSIENT_BUFFER/J1136+1551/11_07_2026/PDR_GULP_data000.pcap_11_07_2026_16_32_1783767762.PCAP_PDR
11-07-2026 16:58 - WARNING - first_pkt_count, first_gps_count, first_pkt_Tstamp
11-07-2026 16:58 - WARNING - 1811992367 6621 2026-07-11T11:02:10.066139
11-07-2026 16:58 - WARNING - last_pkt_count, last_gps_count, last_pkt_Tstamp
11-07-2026 16:58 - WARNING - 1813874908 6650 2026-07-11T11:02:39.274050
11-07-2026 16:58 - WARNING - diff_pkt_count  , diff_gps_count ,  diff_pkt_timstamp
11-07-2026 16:58 - WARNING - 1882541 29 29207911 microseconds
11-07-2026 16:58 - WARNING - No packet loss: /data/dsp/GBD_TRANSIENT_BUFFER/J1136+1551/11_07_2026/PDR_GULP_data001.pcap_11_07_2026_16_33_1783767791.PCAP_PDR
11-07-2026 16:58 - WARNING - first_pkt_count, first_gps_count, first_pkt_Tstamp
11-07-2026 16:58 - WARNING - 1813874909 6650 2026-07-11T11:02:39.274050
11-07-2026 16:58 - WARNING - last_pkt_count, last_gps_count, last_pkt_Tstamp
11-07-2026 16:58 - WARNING - 1815757450 6679 2026-07-11T11:03:08.481945
11-07-2026 16:58 - WARNING - diff_pkt_count  , diff_gps_count ,  diff_pkt_timstamp
11-07-2026 16:58 - WARNING - 1882541 29 29207895 microseconds
11-07-2026 16:58 - WARNING - No packet loss: /data/dsp/GBD_TRANSIENT_BUFFER/J1136+1551/11_07_2026/PDR_GULP_data002.pcap_11_07_2026_16_33_1783767820.PCAP_PDR
11-07-2026 16:58 - WARNING - first_pkt_count, first_gps_count, first_pkt_Tstamp
11-07-2026 16:58 - WARNING - 1815757451 6679 2026-07-11T11:03:08.481946
11-07-2026 16:58 - WARNING - last_pkt_count, last_gps_count, last_pkt_Tstamp
11-07-2026 16:58 - WARNING - 1817639992 6708 2026-07-11T11:03:37.689770
11-07-2026 16:58 - WARNING - diff_pkt_count  , diff_gps_count ,  diff_pkt_timstamp
11-07-2026 16:58 - WARNING - 1882541 29 29207824 microseconds
11-07-2026 16:58 - WARNING - No packet loss: /data/dsp/GBD_TRANSIENT_BUFFER/J1136+1551/11_07_2026/PDR_GULP_data000.pcap_11_07_2026_16_34_1783767849.PCAP_PDR
11-07-2026 16:58 - WARNING - first_pkt_count, first_gps_count, first_pkt_Tstamp
11-07-2026 16:58 - WARNING - 1817639993 6708 2026-07-11T11:03:37.689823
11-07-2026 16:58 - WARNING - last_pkt_count, last_gps_count, last_pkt_Tstamp
11-07-2026 16:58 - WARNING - 1819522535 6737 2026-07-11T11:04:06.897732
11-07-2026 16:58 - WARNING - diff_pkt_count  , diff_gps_count ,  diff_pkt_timstamp
11-07-2026 16:58 - WARNING - 1882542 29 29207909 microseconds
11-07-2026 16:58 - WARNING - No packet loss: /data/dsp/GBD_TRANSIENT_BUFFER/J1136+1551/11_07_2026/PDR_GULP_data001.pcap_11_07_2026_16_34_1783767879.PCAP_PDR
11-07-2026 16:58 - WARNING - first_pkt_count, first_gps_count, first_pkt_Tstamp
11-07-2026 16:58 - WARNING - 1819522536 6737 2026-07-11T11:04:06.897732
11-07-2026 16:58 - WARNING - last_pkt_count, last_gps_count, last_pkt_Tstamp
11-07-2026 16:58 - WARNING - 1821405077 6767 2026-07-11T11:04:36.105586
11-07-2026 16:58 - WARNING - diff_pkt_count  , diff_gps_count ,  diff_pkt_timstamp
11-07-2026 16:58 - WARNING - 1882541 30 29207854 microseconds
11-07-2026 16:58 - WARNING - No packet loss: /data/dsp/GBD_TRANSIENT_BUFFER/J1136+1551/11_07_2026/PDR_GULP_data002.pcap_11_07_2026_16_35_1783767908.PCAP_PDR
11-07-2026 16:58 - WARNING - first_pkt_count, first_gps_count, first_pkt_Tstamp
11-07-2026 16:58 - WARNING - 1821405078 6767 2026-07-11T11:04:36.105587
11-07-2026 16:58 - WARNING - last_pkt_count, last_gps_count, last_pkt_Tstamp
11-07-2026 16:58 - WARNING - 1823287619 6796 2026-07-11T11:05:05.313473
11-07-2026 16:58 - WARNING - diff_pkt_count  , diff_gps_count ,  diff_pkt_timstamp
11-07-2026 16:58 - WARNING - 1882541 29 29207886 microseconds
11-07-2026 16:58 - WARNING - No packet loss: /data/dsp/GBD_TRANSIENT_BUFFER/J1136+1551/11_07_2026/PDR_GULP_data000.pcap_11_07_2026_16_35_1783767937.PCAP_PDR
11-07-2026 16:58 - WARNING - first_pkt_count, first_gps_count, first_pkt_Tstamp
11-07-2026 16:58 - WARNING - 1823287620 6796 2026-07-11T11:05:05.313525
11-07-2026 16:58 - WARNING - last_pkt_count, last_gps_count, last_pkt_Tstamp
11-07-2026 16:58 - WARNING - 1825170161 6825 2026-07-11T11:05:34.521400
11-07-2026 16:58 - WARNING - diff_pkt_count  , diff_gps_count ,  diff_pkt_timstamp
11-07-2026 16:58 - WARNING - 1882541 29 29207875 microseconds
11-07-2026 16:58 - WARNING - No packet loss: /data/dsp/GBD_TRANSIENT_BUFFER/J1136+1551/11_07_2026/PDR_GULP_data001.pcap_11_07_2026_16_36_1783767966.PCAP_PDR
11-07-2026 16:58 - WARNING - first_pkt_count, first_gps_count, first_pkt_Tstamp
11-07-2026 16:58 - WARNING - 1825170162 6825 2026-07-11T11:05:34.521400
11-07-2026 16:58 - WARNING - last_pkt_count, last_gps_count, last_pkt_Tstamp
11-07-2026 16:58 - WARNING - 1827052703 6854 2026-07-11T11:06:03.729313
11-07-2026 16:58 - WARNING - diff_pkt_count  , diff_gps_count ,  diff_pkt_timstamp
11-07-2026 16:58 - WARNING - 1882541 29 29207913 microseconds
11-07-2026 16:58 - WARNING - No packet loss: /data/dsp/GBD_TRANSIENT_BUFFER/J1136+1551/11_07_2026/PDR_GULP_data002.pcap_11_07_2026_16_36_1783767995.PCAP_PDR
11-07-2026 16:58 - WARNING - first_pkt_count, first_gps_count, first_pkt_Tstamp
11-07-2026 16:58 - WARNING - 1827052704 6854 2026-07-11T11:06:03.729313
11-07-2026 16:58 - WARNING - last_pkt_count, last_gps_count, last_pkt_Tstamp
11-07-2026 16:58 - WARNING - 1828935245 6883 2026-07-11T11:06:32.937162
11-07-2026 16:58 - WARNING - diff_pkt_count  , diff_gps_count ,  diff_pkt_timstamp
11-07-2026 16:58 - WARNING - 1882541 29 29207849 microseconds
11-07-2026 16:58 - WARNING - No packet loss: /data/dsp/GBD_TRANSIENT_BUFFER/J1136+1551/11_07_2026/PDR_GULP_data000.pcap_11_07_2026_16_37_1783768025.PCAP_PDR
11-07-2026 16:58 - WARNING - first_pkt_count, first_gps_count, first_pkt_Tstamp
11-07-2026 16:58 - WARNING - 1828935246 6883 2026-07-11T11:06:32.937216
11-07-2026 16:58 - WARNING - last_pkt_count, last_gps_count, last_pkt_Tstamp
11-07-2026 16:58 - WARNING - 1830817788 6913 2026-07-11T11:07:02.145084
11-07-2026 16:58 - WARNING - diff_pkt_count  , diff_gps_count ,  diff_pkt_timstamp
11-07-2026 16:58 - WARNING - 1882542 30 29207868 microseconds
11-07-2026 16:58 - WARNING - No packet loss: /data/dsp/GBD_TRANSIENT_BUFFER/J1136+1551/11_07_2026/PDR_GULP_data001.pcap_11_07_2026_16_37_1783768054.PCAP_PDR
11-07-2026 16:58 - WARNING - first_pkt_count, first_gps_count, first_pkt_Tstamp
11-07-2026 16:58 - WARNING - 1830817789 6913 2026-07-11T11:07:02.145148
11-07-2026 16:58 - WARNING - last_pkt_count, last_gps_count, last_pkt_Tstamp
11-07-2026 16:58 - WARNING - 1832700330 6942 2026-07-11T11:07:31.353001
11-07-2026 16:58 - WARNING - diff_pkt_count  , diff_gps_count ,  diff_pkt_timstamp
11-07-2026 16:58 - WARNING - 1882541 29 29207853 microseconds
11-07-2026 16:58 - WARNING - No packet loss: /data/dsp/GBD_TRANSIENT_BUFFER/J1136+1551/11_07_2026/PDR_GULP_data002.pcap_11_07_2026_16_38_1783768083.PCAP_PDR
11-07-2026 16:58 - WARNING - first_pkt_count, first_gps_count, first_pkt_Tstamp
11-07-2026 16:58 - WARNING - 1832700331 6942 2026-07-11T11:07:31.353090
11-07-2026 16:58 - WARNING - last_pkt_count, last_gps_count, last_pkt_Tstamp
11-07-2026 16:58 - WARNING - 1834582872 6971 2026-07-11T11:08:00.560965
11-07-2026 16:58 - WARNING - diff_pkt_count  , diff_gps_count ,  diff_pkt_timstamp
11-07-2026 16:58 - WARNING - 1882541 29 29207875 microseconds
11-07-2026 16:58 - WARNING - No packet loss: /data/dsp/GBD_TRANSIENT_BUFFER/J1136+1551/11_07_2026/PDR_GULP_data000.pcap_11_07_2026_16_38_1783768112.PCAP_PDR
11-07-2026 16:58 - WARNING - first_pkt_count, first_gps_count, first_pkt_Tstamp
11-07-2026 16:58 - WARNING - 1834582873 6971 2026-07-11T11:08:00.560965
11-07-2026 16:58 - WARNING - last_pkt_count, last_gps_count, last_pkt_Tstamp
11-07-2026 16:58 - WARNING - 1836465414 7000 2026-07-11T11:08:29.768810
11-07-2026 16:58 - WARNING - diff_pkt_count  , diff_gps_count ,  diff_pkt_timstamp
11-07-2026 16:58 - WARNING - 1882541 29 29207845 microseconds
11-07-2026 16:58 - WARNING - No packet loss: /data/dsp/GBD_TRANSIENT_BUFFER/J1136+1551/11_07_2026/PDR_GULP_data001.pcap_11_07_2026_16_39_1783768141.PCAP_PDR
11-07-2026 16:58 - WARNING - first_pkt_count, first_gps_count, first_pkt_Tstamp
11-07-2026 16:58 - WARNING - 1836465415 7000 2026-07-11T11:08:29.768864
11-07-2026 16:58 - WARNING - last_pkt_count, last_gps_count, last_pkt_Tstamp
11-07-2026 16:58 - WARNING - 1838347956 7029 2026-07-11T11:08:58.976719
11-07-2026 16:58 - WARNING - diff_pkt_count  , diff_gps_count ,  diff_pkt_timstamp
11-07-2026 16:58 - WARNING - 1882541 29 29207855 microseconds
11-07-2026 16:58 - WARNING - No packet loss: /data/dsp/GBD_TRANSIENT_BUFFER/J1136+1551/11_07_2026/PDR_GULP_data002.pcap_11_07_2026_16_39_1783768171.PCAP_PDR
11-07-2026 16:58 - WARNING - first_pkt_count, first_gps_count, first_pkt_Tstamp
11-07-2026 16:58 - WARNING - 1838347957 7029 2026-07-11T11:08:58.976719
11-07-2026 16:58 - WARNING - last_pkt_count, last_gps_count, last_pkt_Tstamp
11-07-2026 16:58 - WARNING - 1840230499 7059 2026-07-11T11:09:28.184618
11-07-2026 16:58 - WARNING - diff_pkt_count  , diff_gps_count ,  diff_pkt_timstamp
11-07-2026 16:58 - WARNING - 1882542 30 29207899 microseconds
11-07-2026 16:58 - WARNING - No packet loss: /data/dsp/GBD_TRANSIENT_BUFFER/J1136+1551/11_07_2026/PDR_GULP_data000.pcap_11_07_2026_16_40_1783768200.PCAP_PDR
11-07-2026 16:58 - WARNING - first_pkt_count, first_gps_count, first_pkt_Tstamp
11-07-2026 16:58 - WARNING - 1840230500 7059 2026-07-11T11:09:28.184670
11-07-2026 16:58 - WARNING - last_pkt_count, last_gps_count, last_pkt_Tstamp
11-07-2026 16:58 - WARNING - 1842113041 7088 2026-07-11T11:09:57.392603
11-07-2026 16:58 - WARNING - diff_pkt_count  , diff_gps_count ,  diff_pkt_timstamp
11-07-2026 16:58 - WARNING - 1882541 29 29207933 microseconds
11-07-2026 16:58 - WARNING - No packet loss: /data/dsp/GBD_TRANSIENT_BUFFER/J1136+1551/11_07_2026/PDR_GULP_data001.pcap_11_07_2026_16_40_1783768229.PCAP_PDR
11-07-2026 16:58 - WARNING - first_pkt_count, first_gps_count, first_pkt_Tstamp
11-07-2026 16:58 - WARNING - 1842113042 7088 2026-07-11T11:09:57.392603
11-07-2026 16:58 - WARNING - last_pkt_count, last_gps_count, last_pkt_Tstamp
11-07-2026 16:58 - WARNING - 1843995583 7117 2026-07-11T11:10:26.600451
11-07-2026 16:58 - WARNING - diff_pkt_count  , diff_gps_count ,  diff_pkt_timstamp
11-07-2026 16:58 - WARNING - 1882541 29 29207848 microseconds
11-07-2026 16:58 - WARNING - No packet loss: /data/dsp/GBD_TRANSIENT_BUFFER/J1136+1551/11_07_2026/PDR_GULP_data002.pcap_11_07_2026_16_40_1783768258.PCAP_PDR
11-07-2026 16:58 - WARNING - first_pkt_count, first_gps_count, first_pkt_Tstamp
11-07-2026 16:58 - WARNING - 1843995584 7117 2026-07-11T11:10:26.600451
11-07-2026 16:58 - WARNING - last_pkt_count, last_gps_count, last_pkt_Tstamp
11-07-2026 16:58 - WARNING - 1845878125 7146 2026-07-11T11:10:55.808439
11-07-2026 16:58 - WARNING - diff_pkt_count  , diff_gps_count ,  diff_pkt_timstamp
11-07-2026 16:58 - WARNING - 1882541 29 29207988 microseconds
11-07-2026 16:58 - WARNING - No packet loss: /data/dsp/GBD_TRANSIENT_BUFFER/J1136+1551/11_07_2026/PDR_GULP_data000.pcap_11_07_2026_16_41_1783768288.PCAP_PDR
11-07-2026 16:58 - WARNING - first_pkt_count, first_gps_count, first_pkt_Tstamp
11-07-2026 16:58 - WARNING - 1845878126 7146 2026-07-11T11:10:55.808439
11-07-2026 16:58 - WARNING - last_pkt_count, last_gps_count, last_pkt_Tstamp
11-07-2026 16:58 - WARNING - 1847760667 7176 2026-07-11T11:11:25.016293
11-07-2026 16:58 - WARNING - diff_pkt_count  , diff_gps_count ,  diff_pkt_timstamp
11-07-2026 16:58 - WARNING - 1882541 30 29207854 microseconds
11-07-2026 16:58 - WARNING - No packet loss: /data/dsp/GBD_TRANSIENT_BUFFER/J1136+1551/11_07_2026/PDR_GULP_data001.pcap_11_07_2026_16_41_1783768317.PCAP_PDR
11-07-2026 16:58 - WARNING - first_pkt_count, first_gps_count, first_pkt_Tstamp
11-07-2026 16:58 - WARNING - 1847760668 7176 2026-07-11T11:11:25.016294
11-07-2026 16:58 - WARNING - last_pkt_count, last_gps_count, last_pkt_Tstamp
11-07-2026 16:58 - WARNING - 1849643209 7205 2026-07-11T11:11:54.224193
11-07-2026 16:58 - WARNING - diff_pkt_count  , diff_gps_count ,  diff_pkt_timstamp
11-07-2026 16:58 - WARNING - 1882541 29 29207899 microseconds
11-07-2026 16:58 - WARNING - No packet loss: /data/dsp/GBD_TRANSIENT_BUFFER/J1136+1551/11_07_2026/PDR_GULP_data002.pcap_11_07_2026_16_42_1783768346.PCAP_PDR
11-07-2026 16:58 - WARNING - first_pkt_count, first_gps_count, first_pkt_Tstamp
11-07-2026 16:58 - WARNING - 1849643210 7205 2026-07-11T11:11:54.224193
11-07-2026 16:58 - WARNING - last_pkt_count, last_gps_count, last_pkt_Tstamp
11-07-2026 16:58 - WARNING - 1851525752 7234 2026-07-11T11:12:23.432091
11-07-2026 16:58 - WARNING - diff_pkt_count  , diff_gps_count ,  diff_pkt_timstamp
11-07-2026 16:58 - WARNING - 1882542 29 29207898 microseconds
11-07-2026 16:58 - WARNING - No packet loss: /data/dsp/GBD_TRANSIENT_BUFFER/J1136+1551/11_07_2026/PDR_GULP_data000.pcap_11_07_2026_16_42_1783768375.PCAP_PDR
11-07-2026 16:58 - WARNING - first_pkt_count, first_gps_count, first_pkt_Tstamp
11-07-2026 16:58 - WARNING - 1851525753 7234 2026-07-11T11:12:23.432142
11-07-2026 16:58 - WARNING - last_pkt_count, last_gps_count, last_pkt_Tstamp
11-07-2026 16:58 - WARNING - 1853408294 7263 2026-07-11T11:12:52.640011
11-07-2026 16:58 - WARNING - diff_pkt_count  , diff_gps_count ,  diff_pkt_timstamp
11-07-2026 16:58 - WARNING - 1882541 29 29207869 microseconds
11-07-2026 16:58 - WARNING - No packet loss: /data/dsp/GBD_TRANSIENT_BUFFER/J1136+1551/11_07_2026/PDR_GULP_data001.pcap_11_07_2026_16_43_1783768404.PCAP_PDR
11-07-2026 16:58 - WARNING - first_pkt_count, first_gps_count, first_pkt_Tstamp
11-07-2026 16:58 - WARNING - 1853408295 7263 2026-07-11T11:12:52.640065
11-07-2026 16:58 - WARNING - last_pkt_count, last_gps_count, last_pkt_Tstamp
11-07-2026 16:58 - WARNING - 1855290836 7292 2026-07-11T11:13:21.847932
11-07-2026 16:58 - WARNING - diff_pkt_count  , diff_gps_count ,  diff_pkt_timstamp
11-07-2026 16:58 - WARNING - 1882541 29 29207867 microseconds
11-07-2026 16:58 - WARNING - No packet loss: /data/dsp/GBD_TRANSIENT_BUFFER/J1136+1551/11_07_2026/PDR_GULP_data002.pcap_11_07_2026_16_43_1783768434.PCAP_PDR
11-07-2026 16:58 - WARNING - first_pkt_count, first_gps_count, first_pkt_Tstamp
11-07-2026 16:58 - WARNING - 1855290837 7292 2026-07-11T11:13:21.847985
11-07-2026 16:58 - WARNING - last_pkt_count, last_gps_count, last_pkt_Tstamp
11-07-2026 16:58 - WARNING - 1857173378 7322 2026-07-11T11:13:51.055836
11-07-2026 16:58 - WARNING - diff_pkt_count  , diff_gps_count ,  diff_pkt_timstamp
11-07-2026 16:58 - WARNING - 1882541 30 29207851 microseconds
11-07-2026 16:58 - WARNING - No packet loss: /data/dsp/GBD_TRANSIENT_BUFFER/J1136+1551/11_07_2026/PDR_GULP_data000.pcap_11_07_2026_16_44_1783768463.PCAP_PDR
11-07-2026 16:58 - WARNING - first_pkt_count, first_gps_count, first_pkt_Tstamp
11-07-2026 16:58 - WARNING - 1857173379 7322 2026-07-11T11:13:51.055888
11-07-2026 16:58 - WARNING - last_pkt_count, last_gps_count, last_pkt_Tstamp
11-07-2026 16:58 - WARNING - 1859055920 7351 2026-07-11T11:14:20.263773
11-07-2026 16:58 - WARNING - diff_pkt_count  , diff_gps_count ,  diff_pkt_timstamp
11-07-2026 16:58 - WARNING - 1882541 29 29207885 microseconds
11-07-2026 16:58 - WARNING - No packet loss: /data/dsp/GBD_TRANSIENT_BUFFER/J1136+1551/11_07_2026/PDR_GULP_data001.pcap_11_07_2026_16_44_1783768492.PCAP_PDR
11-07-2026 16:58 - WARNING - first_pkt_count, first_gps_count, first_pkt_Tstamp
11-07-2026 16:58 - WARNING - 1859055921 7351 2026-07-11T11:14:20.263773
11-07-2026 16:58 - WARNING - last_pkt_count, last_gps_count, last_pkt_Tstamp
11-07-2026 16:58 - WARNING - 1860938462 7380 2026-07-11T11:14:49.471704
11-07-2026 16:58 - WARNING - diff_pkt_count  , diff_gps_count ,  diff_pkt_timstamp
11-07-2026 16:58 - WARNING - 1882541 29 29207931 microseconds
11-07-2026 16:58 - WARNING - No packet loss: /data/dsp/GBD_TRANSIENT_BUFFER/J1136+1551/11_07_2026/PDR_GULP_data002.pcap_11_07_2026_16_45_1783768521.PCAP_PDR
11-07-2026 16:58 - WARNING - first_pkt_count, first_gps_count, first_pkt_Tstamp
11-07-2026 16:58 - WARNING - 1860938463 7380 2026-07-11T11:14:49.471704
11-07-2026 16:58 - WARNING - last_pkt_count, last_gps_count, last_pkt_Tstamp
11-07-2026 16:58 - WARNING - 1862821005 7409 2026-07-11T11:15:18.679619
11-07-2026 16:58 - WARNING - diff_pkt_count  , diff_gps_count ,  diff_pkt_timstamp
11-07-2026 16:58 - WARNING - 1882542 29 29207915 microseconds
11-07-2026 16:58 - WARNING - No packet loss: /data/dsp/GBD_TRANSIENT_BUFFER/J1136+1551/11_07_2026/PDR_GULP_data000.pcap_11_07_2026_16_45_1783768550.PCAP_PDR
11-07-2026 16:58 - WARNING - first_pkt_count, first_gps_count, first_pkt_Tstamp
11-07-2026 16:58 - WARNING - 1862821006 7409 2026-07-11T11:15:18.679620
11-07-2026 16:58 - WARNING - last_pkt_count, last_gps_count, last_pkt_Tstamp
11-07-2026 16:58 - WARNING - 1864703547 7438 2026-07-11T11:15:47.887516
11-07-2026 16:58 - WARNING - diff_pkt_count  , diff_gps_count ,  diff_pkt_timstamp
11-07-2026 16:58 - WARNING - 1882541 29 29207896 microseconds
11-07-2026 16:58 - WARNING - No packet loss: /data/dsp/GBD_TRANSIENT_BUFFER/J1136+1551/11_07_2026/PDR_GULP_data001.pcap_11_07_2026_16_46_1783768580.PCAP_PDR
11-07-2026 16:58 - WARNING - first_pkt_count, first_gps_count, first_pkt_Tstamp
11-07-2026 16:58 - WARNING - 1864703548 7438 2026-07-11T11:15:47.887605
11-07-2026 16:58 - WARNING - last_pkt_count, last_gps_count, last_pkt_Tstamp
11-07-2026 16:58 - WARNING - 1866586089 7468 2026-07-11T11:16:17.095467
11-07-2026 16:58 - WARNING - diff_pkt_count  , diff_gps_count ,  diff_pkt_timstamp
11-07-2026 16:58 - WARNING - 1882541 30 29207862 microseconds
11-07-2026 16:58 - WARNING - No packet loss: /data/dsp/GBD_TRANSIENT_BUFFER/J1136+1551/11_07_2026/PDR_GULP_data002.pcap_11_07_2026_16_46_1783768609.PCAP_PDR
11-07-2026 16:58 - WARNING - first_pkt_count, first_gps_count, first_pkt_Tstamp
11-07-2026 16:58 - WARNING - 1866586090 7468 2026-07-11T11:16:17.095468
11-07-2026 16:58 - WARNING - last_pkt_count, last_gps_count, last_pkt_Tstamp
11-07-2026 16:58 - WARNING - 1868468631 7497 2026-07-11T11:16:46.303410
11-07-2026 16:58 - WARNING - diff_pkt_count  , diff_gps_count ,  diff_pkt_timstamp
11-07-2026 16:58 - WARNING - 1882541 29 29207942 microseconds
11-07-2026 16:58 - WARNING - No packet loss: /data/dsp/GBD_TRANSIENT_BUFFER/J1136+1551/11_07_2026/PDR_GULP_data000.pcap_11_07_2026_16_47_1783768638.PCAP_PDR
11-07-2026 16:58 - WARNING - first_pkt_count, first_gps_count, first_pkt_Tstamp
11-07-2026 16:58 - WARNING - 1868468632 7497 2026-07-11T11:16:46.303410
11-07-2026 16:58 - WARNING - last_pkt_count, last_gps_count, last_pkt_Tstamp
11-07-2026 16:58 - WARNING - 1870351173 7526 2026-07-11T11:17:15.511263
11-07-2026 16:58 - WARNING - diff_pkt_count  , diff_gps_count ,  diff_pkt_timstamp
11-07-2026 16:58 - WARNING - 1882541 29 29207853 microseconds
11-07-2026 16:58 - WARNING - No packet loss: /data/dsp/GBD_TRANSIENT_BUFFER/J1136+1551/11_07_2026/PDR_GULP_data001.pcap_11_07_2026_16_47_1783768667.PCAP_PDR
11-07-2026 16:58 - WARNING - first_pkt_count, first_gps_count, first_pkt_Tstamp
11-07-2026 16:58 - WARNING - 1870351174 7526 2026-07-11T11:17:15.511263
11-07-2026 16:58 - WARNING - last_pkt_count, last_gps_count, last_pkt_Tstamp
11-07-2026 16:58 - WARNING - 1872233715 7555 2026-07-11T11:17:44.719180
11-07-2026 16:58 - WARNING - diff_pkt_count  , diff_gps_count ,  diff_pkt_timstamp
11-07-2026 16:58 - WARNING - 1882541 29 29207917 microseconds
11-07-2026 16:58 - WARNING - No packet loss: /data/dsp/GBD_TRANSIENT_BUFFER/J1136+1551/11_07_2026/PDR_GULP_data002.pcap_11_07_2026_16_48_1783768696.PCAP_PDR
11-07-2026 16:58 - WARNING - first_pkt_count, first_gps_count, first_pkt_Tstamp
11-07-2026 16:58 - WARNING - 1872233716 7555 2026-07-11T11:17:44.719180
11-07-2026 16:58 - WARNING - last_pkt_count, last_gps_count, last_pkt_Tstamp
11-07-2026 16:58 - WARNING - 1874116258 7584 2026-07-11T11:18:13.927129
11-07-2026 16:58 - WARNING - diff_pkt_count  , diff_gps_count ,  diff_pkt_timstamp
11-07-2026 16:58 - WARNING - 1882542 29 29207949 microseconds
11-07-2026 16:58 - WARNING - No packet loss: /data/dsp/GBD_TRANSIENT_BUFFER/J1136+1551/11_07_2026/PDR_GULP_data000.pcap_11_07_2026_16_48_1783768726.PCAP_PDR
11-07-2026 16:58 - WARNING - first_pkt_count, first_gps_count, first_pkt_Tstamp
11-07-2026 16:58 - WARNING - 1874116259 7584 2026-07-11T11:18:13.927129
11-07-2026 16:58 - WARNING - last_pkt_count, last_gps_count, last_pkt_Tstamp
11-07-2026 16:58 - WARNING - 1875998800 7614 2026-07-11T11:18:43.135065
11-07-2026 16:58 - WARNING - diff_pkt_count  , diff_gps_count ,  diff_pkt_timstamp
11-07-2026 16:58 - WARNING - 1882541 30 29207936 microseconds
11-07-2026 16:58 - WARNING - No packet loss: /data/dsp/GBD_TRANSIENT_BUFFER/J1136+1551/11_07_2026/PDR_GULP_data001.pcap_11_07_2026_16_49_1783768755.PCAP_PDR
11-07-2026 16:58 - WARNING - first_pkt_count, first_gps_count, first_pkt_Tstamp
11-07-2026 16:58 - WARNING - 1875998801 7614 2026-07-11T11:18:43.135065
11-07-2026 16:58 - WARNING - last_pkt_count, last_gps_count, last_pkt_Tstamp
11-07-2026 16:58 - WARNING - 1877881342 7643 2026-07-11T11:19:12.342994
11-07-2026 16:58 - WARNING - diff_pkt_count  , diff_gps_count ,  diff_pkt_timstamp
11-07-2026 16:58 - WARNING - 1882541 29 29207929 microseconds
11-07-2026 16:58 - WARNING - No packet loss: /data/dsp/GBD_TRANSIENT_BUFFER/J1136+1551/11_07_2026/PDR_GULP_data002.pcap_11_07_2026_16_49_1783768784.PCAP_PDR
11-07-2026 16:58 - WARNING - first_pkt_count, first_gps_count, first_pkt_Tstamp
11-07-2026 16:58 - WARNING - 1877881343 7643 2026-07-11T11:19:12.342994
11-07-2026 16:58 - WARNING - last_pkt_count, last_gps_count, last_pkt_Tstamp
11-07-2026 16:58 - WARNING - 1879763884 7672 2026-07-11T11:19:41.550924
11-07-2026 16:58 - WARNING - diff_pkt_count  , diff_gps_count ,  diff_pkt_timstamp
11-07-2026 16:58 - WARNING - 1882541 29 29207930 microseconds
11-07-2026 16:58 - WARNING - No packet loss: /data/dsp/GBD_TRANSIENT_BUFFER/J1136+1551/11_07_2026/PDR_GULP_data000.pcap_11_07_2026_16_50_1783768813.PCAP_PDR
11-07-2026 16:58 - WARNING - first_pkt_count, first_gps_count, first_pkt_Tstamp
11-07-2026 16:58 - WARNING - 1879763885 7672 2026-07-11T11:19:41.550925
11-07-2026 16:58 - WARNING - last_pkt_count, last_gps_count, last_pkt_Tstamp
11-07-2026 16:58 - WARNING - 1881646426 7701 2026-07-11T11:20:10.758852
11-07-2026 16:58 - WARNING - diff_pkt_count  , diff_gps_count ,  diff_pkt_timstamp
11-07-2026 16:58 - WARNING - 1882541 29 29207927 microseconds
11-07-2026 16:58 - WARNING - No packet loss: /data/dsp/GBD_TRANSIENT_BUFFER/J1136+1551/11_07_2026/PDR_GULP_data001.pcap_11_07_2026_16_50_1783768842.PCAP_PDR
11-07-2026 16:58 - WARNING - first_pkt_count, first_gps_count, first_pkt_Tstamp
11-07-2026 16:58 - WARNING - 1881646427 7701 2026-07-11T11:20:10.758852
11-07-2026 16:58 - WARNING - last_pkt_count, last_gps_count, last_pkt_Tstamp
11-07-2026 16:58 - WARNING - 1883528968 7730 2026-07-11T11:20:39.966715
11-07-2026 16:58 - WARNING - diff_pkt_count  , diff_gps_count ,  diff_pkt_timstamp
11-07-2026 16:58 - WARNING - 1882541 29 29207863 microseconds
11-07-2026 16:58 - WARNING - No packet loss: /data/dsp/GBD_TRANSIENT_BUFFER/J1136+1551/11_07_2026/PDR_GULP_data002.pcap_11_07_2026_16_51_1783768872.PCAP_PDR
11-07-2026 16:58 - WARNING - first_pkt_count, first_gps_count, first_pkt_Tstamp
11-07-2026 16:58 - WARNING - 1883528969 7730 2026-07-11T11:20:39.966715
11-07-2026 16:58 - WARNING - last_pkt_count, last_gps_count, last_pkt_Tstamp
11-07-2026 16:58 - WARNING - 1885411511 7760 2026-07-11T11:21:09.174655
11-07-2026 16:58 - WARNING - diff_pkt_count  , diff_gps_count ,  diff_pkt_timstamp
11-07-2026 16:58 - WARNING - 1882542 30 29207940 microseconds
11-07-2026 16:58 - WARNING - No packet loss: /data/dsp/GBD_TRANSIENT_BUFFER/J1136+1551/11_07_2026/PDR_GULP_data000.pcap_11_07_2026_16_51_1783768901.PCAP_PDR
11-07-2026 16:58 - WARNING - first_pkt_count, first_gps_count, first_pkt_Tstamp
11-07-2026 16:58 - WARNING - 1885411512 7760 2026-07-11T11:21:09.174655
11-07-2026 16:58 - WARNING - last_pkt_count, last_gps_count, last_pkt_Tstamp
11-07-2026 16:58 - WARNING - 1887294053 7789 2026-07-11T11:21:38.382534
11-07-2026 16:58 - WARNING - diff_pkt_count  , diff_gps_count ,  diff_pkt_timstamp
11-07-2026 16:58 - WARNING - 1882541 29 29207879 microseconds
11-07-2026 16:58 - WARNING - No packet loss: /data/dsp/GBD_TRANSIENT_BUFFER/J1136+1551/11_07_2026/PDR_GULP_data001.pcap_11_07_2026_16_52_1783768930.PCAP_PDR
11-07-2026 16:58 - WARNING - first_pkt_count, first_gps_count, first_pkt_Tstamp
11-07-2026 16:58 - WARNING - 1887294054 7789 2026-07-11T11:21:38.382588
11-07-2026 16:58 - WARNING - last_pkt_count, last_gps_count, last_pkt_Tstamp
11-07-2026 16:58 - WARNING - 1889176595 7818 2026-07-11T11:22:07.590497
11-07-2026 16:58 - WARNING - diff_pkt_count  , diff_gps_count ,  diff_pkt_timstamp
11-07-2026 16:58 - WARNING - 1882541 29 29207909 microseconds
11-07-2026 16:58 - WARNING - No packet loss: /data/dsp/GBD_TRANSIENT_BUFFER/J1136+1551/11_07_2026/PDR_GULP_data002.pcap_11_07_2026_16_52_1783768959.PCAP_PDR
11-07-2026 16:58 - WARNING - first_pkt_count, first_gps_count, first_pkt_Tstamp
11-07-2026 16:58 - WARNING - 1889176596 7818 2026-07-11T11:22:07.590497
11-07-2026 16:58 - WARNING - last_pkt_count, last_gps_count, last_pkt_Tstamp
11-07-2026 16:58 - WARNING - 1891059137 7847 2026-07-11T11:22:36.798476
11-07-2026 16:58 - WARNING - diff_pkt_count  , diff_gps_count ,  diff_pkt_timstamp
11-07-2026 16:58 - WARNING - 1882541 29 29207979 microseconds
11-07-2026 16:58 - WARNING - No packet loss: /data/dsp/GBD_TRANSIENT_BUFFER/J1136+1551/11_07_2026/PDR_GULP_data000.pcap_11_07_2026_16_53_1783768989.PCAP_PDR
11-07-2026 16:58 - WARNING - first_pkt_count, first_gps_count, first_pkt_Tstamp
11-07-2026 16:58 - WARNING - 1891059138 7847 2026-07-11T11:22:36.798476
11-07-2026 16:58 - WARNING - last_pkt_count, last_gps_count, last_pkt_Tstamp
11-07-2026 16:58 - WARNING - 1892941679 7877 2026-07-11T11:23:06.006333
11-07-2026 16:58 - WARNING - diff_pkt_count  , diff_gps_count ,  diff_pkt_timstamp
11-07-2026 16:58 - WARNING - 1882541 30 29207857 microseconds
11-07-2026 16:58 - WARNING - No packet loss: /data/dsp/GBD_TRANSIENT_BUFFER/J1136+1551/11_07_2026/PDR_GULP_data001.pcap_11_07_2026_16_53_1783769018.PCAP_PDR
11-07-2026 16:58 - WARNING - first_pkt_count, first_gps_count, first_pkt_Tstamp
11-07-2026 16:58 - WARNING - 1892941680 7877 2026-07-11T11:23:06.006333
11-07-2026 16:58 - WARNING - last_pkt_count, last_gps_count, last_pkt_Tstamp
11-07-2026 16:58 - WARNING - 1894824221 7906 2026-07-11T11:23:35.214251
11-07-2026 16:58 - WARNING - diff_pkt_count  , diff_gps_count ,  diff_pkt_timstamp
11-07-2026 16:58 - WARNING - 1882541 29 29207918 microseconds
11-07-2026 16:58 - WARNING - No packet loss: /data/dsp/GBD_TRANSIENT_BUFFER/J1136+1551/11_07_2026/PDR_GULP_data002.pcap_11_07_2026_16_54_1783769047.PCAP_PDR
11-07-2026 16:58 - WARNING - first_pkt_count, first_gps_count, first_pkt_Tstamp
11-07-2026 16:58 - WARNING - 1894824222 7906 2026-07-11T11:23:35.214251
11-07-2026 16:58 - WARNING - last_pkt_count, last_gps_count, last_pkt_Tstamp
11-07-2026 16:58 - WARNING - 1896706764 7935 2026-07-11T11:24:04.422233
11-07-2026 16:58 - WARNING - diff_pkt_count  , diff_gps_count ,  diff_pkt_timstamp
11-07-2026 16:58 - WARNING - 1882542 29 29207982 microseconds
11-07-2026 16:58 - WARNING - No packet loss: /data/dsp/GBD_TRANSIENT_BUFFER/J1136+1551/11_07_2026/PDR_GULP_data000.pcap_11_07_2026_16_54_1783769076.PCAP_PDR
11-07-2026 16:58 - WARNING - first_pkt_count, first_gps_count, first_pkt_Tstamp
11-07-2026 16:58 - WARNING - 1896706765 7935 2026-07-11T11:24:04.422233
11-07-2026 16:58 - WARNING - last_pkt_count, last_gps_count, last_pkt_Tstamp
11-07-2026 16:58 - WARNING - 1898589306 7964 2026-07-11T11:24:33.630094
11-07-2026 16:58 - WARNING - diff_pkt_count  , diff_gps_count ,  diff_pkt_timstamp
11-07-2026 16:58 - WARNING - 1882541 29 29207861 microseconds
11-07-2026 16:58 - WARNING - No packet loss: /data/dsp/GBD_TRANSIENT_BUFFER/J1136+1551/11_07_2026/PDR_GULP_data001.pcap_11_07_2026_16_55_1783769105.PCAP_PDR
11-07-2026 16:58 - WARNING - first_pkt_count, first_gps_count, first_pkt_Tstamp
11-07-2026 16:58 - WARNING - 1898589307 7964 2026-07-11T11:24:33.630094
11-07-2026 16:58 - WARNING - last_pkt_count, last_gps_count, last_pkt_Tstamp
11-07-2026 16:58 - WARNING - 1900471848 7993 2026-07-11T11:25:02.838046
11-07-2026 16:58 - WARNING - diff_pkt_count  , diff_gps_count ,  diff_pkt_timstamp
11-07-2026 16:58 - WARNING - 1882541 29 29207952 microseconds
11-07-2026 16:58 - WARNING - No packet loss: /data/dsp/GBD_TRANSIENT_BUFFER/J1136+1551/11_07_2026/PDR_GULP_data002.pcap_11_07_2026_16_55_1783769135.PCAP_PDR
11-07-2026 16:58 - WARNING - first_pkt_count, first_gps_count, first_pkt_Tstamp
11-07-2026 16:58 - WARNING - 1900471849 7993 2026-07-11T11:25:02.838046
11-07-2026 16:58 - WARNING - last_pkt_count, last_gps_count, last_pkt_Tstamp
11-07-2026 16:58 - WARNING - 1902354390 8023 2026-07-11T11:25:32.045960
11-07-2026 16:58 - WARNING - diff_pkt_count  , diff_gps_count ,  diff_pkt_timstamp
11-07-2026 16:58 - WARNING - 1882541 30 29207914 microseconds
11-07-2026 16:58 - WARNING - No packet loss: /data/dsp/GBD_TRANSIENT_BUFFER/J1136+1551/11_07_2026/PDR_GULP_data000.pcap_11_07_2026_16_56_1783769164.PCAP_PDR
11-07-2026 16:58 - WARNING - first_pkt_count, first_gps_count, first_pkt_Tstamp
11-07-2026 16:58 - WARNING - 1902354391 8023 2026-07-11T11:25:32.045961
11-07-2026 16:58 - WARNING - last_pkt_count, last_gps_count, last_pkt_Tstamp
11-07-2026 16:58 - WARNING - 1904236932 8052 2026-07-11T11:26:01.253880
11-07-2026 16:58 - WARNING - diff_pkt_count  , diff_gps_count ,  diff_pkt_timstamp
11-07-2026 16:58 - WARNING - 1882541 29 29207919 microseconds
11-07-2026 16:58 - WARNING - No packet loss: /data/dsp/GBD_TRANSIENT_BUFFER/J1136+1551/11_07_2026/PDR_GULP_data001.pcap_11_07_2026_16_56_1783769193.PCAP_PDR
11-07-2026 16:58 - WARNING - first_pkt_count, first_gps_count, first_pkt_Tstamp
11-07-2026 16:58 - WARNING - 1904236933 8052 2026-07-11T11:26:01.253880
11-07-2026 16:58 - WARNING - last_pkt_count, last_gps_count, last_pkt_Tstamp
11-07-2026 16:58 - WARNING - 1906119474 8081 2026-07-11T11:26:30.461771
11-07-2026 16:58 - WARNING - diff_pkt_count  , diff_gps_count ,  diff_pkt_timstamp
11-07-2026 16:58 - WARNING - 1882541 29 29207891 microseconds
11-07-2026 16:58 - WARNING - No packet loss: /data/dsp/GBD_TRANSIENT_BUFFER/J1136+1551/11_07_2026/PDR_GULP_data002.pcap_11_07_2026_16_57_1783769222.PCAP_PDR
11-07-2026 16:58 - WARNING - first_pkt_count, first_gps_count, first_pkt_Tstamp
11-07-2026 16:58 - WARNING - 1906119475 8081 2026-07-11T11:26:30.461823
11-07-2026 16:58 - WARNING - last_pkt_count, last_gps_count, last_pkt_Tstamp
11-07-2026 16:58 - WARNING - 1908002017 8110 2026-07-11T11:26:59.669730
11-07-2026 16:58 - WARNING - diff_pkt_count  , diff_gps_count ,  diff_pkt_timstamp
11-07-2026 16:58 - WARNING - 1882542 29 29207907 microseconds
11-07-2026 16:58 - WARNING - No packet loss: /data/dsp/GBD_TRANSIENT_BUFFER/J1136+1551/11_07_2026/PDR_GULP_data000.pcap_11_07_2026_16_57_1783769251.PCAP_PDR
11-07-2026 16:58 - WARNING - first_pkt_count, first_gps_count, first_pkt_Tstamp
11-07-2026 16:58 - WARNING - 1908002018 8110 2026-07-11T11:26:59.669730
11-07-2026 16:58 - WARNING - last_pkt_count, last_gps_count, last_pkt_Tstamp
11-07-2026 16:58 - WARNING - 1909884559 8139 2026-07-11T11:27:28.877683
11-07-2026 16:58 - WARNING - diff_pkt_count  , diff_gps_count ,  diff_pkt_timstamp
11-07-2026 16:58 - WARNING - 1882541 29 29207953 microseconds
11-07-2026 16:58 - WARNING - No packet loss: /data/dsp/GBD_TRANSIENT_BUFFER/J1136+1551/11_07_2026/PDR_GULP_data001.pcap_11_07_2026_16_58_1783769281.PCAP_PDR
11-07-2026 16:58 - WARNING - first_pkt_count, first_gps_count, first_pkt_Tstamp
11-07-2026 16:58 - WARNING - 1909884560 8139 2026-07-11T11:27:28.877683
11-07-2026 16:58 - WARNING - last_pkt_count, last_gps_count, last_pkt_Tstamp
11-07-2026 16:58 - WARNING - 1911767101 8169 2026-07-11T11:27:58.085548
11-07-2026 16:58 - WARNING - diff_pkt_count  , diff_gps_count ,  diff_pkt_timstamp
11-07-2026 16:58 - WARNING - 1882541 30 29207865 microseconds
11-07-2026 16:58 SLIP check Finished...
11-07-2026 16:58 Pulsar data reduction pipeline started ...
11-07-2026 16:58 - WARNING - Data Directory: /data/dsp/GBD_TRANSIENT_BUFFER/J1136+1551/11_07_2026
11-07-2026 16:58 - WARNING - Pulsar: J1136+1551
11-07-2026 16:58 - WARNING - CH selelction: 0
11-07-2026 16:58 - WARNING - Phase file: /home/dsp/PDR_acquire_setup/dada_scripts/phase/rf_path_phase.dat
11-07-2026 16:58 - WARNING - Obs. logfile: /home/dsp/PDR_acquire_setup/master_obs_log/J1136+1551_11_07_2026_observation.log
11-07-2026 16:58 - WARNING - Observation start time: 2026_07_11_16_19_30
11-07-2026 16:58 - WARNING - parfile: /home/dsp/parfiles/J1136+1551.par
11-07-2026 16:58 - WARNING - DM: 4.7839708
11-07-2026 16:58 - WARNING - Period: 1.1879172746306588
11-07-2026 16:58 - WARNING - RA_DEC: 11:36:03.0688639+15:51:17.49387
11-07-2026 16:58 - WARNING - out_dada_file: J1136+1551_2026_07_11_16_19_30_type_0.dada
11-07-2026 16:58 - WARNING - Number of files to process: 80
11-07-2026 16:58 - WARNING - Files per batch:  17
11-07-2026 17:27 - WARNING - Time taken for PDR2DADA convertion: 0:29:17.781119
11-07-2026 17:27 - WARNING - Center_freq: 175
11-07-2026 17:27 - WARNING - int_time: 3.0
11-07-2026 17:27 - WARNING - nbins: 256
11-07-2026 17:27 - WARNING - fil_chan: 256
11-07-2026 17:27 - WARNING - cpu: 2,3,4,5,6,7,8,9,10,11,12,13,14,15,16
11-07-2026 17:27 - WARNING - thread: 32
11-07-2026 17:27 - WARNING - nbit: 8
11-07-2026 17:27 - WARNING - time_avg: 0.000256
11-07-2026 17:27 - WARNING - MJD_START: 61232.451049304465
11-07-2026 17:27 - WARNING - output: J1136+1551_61232.45_175MHz_type_0_GBD_DART
11-07-2026 17:27 - WARNING - singularity_container: singularity exec /home/dsp/singularity_imag/pschive_py3.sif  
11-07-2026 17:27 - WARNING - ------ DIGIFITS ------
11-07-2026 17:27 - WARNING - ---- Search Mode FITS -------
11-07-2026 17:27 - WARNING - digifits_ful_stokes_cmd: singularity exec /home/dsp/singularity_imag/pschive_py3.sif  digifits  -F 256 -x 256 -b 8 -p 4 -t 0.000256 J1136+1551_2026_07_11_16_19_30_type_0.dada -o J1136+1551_2026_07_11_16_19_30_type_0.dada_stokes.fits
11-07-2026 17:57 - WARNING - ------ Total intensity FITS -------
11-07-2026 17:57 - WARNING - digifits_total_intensity_cmd: singularity exec /home/dsp/singularity_imag/pschive_py3.sif  digifits  -F 256 -x 256 -b 8 -p 1 -t 0.000256 J1136+1551_2026_07_11_16_19_30_type_0.dada -o J1136+1551_2026_07_11_16_19_30_type_0.dada_intensity.fits
11-07-2026 18:20 - WARNING - Nchan: 256
11-07-2026 18:20 - WARNING - Nbin: 256
11-07-2026 18:20 - WARNING - Tavg: 0.000256
11-07-2026 18:20 - WARNING - Time taken for DIGIFITS run: 0:52:36.947523
11-07-2026 18:20 - WARNING - ------ DSPSR ------
11-07-2026 18:20 - WARNING - ------- Coherent Dedispersion Folded archive -------
11-07-2026 18:20 - WARNING - dspsr_cmd: singularity exec /home/dsp/singularity_imag/pschive_py3.sif  dspsr J1136+1551_2026_07_11_16_19_30_type_0.dada -cpu 2,3,4,5,6,7,8,9,10,11,12,13,14,15,16 -t 32 -E /home/dsp/parfiles/J1136+1551.par -L 3.0 -b 256 -F 256:D -N J1136+1551 -a PSRFITS -A -e .fits -O J1136+1551_61232.45_175MHz_type_0_GBD_DART
11-07-2026 18:28 - WARNING - ------- Incoherent Dedispersion Folded archive -------
11-07-2026 18:28 - WARNING - Incoherent_DD_dspsr_cmd: singularity exec /home/dsp/singularity_imag/pschive_py3.sif  dspsr J1136+1551_2026_07_11_16_19_30_type_0.dada_stokes.fits -cpu 2,3,4,5,6,7,8,9,10,11,12,13,14,15,16 -t 32 -E /home/dsp/parfiles/J1136+1551.par -L 3.0 -b 256 -N J1136+1551 -A -e .fits -O J1136+1551_61232.45_175MHz_type_0_GBD_DART_stokes_Incoherent_DD
11-07-2026 18:29 - WARNING - Time taken for DSPSR run: 0:09:13.107665
11-07-2026 18:29 - WARNING - ------ PSREDIT ------
11-07-2026 18:29 - WARNING - psredit_cmd: singularity exec /home/dsp/singularity_imag/pschive_py3.sif  psredit -c name=J1136+1551,be:name=GSB,coord=11:36:03.0688639+15:51:17.49387 -m *_GBD_DART*fits
11-07-2026 18:29 - WARNING - Time taken for PSREDIT run: 0:00:08.539750
11-07-2026 18:29 - WARNING - ------ Iterative RFI Cleaner ------
11-07-2026 18:29 - WARNING - Iterative_cleaner_cmd: singularity exec /home/dsp/singularity_imag/pschive_py3.sif   python3 /home/dsp/PDR_acquire_setup/iterative_cleaner.py -s 3 -c 3 -m 10 *_GBD_DART*fits
11-07-2026 18:34 - WARNING - Time taken for Iterative_cleaner run: 0:04:40.152337
11-07-2026 18:34 - WARNING - ------ PDMP ------
11-07-2026 18:34 - WARNING - pdmp_cmd1: singularity exec /home/dsp/singularity_imag/pschive_py3.sif  pdmp -dr 2 -ds 0.05 -g J1136+1551_61232.45_175MHz_type_0_GBD_DART.fits_cleaned.ar.ps/cps J1136+1551_61232.45_175MHz_type_0_GBD_DART.fits_cleaned.ar
11-07-2026 18:40 - WARNING - pdmp_cmd2: singularity exec /home/dsp/singularity_imag/pschive_py3.sif  pdmp -dr 2 -ds 0.05 -g J1136+1551_61232.45_175MHz_type_0_GBD_DART_stokes_Incoherent_DD.fits_cleaned.ar.ps/cps J1136+1551_61232.45_175MHz_type_0_GBD_DART_stokes_Incoherent_DD.fits_cleaned.ar
11-07-2026 18:46 - WARNING - Time taken for PDMP run: 0:11:44.995588
11-07-2026 18:46 - WARNING - ------ PS2PDF ------
11-07-2026 18:46 - WARNING - ps2pdf_cmd1: singularity exec /home/dsp/singularity_imag/pschive_py3.sif  ps2pdf J1136+1551_61232.45_175MHz_type_0_GBD_DART.fits_cleaned.ar.ps J1136+1551_61232.45_175MHz_type_0_GBD_DART.fits_cleaned.ar.ps.pdf
11-07-2026 18:46 - WARNING - ps2pdf_cmd2: singularity exec /home/dsp/singularity_imag/pschive_py3.sif  ps2pdf J1136+1551_61232.45_175MHz_type_0_GBD_DART_stokes_Incoherent_DD.fits_cleaned.ar.ps J1136+1551_61232.45_175MHz_type_0_GBD_DART_stokes_Incoherent_DD.fits_cleaned.ar.ps.pdf
11-07-2026 18:46 - WARNING - Time taken for PDMP run: 0:00:01.155847
11-07-2026 18:46 - WARNING - Overall time taken for data reduction: 1:47:43.367306
11-07-2026 18:46 - WARNING - J1136+1551_2026_07_11_16_19_30_type_0.dada... file removed
11-07-2026 18:46 - WARNING - All done!
11-07-2026 18:46 --- PRESTO ---
11-07-2026 18:46 singularity_container: singularity exec /home/dsp/singularity_imag/pschive_py3.sif  
11-07-2026 18:46 Filterbank to Process for PULSAR: J1136+1551 with DM:4.7839708 : J1136+1551_2026_07_11_16_19_30_type_0.dada_intensity.fits
11-07-2026 18:46 --- RFIFIND ---
11-07-2026 18:46 RFIFIND: singularity exec /home/dsp/singularity_imag/pschive_py3.sif   rfifind -time 2.0 -o J1136+1551 J1136+1551_2026_07_11_16_19_30_type_0.dada_intensity.fits
11-07-2026 18:47 --- PREPDATA ---
11-07-2026 18:47 PREPDATA: singularity exec /home/dsp/singularity_imag/pschive_py3.sif   prepdata -nobary -o J1136+1551_2026_07_11_16_19_30_type_0.dada_intensity.fits -dm 4.7839708 -mask J1136+1551_rfifind.mask J1136+1551_2026_07_11_16_19_30_type_0.dada_intensity.fits
11-07-2026 18:47 --- REALFFT ---
11-07-2026 18:47 REALFFT: singularity exec /home/dsp/singularity_imag/pschive_py3.sif   realfft  J1136+1551_2026_07_11_16_19_30_type_0.dada_intensity.fits.dat
11-07-2026 18:47 --- ACCELSEARCH ---
11-07-2026 18:47 ACCELSEARCH: singularity exec /home/dsp/singularity_imag/pschive_py3.sif   accelsearch -numharm 8 -zmax 8  J1136+1551_2026_07_11_16_19_30_type_0.dada_intensity.fits.fft
11-07-2026 18:47 Observation Over.
