01-08-2026 00:03 Waiting for J2041+4551 observation...
01-08-2026 00:08 Observation started...
01-08-2026 00:08 Pulsar: J2041+4551 , parfile: /home/dsp/parfiles/J2041+4551.par , DM: 192.91
01-08-2026 00:08 Trigger sent to obs. PC [VELA].
01-08-2026 00:43 Acquired 80.
01-08-2026 00:43 ACQ over.
01-08-2026 00:43 Removing Trigger file from remote machine 
01-08-2026 00:43 Observation stoped.
-rw------- 1 dsp dsp 2.0G Aug  1 00:04 /data/TRANSIENT_BUFFER/PDR_GULP_data001.pcap_01_08_2026_00_04_1785522858.PCAP_PDR
-rw------- 1 dsp dsp 2.0G Aug  1 00:04 /data/TRANSIENT_BUFFER/PDR_GULP_data002.pcap_01_08_2026_00_04_1785522887.PCAP_PDR
-rw------- 1 dsp dsp 2.0G Aug  1 00:05 /data/TRANSIENT_BUFFER/PDR_GULP_data000.pcap_01_08_2026_00_05_1785522916.PCAP_PDR
-rw------- 1 dsp dsp 2.0G Aug  1 00:05 /data/TRANSIENT_BUFFER/PDR_GULP_data001.pcap_01_08_2026_00_05_1785522945.PCAP_PDR
-rw------- 1 dsp dsp 2.0G Aug  1 00:06 /data/TRANSIENT_BUFFER/PDR_GULP_data002.pcap_01_08_2026_00_06_1785522975.PCAP_PDR
-rw------- 1 dsp dsp 2.0G Aug  1 00:06 /data/TRANSIENT_BUFFER/PDR_GULP_data000.pcap_01_08_2026_00_06_1785523004.PCAP_PDR
-rw------- 1 dsp dsp 2.0G Aug  1 00:07 /data/TRANSIENT_BUFFER/PDR_GULP_data001.pcap_01_08_2026_00_07_1785523033.PCAP_PDR
-rw------- 1 dsp dsp 2.0G Aug  1 00:07 /data/TRANSIENT_BUFFER/PDR_GULP_data002.pcap_01_08_2026_00_07_1785523062.PCAP_PDR
-rw------- 1 dsp dsp 2.0G Aug  1 00:08 /data/TRANSIENT_BUFFER/PDR_GULP_data000.pcap_01_08_2026_00_08_1785523091.PCAP_PDR
-rw------- 1 dsp dsp 2.0G Aug  1 00:08 /data/TRANSIENT_BUFFER/PDR_GULP_data001.pcap_01_08_2026_00_08_1785523121.PCAP_PDR
-rw------- 1 dsp dsp 2.0G Aug  1 00:09 /data/TRANSIENT_BUFFER/PDR_GULP_data002.pcap_01_08_2026_00_09_1785523150.PCAP_PDR
-rw------- 1 dsp dsp 2.0G Aug  1 00:09 /data/TRANSIENT_BUFFER/PDR_GULP_data000.pcap_01_08_2026_00_09_1785523179.PCAP_PDR
-rw------- 1 dsp dsp 2.0G Aug  1 00:10 /data/TRANSIENT_BUFFER/PDR_GULP_data001.pcap_01_08_2026_00_10_1785523208.PCAP_PDR
-rw------- 1 dsp dsp 2.0G Aug  1 00:10 /data/TRANSIENT_BUFFER/PDR_GULP_data002.pcap_01_08_2026_00_10_1785523237.PCAP_PDR
-rw------- 1 dsp dsp 2.0G Aug  1 00:11 /data/TRANSIENT_BUFFER/PDR_GULP_data000.pcap_01_08_2026_00_11_1785523267.PCAP_PDR
-rw------- 1 dsp dsp 2.0G Aug  1 00:11 /data/TRANSIENT_BUFFER/PDR_GULP_data001.pcap_01_08_2026_00_11_1785523296.PCAP_PDR
-rw------- 1 dsp dsp 2.0G Aug  1 00:12 /data/TRANSIENT_BUFFER/PDR_GULP_data002.pcap_01_08_2026_00_12_1785523325.PCAP_PDR
-rw------- 1 dsp dsp 2.0G Aug  1 00:12 /data/TRANSIENT_BUFFER/PDR_GULP_data000.pcap_01_08_2026_00_12_1785523354.PCAP_PDR
-rw------- 1 dsp dsp 2.0G Aug  1 00:13 /data/TRANSIENT_BUFFER/PDR_GULP_data001.pcap_01_08_2026_00_13_1785523383.PCAP_PDR
-rw------- 1 dsp dsp 2.0G Aug  1 00:13 /data/TRANSIENT_BUFFER/PDR_GULP_data002.pcap_01_08_2026_00_13_1785523413.PCAP_PDR
-rw------- 1 dsp dsp 2.0G Aug  1 00:13 /data/TRANSIENT_BUFFER/PDR_GULP_data000.pcap_01_08_2026_00_14_1785523442.PCAP_PDR
-rw------- 1 dsp dsp 2.0G Aug  1 00:14 /data/TRANSIENT_BUFFER/PDR_GULP_data001.pcap_01_08_2026_00_14_1785523471.PCAP_PDR
-rw------- 1 dsp dsp 2.0G Aug  1 00:14 /data/TRANSIENT_BUFFER/PDR_GULP_data002.pcap_01_08_2026_00_15_1785523500.PCAP_PDR
-rw------- 1 dsp dsp 2.0G Aug  1 00:15 /data/TRANSIENT_BUFFER/PDR_GULP_data000.pcap_01_08_2026_00_15_1785523529.PCAP_PDR
-rw------- 1 dsp dsp 2.0G Aug  1 00:15 /data/TRANSIENT_BUFFER/PDR_GULP_data001.pcap_01_08_2026_00_15_1785523559.PCAP_PDR
-rw------- 1 dsp dsp 2.0G Aug  1 00:16 /data/TRANSIENT_BUFFER/PDR_GULP_data002.pcap_01_08_2026_00_16_1785523588.PCAP_PDR
-rw------- 1 dsp dsp 2.0G Aug  1 00:16 /data/TRANSIENT_BUFFER/PDR_GULP_data000.pcap_01_08_2026_00_16_1785523617.PCAP_PDR
-rw------- 1 dsp dsp 2.0G Aug  1 00:17 /data/TRANSIENT_BUFFER/PDR_GULP_data001.pcap_01_08_2026_00_17_1785523646.PCAP_PDR
-rw------- 1 dsp dsp 2.0G Aug  1 00:17 /data/TRANSIENT_BUFFER/PDR_GULP_data002.pcap_01_08_2026_00_17_1785523676.PCAP_PDR
-rw------- 1 dsp dsp 2.0G Aug  1 00:18 /data/TRANSIENT_BUFFER/PDR_GULP_data000.pcap_01_08_2026_00_18_1785523705.PCAP_PDR
-rw------- 1 dsp dsp 2.0G Aug  1 00:18 /data/TRANSIENT_BUFFER/PDR_GULP_data001.pcap_01_08_2026_00_18_1785523734.PCAP_PDR
-rw------- 1 dsp dsp 2.0G Aug  1 00:19 /data/TRANSIENT_BUFFER/PDR_GULP_data002.pcap_01_08_2026_00_19_1785523763.PCAP_PDR
-rw------- 1 dsp dsp 2.0G Aug  1 00:19 /data/TRANSIENT_BUFFER/PDR_GULP_data000.pcap_01_08_2026_00_19_1785523792.PCAP_PDR
-rw------- 1 dsp dsp 2.0G Aug  1 00:20 /data/TRANSIENT_BUFFER/PDR_GULP_data001.pcap_01_08_2026_00_20_1785523822.PCAP_PDR
-rw------- 1 dsp dsp 2.0G Aug  1 00:20 /data/TRANSIENT_BUFFER/PDR_GULP_data002.pcap_01_08_2026_00_20_1785523851.PCAP_PDR
-rw------- 1 dsp dsp 2.0G Aug  1 00:21 /data/TRANSIENT_BUFFER/PDR_GULP_data000.pcap_01_08_2026_00_21_1785523880.PCAP_PDR
-rw------- 1 dsp dsp 2.0G Aug  1 00:21 /data/TRANSIENT_BUFFER/PDR_GULP_data001.pcap_01_08_2026_00_21_1785523909.PCAP_PDR
-rw------- 1 dsp dsp 2.0G Aug  1 00:22 /data/TRANSIENT_BUFFER/PDR_GULP_data002.pcap_01_08_2026_00_22_1785523938.PCAP_PDR
-rw------- 1 dsp dsp 2.0G Aug  1 00:22 /data/TRANSIENT_BUFFER/PDR_GULP_data000.pcap_01_08_2026_00_22_1785523968.PCAP_PDR
-rw------- 1 dsp dsp 2.0G Aug  1 00:23 /data/TRANSIENT_BUFFER/PDR_GULP_data001.pcap_01_08_2026_00_23_1785523997.PCAP_PDR
-rw------- 1 dsp dsp 2.0G Aug  1 00:23 /data/TRANSIENT_BUFFER/PDR_GULP_data002.pcap_01_08_2026_00_23_1785524026.PCAP_PDR
-rw------- 1 dsp dsp 2.0G Aug  1 00:24 /data/TRANSIENT_BUFFER/PDR_GULP_data000.pcap_01_08_2026_00_24_1785524055.PCAP_PDR
-rw------- 1 dsp dsp 2.0G Aug  1 00:24 /data/TRANSIENT_BUFFER/PDR_GULP_data001.pcap_01_08_2026_00_24_1785524084.PCAP_PDR
-rw------- 1 dsp dsp 2.0G Aug  1 00:25 /data/TRANSIENT_BUFFER/PDR_GULP_data002.pcap_01_08_2026_00_25_1785524114.PCAP_PDR
-rw------- 1 dsp dsp 2.0G Aug  1 00:25 /data/TRANSIENT_BUFFER/PDR_GULP_data000.pcap_01_08_2026_00_25_1785524143.PCAP_PDR
-rw------- 1 dsp dsp 2.0G Aug  1 00:26 /data/TRANSIENT_BUFFER/PDR_GULP_data001.pcap_01_08_2026_00_26_1785524172.PCAP_PDR
-rw------- 1 dsp dsp 2.0G Aug  1 00:26 /data/TRANSIENT_BUFFER/PDR_GULP_data002.pcap_01_08_2026_00_26_1785524201.PCAP_PDR
-rw------- 1 dsp dsp 2.0G Aug  1 00:27 /data/TRANSIENT_BUFFER/PDR_GULP_data000.pcap_01_08_2026_00_27_1785524230.PCAP_PDR
-rw------- 1 dsp dsp 2.0G Aug  1 00:27 /data/TRANSIENT_BUFFER/PDR_GULP_data001.pcap_01_08_2026_00_27_1785524260.PCAP_PDR
-rw------- 1 dsp dsp 2.0G Aug  1 00:28 /data/TRANSIENT_BUFFER/PDR_GULP_data002.pcap_01_08_2026_00_28_1785524289.PCAP_PDR
-rw------- 1 dsp dsp 2.0G Aug  1 00:28 /data/TRANSIENT_BUFFER/PDR_GULP_data000.pcap_01_08_2026_00_28_1785524318.PCAP_PDR
-rw------- 1 dsp dsp 2.0G Aug  1 00:29 /data/TRANSIENT_BUFFER/PDR_GULP_data001.pcap_01_08_2026_00_29_1785524347.PCAP_PDR
-rw------- 1 dsp dsp 2.0G Aug  1 00:29 /data/TRANSIENT_BUFFER/PDR_GULP_data002.pcap_01_08_2026_00_29_1785524377.PCAP_PDR
-rw------- 1 dsp dsp 2.0G Aug  1 00:30 /data/TRANSIENT_BUFFER/PDR_GULP_data000.pcap_01_08_2026_00_30_1785524406.PCAP_PDR
-rw------- 1 dsp dsp 2.0G Aug  1 00:30 /data/TRANSIENT_BUFFER/PDR_GULP_data001.pcap_01_08_2026_00_30_1785524435.PCAP_PDR
-rw------- 1 dsp dsp 2.0G Aug  1 00:31 /data/TRANSIENT_BUFFER/PDR_GULP_data002.pcap_01_08_2026_00_31_1785524464.PCAP_PDR
-rw------- 1 dsp dsp 2.0G Aug  1 00:31 /data/TRANSIENT_BUFFER/PDR_GULP_data000.pcap_01_08_2026_00_31_1785524493.PCAP_PDR
-rw------- 1 dsp dsp 2.0G Aug  1 00:32 /data/TRANSIENT_BUFFER/PDR_GULP_data001.pcap_01_08_2026_00_32_1785524523.PCAP_PDR
-rw------- 1 dsp dsp 2.0G Aug  1 00:32 /data/TRANSIENT_BUFFER/PDR_GULP_data002.pcap_01_08_2026_00_32_1785524552.PCAP_PDR
-rw------- 1 dsp dsp 2.0G Aug  1 00:32 /data/TRANSIENT_BUFFER/PDR_GULP_data000.pcap_01_08_2026_00_33_1785524581.PCAP_PDR
-rw------- 1 dsp dsp 2.0G Aug  1 00:33 /data/TRANSIENT_BUFFER/PDR_GULP_data001.pcap_01_08_2026_00_33_1785524610.PCAP_PDR
-rw------- 1 dsp dsp 2.0G Aug  1 00:33 /data/TRANSIENT_BUFFER/PDR_GULP_data002.pcap_01_08_2026_00_33_1785524639.PCAP_PDR
-rw------- 1 dsp dsp 2.0G Aug  1 00:34 /data/TRANSIENT_BUFFER/PDR_GULP_data000.pcap_01_08_2026_00_34_1785524669.PCAP_PDR
-rw------- 1 dsp dsp 2.0G Aug  1 00:34 /data/TRANSIENT_BUFFER/PDR_GULP_data001.pcap_01_08_2026_00_34_1785524698.PCAP_PDR
-rw------- 1 dsp dsp 2.0G Aug  1 00:35 /data/TRANSIENT_BUFFER/PDR_GULP_data002.pcap_01_08_2026_00_35_1785524727.PCAP_PDR
-rw------- 1 dsp dsp 2.0G Aug  1 00:35 /data/TRANSIENT_BUFFER/PDR_GULP_data000.pcap_01_08_2026_00_35_1785524756.PCAP_PDR
-rw------- 1 dsp dsp 2.0G Aug  1 00:36 /data/TRANSIENT_BUFFER/PDR_GULP_data001.pcap_01_08_2026_00_36_1785524785.PCAP_PDR
-rw------- 1 dsp dsp 2.0G Aug  1 00:36 /data/TRANSIENT_BUFFER/PDR_GULP_data002.pcap_01_08_2026_00_36_1785524815.PCAP_PDR
-rw------- 1 dsp dsp 2.0G Aug  1 00:37 /data/TRANSIENT_BUFFER/PDR_GULP_data000.pcap_01_08_2026_00_37_1785524844.PCAP_PDR
-rw------- 1 dsp dsp 2.0G Aug  1 00:37 /data/TRANSIENT_BUFFER/PDR_GULP_data001.pcap_01_08_2026_00_37_1785524873.PCAP_PDR
-rw------- 1 dsp dsp 2.0G Aug  1 00:38 /data/TRANSIENT_BUFFER/PDR_GULP_data002.pcap_01_08_2026_00_38_1785524902.PCAP_PDR
-rw------- 1 dsp dsp 2.0G Aug  1 00:38 /data/TRANSIENT_BUFFER/PDR_GULP_data000.pcap_01_08_2026_00_38_1785524931.PCAP_PDR
-rw------- 1 dsp dsp 2.0G Aug  1 00:39 /data/TRANSIENT_BUFFER/PDR_GULP_data001.pcap_01_08_2026_00_39_1785524961.PCAP_PDR
-rw------- 1 dsp dsp 2.0G Aug  1 00:39 /data/TRANSIENT_BUFFER/PDR_GULP_data002.pcap_01_08_2026_00_39_1785524990.PCAP_PDR
-rw------- 1 dsp dsp 2.0G Aug  1 00:40 /data/TRANSIENT_BUFFER/PDR_GULP_data000.pcap_01_08_2026_00_40_1785525019.PCAP_PDR
-rw------- 1 dsp dsp 2.0G Aug  1 00:40 /data/TRANSIENT_BUFFER/PDR_GULP_data001.pcap_01_08_2026_00_40_1785525048.PCAP_PDR
-rw------- 1 dsp dsp 2.0G Aug  1 00:41 /data/TRANSIENT_BUFFER/PDR_GULP_data002.pcap_01_08_2026_00_41_1785525077.PCAP_PDR
-rw------- 1 dsp dsp 2.0G Aug  1 00:41 /data/TRANSIENT_BUFFER/PDR_GULP_data000.pcap_01_08_2026_00_41_1785525107.PCAP_PDR
-rw------- 1 dsp dsp 2.0G Aug  1 00:42 /data/TRANSIENT_BUFFER/PDR_GULP_data001.pcap_01_08_2026_00_42_1785525136.PCAP_PDR
-rw------- 1 dsp dsp 2.0G Aug  1 00:42 /data/TRANSIENT_BUFFER/PDR_GULP_data002.pcap_01_08_2026_00_42_1785525165.PCAP_PDR
01-08-2026 00:43 RAW PCAP data moved from Transient Buffer.
01-08-2026 00:43 SLIP check Started ...
01-08-2026 00:43 - WARNING - Data Directory: /data/dsp/GBD_TRANSIENT_BUFFER/J2041+4551/01_08_2026
01-08-2026 00:43 - WARNING - Number of Files: 80
01-08-2026 00:43 - WARNING - No packet loss: /data/dsp/GBD_TRANSIENT_BUFFER/J2041+4551/01_08_2026/PDR_GULP_data001.pcap_01_08_2026_00_04_1785522858.PCAP_PDR
01-08-2026 00:43 - WARNING - first_pkt_count, first_gps_count, first_pkt_Tstamp
01-08-2026 00:43 - WARNING - 3078750990 58777 2026-07-31T18:33:45.981373
01-08-2026 00:43 - WARNING - last_pkt_count, last_gps_count, last_pkt_Tstamp
01-08-2026 00:43 - WARNING - 3080633531 58807 2026-07-31T18:34:15.189337
01-08-2026 00:43 - WARNING - diff_pkt_count  , diff_gps_count ,  diff_pkt_timstamp
01-08-2026 00:43 - WARNING - 1882541 30 29207964 microseconds
01-08-2026 00:43 - WARNING - No packet loss: /data/dsp/GBD_TRANSIENT_BUFFER/J2041+4551/01_08_2026/PDR_GULP_data002.pcap_01_08_2026_00_04_1785522887.PCAP_PDR
01-08-2026 00:43 - WARNING - first_pkt_count, first_gps_count, first_pkt_Tstamp
01-08-2026 00:43 - WARNING - 3080633532 58807 2026-07-31T18:34:15.189337
01-08-2026 00:43 - WARNING - last_pkt_count, last_gps_count, last_pkt_Tstamp
01-08-2026 00:43 - WARNING - 3082516073 58836 2026-07-31T18:34:44.397213
01-08-2026 00:43 - WARNING - diff_pkt_count  , diff_gps_count ,  diff_pkt_timstamp
01-08-2026 00:43 - WARNING - 1882541 29 29207876 microseconds
01-08-2026 00:43 - WARNING - No packet loss: /data/dsp/GBD_TRANSIENT_BUFFER/J2041+4551/01_08_2026/PDR_GULP_data000.pcap_01_08_2026_00_05_1785522916.PCAP_PDR
01-08-2026 00:43 - WARNING - first_pkt_count, first_gps_count, first_pkt_Tstamp
01-08-2026 00:43 - WARNING - 3082516074 58836 2026-07-31T18:34:44.397308
01-08-2026 00:43 - WARNING - last_pkt_count, last_gps_count, last_pkt_Tstamp
01-08-2026 00:43 - WARNING - 3084398615 58865 2026-07-31T18:35:13.605174
01-08-2026 00:43 - WARNING - diff_pkt_count  , diff_gps_count ,  diff_pkt_timstamp
01-08-2026 00:43 - WARNING - 1882541 29 29207866 microseconds
01-08-2026 00:43 - WARNING - No packet loss: /data/dsp/GBD_TRANSIENT_BUFFER/J2041+4551/01_08_2026/PDR_GULP_data001.pcap_01_08_2026_00_05_1785522945.PCAP_PDR
01-08-2026 00:43 - WARNING - first_pkt_count, first_gps_count, first_pkt_Tstamp
01-08-2026 00:43 - WARNING - 3084398616 58865 2026-07-31T18:35:13.605174
01-08-2026 00:43 - WARNING - last_pkt_count, last_gps_count, last_pkt_Tstamp
01-08-2026 00:43 - WARNING - 3086281157 58894 2026-07-31T18:35:42.813123
01-08-2026 00:43 - WARNING - diff_pkt_count  , diff_gps_count ,  diff_pkt_timstamp
01-08-2026 00:43 - WARNING - 1882541 29 29207949 microseconds
01-08-2026 00:43 - WARNING - No packet loss: /data/dsp/GBD_TRANSIENT_BUFFER/J2041+4551/01_08_2026/PDR_GULP_data002.pcap_01_08_2026_00_06_1785522975.PCAP_PDR
01-08-2026 00:43 - WARNING - first_pkt_count, first_gps_count, first_pkt_Tstamp
01-08-2026 00:43 - WARNING - 3086281158 58894 2026-07-31T18:35:42.813123
01-08-2026 00:43 - WARNING - last_pkt_count, last_gps_count, last_pkt_Tstamp
01-08-2026 00:43 - WARNING - 3088163699 58924 2026-07-31T18:36:12.021014
01-08-2026 00:43 - WARNING - diff_pkt_count  , diff_gps_count ,  diff_pkt_timstamp
01-08-2026 00:43 - WARNING - 1882541 30 29207891 microseconds
01-08-2026 00:43 - WARNING - No packet loss: /data/dsp/GBD_TRANSIENT_BUFFER/J2041+4551/01_08_2026/PDR_GULP_data000.pcap_01_08_2026_00_06_1785523004.PCAP_PDR
01-08-2026 00:43 - WARNING - first_pkt_count, first_gps_count, first_pkt_Tstamp
01-08-2026 00:43 - WARNING - 3088163700 58924 2026-07-31T18:36:12.021106
01-08-2026 00:43 - WARNING - last_pkt_count, last_gps_count, last_pkt_Tstamp
01-08-2026 00:43 - WARNING - 3090046242 58953 2026-07-31T18:36:41.228980
01-08-2026 00:43 - WARNING - diff_pkt_count  , diff_gps_count ,  diff_pkt_timstamp
01-08-2026 00:43 - WARNING - 1882542 29 29207874 microseconds
01-08-2026 00:43 - WARNING - No packet loss: /data/dsp/GBD_TRANSIENT_BUFFER/J2041+4551/01_08_2026/PDR_GULP_data001.pcap_01_08_2026_00_07_1785523033.PCAP_PDR
01-08-2026 00:43 - WARNING - first_pkt_count, first_gps_count, first_pkt_Tstamp
01-08-2026 00:43 - WARNING - 3090046243 58953 2026-07-31T18:36:41.228980
01-08-2026 00:43 - WARNING - last_pkt_count, last_gps_count, last_pkt_Tstamp
01-08-2026 00:43 - WARNING - 3091928784 58982 2026-07-31T18:37:10.436946
01-08-2026 00:43 - WARNING - diff_pkt_count  , diff_gps_count ,  diff_pkt_timstamp
01-08-2026 00:43 - WARNING - 1882541 29 29207966 microseconds
01-08-2026 00:43 - WARNING - No packet loss: /data/dsp/GBD_TRANSIENT_BUFFER/J2041+4551/01_08_2026/PDR_GULP_data002.pcap_01_08_2026_00_07_1785523062.PCAP_PDR
01-08-2026 00:43 - WARNING - first_pkt_count, first_gps_count, first_pkt_Tstamp
01-08-2026 00:43 - WARNING - 3091928785 58982 2026-07-31T18:37:10.436947
01-08-2026 00:43 - WARNING - last_pkt_count, last_gps_count, last_pkt_Tstamp
01-08-2026 00:43 - WARNING - 3093811326 59011 2026-07-31T18:37:39.644890
01-08-2026 00:43 - WARNING - diff_pkt_count  , diff_gps_count ,  diff_pkt_timstamp
01-08-2026 00:43 - WARNING - 1882541 29 29207943 microseconds
01-08-2026 00:43 - WARNING - No packet loss: /data/dsp/GBD_TRANSIENT_BUFFER/J2041+4551/01_08_2026/PDR_GULP_data000.pcap_01_08_2026_00_08_1785523091.PCAP_PDR
01-08-2026 00:43 - WARNING - first_pkt_count, first_gps_count, first_pkt_Tstamp
01-08-2026 00:43 - WARNING - 3093811327 59011 2026-07-31T18:37:39.644890
01-08-2026 00:43 - WARNING - last_pkt_count, last_gps_count, last_pkt_Tstamp
01-08-2026 00:43 - WARNING - 3095693868 59040 2026-07-31T18:38:08.852840
01-08-2026 00:43 - WARNING - diff_pkt_count  , diff_gps_count ,  diff_pkt_timstamp
01-08-2026 00:43 - WARNING - 1882541 29 29207950 microseconds
01-08-2026 00:43 - WARNING - No packet loss: /data/dsp/GBD_TRANSIENT_BUFFER/J2041+4551/01_08_2026/PDR_GULP_data001.pcap_01_08_2026_00_08_1785523121.PCAP_PDR
01-08-2026 00:43 - WARNING - first_pkt_count, first_gps_count, first_pkt_Tstamp
01-08-2026 00:43 - WARNING - 3095693869 59040 2026-07-31T18:38:08.852841
01-08-2026 00:43 - WARNING - last_pkt_count, last_gps_count, last_pkt_Tstamp
01-08-2026 00:43 - WARNING - 3097576410 59070 2026-07-31T18:38:38.060712
01-08-2026 00:43 - WARNING - diff_pkt_count  , diff_gps_count ,  diff_pkt_timstamp
01-08-2026 00:43 - WARNING - 1882541 30 29207871 microseconds
01-08-2026 00:43 - WARNING - No packet loss: /data/dsp/GBD_TRANSIENT_BUFFER/J2041+4551/01_08_2026/PDR_GULP_data002.pcap_01_08_2026_00_09_1785523150.PCAP_PDR
01-08-2026 00:43 - WARNING - first_pkt_count, first_gps_count, first_pkt_Tstamp
01-08-2026 00:43 - WARNING - 3097576411 59070 2026-07-31T18:38:38.060713
01-08-2026 00:43 - WARNING - last_pkt_count, last_gps_count, last_pkt_Tstamp
01-08-2026 00:43 - WARNING - 3099458952 59099 2026-07-31T18:39:07.268603
01-08-2026 00:43 - WARNING - diff_pkt_count  , diff_gps_count ,  diff_pkt_timstamp
01-08-2026 00:43 - WARNING - 1882541 29 29207890 microseconds
01-08-2026 00:43 - WARNING - No packet loss: /data/dsp/GBD_TRANSIENT_BUFFER/J2041+4551/01_08_2026/PDR_GULP_data000.pcap_01_08_2026_00_09_1785523179.PCAP_PDR
01-08-2026 00:43 - WARNING - first_pkt_count, first_gps_count, first_pkt_Tstamp
01-08-2026 00:43 - WARNING - 3099458953 59099 2026-07-31T18:39:07.268657
01-08-2026 00:43 - WARNING - last_pkt_count, last_gps_count, last_pkt_Tstamp
01-08-2026 00:43 - WARNING - 3101341495 59128 2026-07-31T18:39:36.476550
01-08-2026 00:43 - WARNING - diff_pkt_count  , diff_gps_count ,  diff_pkt_timstamp
01-08-2026 00:43 - WARNING - 1882542 29 29207893 microseconds
01-08-2026 00:43 - WARNING - No packet loss: /data/dsp/GBD_TRANSIENT_BUFFER/J2041+4551/01_08_2026/PDR_GULP_data001.pcap_01_08_2026_00_10_1785523208.PCAP_PDR
01-08-2026 00:43 - WARNING - first_pkt_count, first_gps_count, first_pkt_Tstamp
01-08-2026 00:43 - WARNING - 3101341496 59128 2026-07-31T18:39:36.476604
01-08-2026 00:43 - WARNING - last_pkt_count, last_gps_count, last_pkt_Tstamp
01-08-2026 00:43 - WARNING - 3103224037 59157 2026-07-31T18:40:05.684514
01-08-2026 00:43 - WARNING - diff_pkt_count  , diff_gps_count ,  diff_pkt_timstamp
01-08-2026 00:43 - WARNING - 1882541 29 29207910 microseconds
01-08-2026 00:43 - WARNING - No packet loss: /data/dsp/GBD_TRANSIENT_BUFFER/J2041+4551/01_08_2026/PDR_GULP_data002.pcap_01_08_2026_00_10_1785523237.PCAP_PDR
01-08-2026 00:43 - WARNING - first_pkt_count, first_gps_count, first_pkt_Tstamp
01-08-2026 00:43 - WARNING - 3103224038 59157 2026-07-31T18:40:05.684515
01-08-2026 00:43 - WARNING - last_pkt_count, last_gps_count, last_pkt_Tstamp
01-08-2026 00:43 - WARNING - 3105106579 59186 2026-07-31T18:40:34.892410
01-08-2026 00:43 - WARNING - diff_pkt_count  , diff_gps_count ,  diff_pkt_timstamp
01-08-2026 00:43 - WARNING - 1882541 29 29207895 microseconds
01-08-2026 00:43 - WARNING - No packet loss: /data/dsp/GBD_TRANSIENT_BUFFER/J2041+4551/01_08_2026/PDR_GULP_data000.pcap_01_08_2026_00_11_1785523267.PCAP_PDR
01-08-2026 00:43 - WARNING - first_pkt_count, first_gps_count, first_pkt_Tstamp
01-08-2026 00:43 - WARNING - 3105106580 59186 2026-07-31T18:40:34.892465
01-08-2026 00:43 - WARNING - last_pkt_count, last_gps_count, last_pkt_Tstamp
01-08-2026 00:43 - WARNING - 3106989121 59216 2026-07-31T18:41:04.100356
01-08-2026 00:43 - WARNING - diff_pkt_count  , diff_gps_count ,  diff_pkt_timstamp
01-08-2026 00:43 - WARNING - 1882541 30 29207891 microseconds
01-08-2026 00:43 - WARNING - No packet loss: /data/dsp/GBD_TRANSIENT_BUFFER/J2041+4551/01_08_2026/PDR_GULP_data001.pcap_01_08_2026_00_11_1785523296.PCAP_PDR
01-08-2026 00:43 - WARNING - first_pkt_count, first_gps_count, first_pkt_Tstamp
01-08-2026 00:43 - WARNING - 3106989122 59216 2026-07-31T18:41:04.100356
01-08-2026 00:43 - WARNING - last_pkt_count, last_gps_count, last_pkt_Tstamp
01-08-2026 00:43 - WARNING - 3108871663 59245 2026-07-31T18:41:33.308275
01-08-2026 00:43 - WARNING - diff_pkt_count  , diff_gps_count ,  diff_pkt_timstamp
01-08-2026 00:43 - WARNING - 1882541 29 29207919 microseconds
01-08-2026 00:43 - WARNING - No packet loss: /data/dsp/GBD_TRANSIENT_BUFFER/J2041+4551/01_08_2026/PDR_GULP_data002.pcap_01_08_2026_00_12_1785523325.PCAP_PDR
01-08-2026 00:43 - WARNING - first_pkt_count, first_gps_count, first_pkt_Tstamp
01-08-2026 00:43 - WARNING - 3108871664 59245 2026-07-31T18:41:33.308275
01-08-2026 00:43 - WARNING - last_pkt_count, last_gps_count, last_pkt_Tstamp
01-08-2026 00:43 - WARNING - 3110754205 59274 2026-07-31T18:42:02.516191
01-08-2026 00:43 - WARNING - diff_pkt_count  , diff_gps_count ,  diff_pkt_timstamp
01-08-2026 00:43 - WARNING - 1882541 29 29207916 microseconds
01-08-2026 00:43 - WARNING - No packet loss: /data/dsp/GBD_TRANSIENT_BUFFER/J2041+4551/01_08_2026/PDR_GULP_data000.pcap_01_08_2026_00_12_1785523354.PCAP_PDR
01-08-2026 00:43 - WARNING - first_pkt_count, first_gps_count, first_pkt_Tstamp
01-08-2026 00:43 - WARNING - 3110754206 59274 2026-07-31T18:42:02.516191
01-08-2026 00:43 - WARNING - last_pkt_count, last_gps_count, last_pkt_Tstamp
01-08-2026 00:43 - WARNING - 3112636748 59303 2026-07-31T18:42:31.724110
01-08-2026 00:43 - WARNING - diff_pkt_count  , diff_gps_count ,  diff_pkt_timstamp
01-08-2026 00:43 - WARNING - 1882542 29 29207919 microseconds
01-08-2026 00:43 - WARNING - No packet loss: /data/dsp/GBD_TRANSIENT_BUFFER/J2041+4551/01_08_2026/PDR_GULP_data001.pcap_01_08_2026_00_13_1785523383.PCAP_PDR
01-08-2026 00:43 - WARNING - first_pkt_count, first_gps_count, first_pkt_Tstamp
01-08-2026 00:43 - WARNING - 3112636749 59303 2026-07-31T18:42:31.724110
01-08-2026 00:43 - WARNING - last_pkt_count, last_gps_count, last_pkt_Tstamp
01-08-2026 00:43 - WARNING - 3114519290 59332 2026-07-31T18:43:00.932008
01-08-2026 00:43 - WARNING - diff_pkt_count  , diff_gps_count ,  diff_pkt_timstamp
01-08-2026 00:43 - WARNING - 1882541 29 29207898 microseconds
01-08-2026 00:43 - WARNING - No packet loss: /data/dsp/GBD_TRANSIENT_BUFFER/J2041+4551/01_08_2026/PDR_GULP_data002.pcap_01_08_2026_00_13_1785523413.PCAP_PDR
01-08-2026 00:43 - WARNING - first_pkt_count, first_gps_count, first_pkt_Tstamp
01-08-2026 00:43 - WARNING - 3114519291 59332 2026-07-31T18:43:00.932060
01-08-2026 00:43 - WARNING - last_pkt_count, last_gps_count, last_pkt_Tstamp
01-08-2026 00:43 - WARNING - 3116401832 59362 2026-07-31T18:43:30.139969
01-08-2026 00:43 - WARNING - diff_pkt_count  , diff_gps_count ,  diff_pkt_timstamp
01-08-2026 00:43 - WARNING - 1882541 30 29207909 microseconds
01-08-2026 00:43 - WARNING - No packet loss: /data/dsp/GBD_TRANSIENT_BUFFER/J2041+4551/01_08_2026/PDR_GULP_data000.pcap_01_08_2026_00_14_1785523442.PCAP_PDR
01-08-2026 00:43 - WARNING - first_pkt_count, first_gps_count, first_pkt_Tstamp
01-08-2026 00:43 - WARNING - 3116401833 59362 2026-07-31T18:43:30.139969
01-08-2026 00:43 - WARNING - last_pkt_count, last_gps_count, last_pkt_Tstamp
01-08-2026 00:43 - WARNING - 3118284374 59391 2026-07-31T18:43:59.347884
01-08-2026 00:43 - WARNING - diff_pkt_count  , diff_gps_count ,  diff_pkt_timstamp
01-08-2026 00:43 - WARNING - 1882541 29 29207915 microseconds
01-08-2026 00:43 - WARNING - No packet loss: /data/dsp/GBD_TRANSIENT_BUFFER/J2041+4551/01_08_2026/PDR_GULP_data001.pcap_01_08_2026_00_14_1785523471.PCAP_PDR
01-08-2026 00:43 - WARNING - first_pkt_count, first_gps_count, first_pkt_Tstamp
01-08-2026 00:43 - WARNING - 3118284375 59391 2026-07-31T18:43:59.347884
01-08-2026 00:43 - WARNING - last_pkt_count, last_gps_count, last_pkt_Tstamp
01-08-2026 00:43 - WARNING - 3120166916 59420 2026-07-31T18:44:28.555777
01-08-2026 00:43 - WARNING - diff_pkt_count  , diff_gps_count ,  diff_pkt_timstamp
01-08-2026 00:43 - WARNING - 1882541 29 29207893 microseconds
01-08-2026 00:43 - WARNING - No packet loss: /data/dsp/GBD_TRANSIENT_BUFFER/J2041+4551/01_08_2026/PDR_GULP_data002.pcap_01_08_2026_00_15_1785523500.PCAP_PDR
01-08-2026 00:43 - WARNING - first_pkt_count, first_gps_count, first_pkt_Tstamp
01-08-2026 00:43 - WARNING - 3120166917 59420 2026-07-31T18:44:28.555777
01-08-2026 00:43 - WARNING - last_pkt_count, last_gps_count, last_pkt_Tstamp
01-08-2026 00:43 - WARNING - 3122049458 59449 2026-07-31T18:44:57.763699
01-08-2026 00:43 - WARNING - diff_pkt_count  , diff_gps_count ,  diff_pkt_timstamp
01-08-2026 00:43 - WARNING - 1882541 29 29207922 microseconds
01-08-2026 00:43 - WARNING - No packet loss: /data/dsp/GBD_TRANSIENT_BUFFER/J2041+4551/01_08_2026/PDR_GULP_data000.pcap_01_08_2026_00_15_1785523529.PCAP_PDR
01-08-2026 00:43 - WARNING - first_pkt_count, first_gps_count, first_pkt_Tstamp
01-08-2026 00:43 - WARNING - 3122049459 59449 2026-07-31T18:44:57.763699
01-08-2026 00:43 - WARNING - last_pkt_count, last_gps_count, last_pkt_Tstamp
01-08-2026 00:43 - WARNING - 3123932001 59478 2026-07-31T18:45:26.971630
01-08-2026 00:43 - WARNING - diff_pkt_count  , diff_gps_count ,  diff_pkt_timstamp
01-08-2026 00:43 - WARNING - 1882542 29 29207931 microseconds
01-08-2026 00:43 - WARNING - No packet loss: /data/dsp/GBD_TRANSIENT_BUFFER/J2041+4551/01_08_2026/PDR_GULP_data001.pcap_01_08_2026_00_15_1785523559.PCAP_PDR
01-08-2026 00:43 - WARNING - first_pkt_count, first_gps_count, first_pkt_Tstamp
01-08-2026 00:43 - WARNING - 3123932002 59478 2026-07-31T18:45:26.971631
01-08-2026 00:43 - WARNING - last_pkt_count, last_gps_count, last_pkt_Tstamp
01-08-2026 00:43 - WARNING - 3125814543 59508 2026-07-31T18:45:56.179527
01-08-2026 00:43 - WARNING - diff_pkt_count  , diff_gps_count ,  diff_pkt_timstamp
01-08-2026 00:43 - WARNING - 1882541 30 29207896 microseconds
01-08-2026 00:43 - WARNING - No packet loss: /data/dsp/GBD_TRANSIENT_BUFFER/J2041+4551/01_08_2026/PDR_GULP_data002.pcap_01_08_2026_00_16_1785523588.PCAP_PDR
01-08-2026 00:43 - WARNING - first_pkt_count, first_gps_count, first_pkt_Tstamp
01-08-2026 00:43 - WARNING - 3125814544 59508 2026-07-31T18:45:56.179576
01-08-2026 00:43 - WARNING - last_pkt_count, last_gps_count, last_pkt_Tstamp
01-08-2026 00:43 - WARNING - 3127697085 59537 2026-07-31T18:46:25.387515
01-08-2026 00:43 - WARNING - diff_pkt_count  , diff_gps_count ,  diff_pkt_timstamp
01-08-2026 00:43 - WARNING - 1882541 29 29207939 microseconds
01-08-2026 00:43 - WARNING - No packet loss: /data/dsp/GBD_TRANSIENT_BUFFER/J2041+4551/01_08_2026/PDR_GULP_data000.pcap_01_08_2026_00_16_1785523617.PCAP_PDR
01-08-2026 00:43 - WARNING - first_pkt_count, first_gps_count, first_pkt_Tstamp
01-08-2026 00:43 - WARNING - 3127697086 59537 2026-07-31T18:46:25.387515
01-08-2026 00:43 - WARNING - last_pkt_count, last_gps_count, last_pkt_Tstamp
01-08-2026 00:43 - WARNING - 3129579627 59566 2026-07-31T18:46:54.595433
01-08-2026 00:43 - WARNING - diff_pkt_count  , diff_gps_count ,  diff_pkt_timstamp
01-08-2026 00:43 - WARNING - 1882541 29 29207918 microseconds
01-08-2026 00:43 - WARNING - No packet loss: /data/dsp/GBD_TRANSIENT_BUFFER/J2041+4551/01_08_2026/PDR_GULP_data001.pcap_01_08_2026_00_17_1785523646.PCAP_PDR
01-08-2026 00:43 - WARNING - first_pkt_count, first_gps_count, first_pkt_Tstamp
01-08-2026 00:43 - WARNING - 3129579628 59566 2026-07-31T18:46:54.595433
01-08-2026 00:43 - WARNING - last_pkt_count, last_gps_count, last_pkt_Tstamp
01-08-2026 00:43 - WARNING - 3131462169 59595 2026-07-31T18:47:23.803309
01-08-2026 00:43 - WARNING - diff_pkt_count  , diff_gps_count ,  diff_pkt_timstamp
01-08-2026 00:43 - WARNING - 1882541 29 29207876 microseconds
01-08-2026 00:43 - WARNING - No packet loss: /data/dsp/GBD_TRANSIENT_BUFFER/J2041+4551/01_08_2026/PDR_GULP_data002.pcap_01_08_2026_00_17_1785523676.PCAP_PDR
01-08-2026 00:43 - WARNING - first_pkt_count, first_gps_count, first_pkt_Tstamp
01-08-2026 00:43 - WARNING - 3131462170 59595 2026-07-31T18:47:23.803310
01-08-2026 00:43 - WARNING - last_pkt_count, last_gps_count, last_pkt_Tstamp
01-08-2026 00:43 - WARNING - 3133344711 59625 2026-07-31T18:47:53.011204
01-08-2026 00:43 - WARNING - diff_pkt_count  , diff_gps_count ,  diff_pkt_timstamp
01-08-2026 00:43 - WARNING - 1882541 30 29207894 microseconds
01-08-2026 00:43 - WARNING - No packet loss: /data/dsp/GBD_TRANSIENT_BUFFER/J2041+4551/01_08_2026/PDR_GULP_data000.pcap_01_08_2026_00_18_1785523705.PCAP_PDR
01-08-2026 00:43 - WARNING - first_pkt_count, first_gps_count, first_pkt_Tstamp
01-08-2026 00:43 - WARNING - 3133344712 59625 2026-07-31T18:47:53.011258
01-08-2026 00:43 - WARNING - last_pkt_count, last_gps_count, last_pkt_Tstamp
01-08-2026 00:43 - WARNING - 3135227254 59654 2026-07-31T18:48:22.219137
01-08-2026 00:43 - WARNING - diff_pkt_count  , diff_gps_count ,  diff_pkt_timstamp
01-08-2026 00:43 - WARNING - 1882542 29 29207879 microseconds
01-08-2026 00:43 - WARNING - No packet loss: /data/dsp/GBD_TRANSIENT_BUFFER/J2041+4551/01_08_2026/PDR_GULP_data001.pcap_01_08_2026_00_18_1785523734.PCAP_PDR
01-08-2026 00:43 - WARNING - first_pkt_count, first_gps_count, first_pkt_Tstamp
01-08-2026 00:43 - WARNING - 3135227255 59654 2026-07-31T18:48:22.219138
01-08-2026 00:43 - WARNING - last_pkt_count, last_gps_count, last_pkt_Tstamp
01-08-2026 00:43 - WARNING - 3137109796 59683 2026-07-31T18:48:51.427095
01-08-2026 00:43 - WARNING - diff_pkt_count  , diff_gps_count ,  diff_pkt_timstamp
01-08-2026 00:43 - WARNING - 1882541 29 29207957 microseconds
01-08-2026 00:43 - WARNING - No packet loss: /data/dsp/GBD_TRANSIENT_BUFFER/J2041+4551/01_08_2026/PDR_GULP_data002.pcap_01_08_2026_00_19_1785523763.PCAP_PDR
01-08-2026 00:43 - WARNING - first_pkt_count, first_gps_count, first_pkt_Tstamp
01-08-2026 00:43 - WARNING - 3137109797 59683 2026-07-31T18:48:51.427095
01-08-2026 00:43 - WARNING - last_pkt_count, last_gps_count, last_pkt_Tstamp
01-08-2026 00:43 - WARNING - 3138992338 59712 2026-07-31T18:49:20.635041
01-08-2026 00:43 - WARNING - diff_pkt_count  , diff_gps_count ,  diff_pkt_timstamp
01-08-2026 00:43 - WARNING - 1882541 29 29207946 microseconds
01-08-2026 00:43 - WARNING - No packet loss: /data/dsp/GBD_TRANSIENT_BUFFER/J2041+4551/01_08_2026/PDR_GULP_data000.pcap_01_08_2026_00_19_1785523792.PCAP_PDR
01-08-2026 00:43 - WARNING - first_pkt_count, first_gps_count, first_pkt_Tstamp
01-08-2026 00:43 - WARNING - 3138992339 59712 2026-07-31T18:49:20.635042
01-08-2026 00:43 - WARNING - last_pkt_count, last_gps_count, last_pkt_Tstamp
01-08-2026 00:43 - WARNING - 3140874880 59741 2026-07-31T18:49:49.842916
01-08-2026 00:43 - WARNING - diff_pkt_count  , diff_gps_count ,  diff_pkt_timstamp
01-08-2026 00:43 - WARNING - 1882541 29 29207874 microseconds
01-08-2026 00:43 - WARNING - No packet loss: /data/dsp/GBD_TRANSIENT_BUFFER/J2041+4551/01_08_2026/PDR_GULP_data001.pcap_01_08_2026_00_20_1785523822.PCAP_PDR
01-08-2026 00:43 - WARNING - first_pkt_count, first_gps_count, first_pkt_Tstamp
01-08-2026 00:43 - WARNING - 3140874881 59741 2026-07-31T18:49:49.842917
01-08-2026 00:43 - WARNING - last_pkt_count, last_gps_count, last_pkt_Tstamp
01-08-2026 00:43 - WARNING - 3142757422 59771 2026-07-31T18:50:19.050846
01-08-2026 00:43 - WARNING - diff_pkt_count  , diff_gps_count ,  diff_pkt_timstamp
01-08-2026 00:43 - WARNING - 1882541 30 29207929 microseconds
01-08-2026 00:43 - WARNING - No packet loss: /data/dsp/GBD_TRANSIENT_BUFFER/J2041+4551/01_08_2026/PDR_GULP_data002.pcap_01_08_2026_00_20_1785523851.PCAP_PDR
01-08-2026 00:43 - WARNING - first_pkt_count, first_gps_count, first_pkt_Tstamp
01-08-2026 00:43 - WARNING - 3142757423 59771 2026-07-31T18:50:19.050846
01-08-2026 00:43 - WARNING - last_pkt_count, last_gps_count, last_pkt_Tstamp
01-08-2026 00:43 - WARNING - 3144639964 59800 2026-07-31T18:50:48.258740
01-08-2026 00:43 - WARNING - diff_pkt_count  , diff_gps_count ,  diff_pkt_timstamp
01-08-2026 00:43 - WARNING - 1882541 29 29207894 microseconds
01-08-2026 00:43 - WARNING - No packet loss: /data/dsp/GBD_TRANSIENT_BUFFER/J2041+4551/01_08_2026/PDR_GULP_data000.pcap_01_08_2026_00_21_1785523880.PCAP_PDR
01-08-2026 00:43 - WARNING - first_pkt_count, first_gps_count, first_pkt_Tstamp
01-08-2026 00:43 - WARNING - 3144639965 59800 2026-07-31T18:50:48.258740
01-08-2026 00:43 - WARNING - last_pkt_count, last_gps_count, last_pkt_Tstamp
01-08-2026 00:43 - WARNING - 3146522507 59829 2026-07-31T18:51:17.466736
01-08-2026 00:43 - WARNING - diff_pkt_count  , diff_gps_count ,  diff_pkt_timstamp
01-08-2026 00:43 - WARNING - 1882542 29 29207996 microseconds
01-08-2026 00:43 - WARNING - No packet loss: /data/dsp/GBD_TRANSIENT_BUFFER/J2041+4551/01_08_2026/PDR_GULP_data001.pcap_01_08_2026_00_21_1785523909.PCAP_PDR
01-08-2026 00:43 - WARNING - first_pkt_count, first_gps_count, first_pkt_Tstamp
01-08-2026 00:43 - WARNING - 3146522508 59829 2026-07-31T18:51:17.466736
01-08-2026 00:43 - WARNING - last_pkt_count, last_gps_count, last_pkt_Tstamp
01-08-2026 00:43 - WARNING - 3148405049 59858 2026-07-31T18:51:46.674614
01-08-2026 00:43 - WARNING - diff_pkt_count  , diff_gps_count ,  diff_pkt_timstamp
01-08-2026 00:43 - WARNING - 1882541 29 29207878 microseconds
01-08-2026 00:43 - WARNING - No packet loss: /data/dsp/GBD_TRANSIENT_BUFFER/J2041+4551/01_08_2026/PDR_GULP_data002.pcap_01_08_2026_00_22_1785523938.PCAP_PDR
01-08-2026 00:43 - WARNING - first_pkt_count, first_gps_count, first_pkt_Tstamp
01-08-2026 00:43 - WARNING - 3148405050 59858 2026-07-31T18:51:46.674616
01-08-2026 00:43 - WARNING - last_pkt_count, last_gps_count, last_pkt_Tstamp
01-08-2026 00:43 - WARNING - 3150287591 59887 2026-07-31T18:52:15.882544
01-08-2026 00:43 - WARNING - diff_pkt_count  , diff_gps_count ,  diff_pkt_timstamp
01-08-2026 00:43 - WARNING - 1882541 29 29207928 microseconds
01-08-2026 00:43 - WARNING - No packet loss: /data/dsp/GBD_TRANSIENT_BUFFER/J2041+4551/01_08_2026/PDR_GULP_data000.pcap_01_08_2026_00_22_1785523968.PCAP_PDR
01-08-2026 00:43 - WARNING - first_pkt_count, first_gps_count, first_pkt_Tstamp
01-08-2026 00:43 - WARNING - 3150287592 59887 2026-07-31T18:52:15.882544
01-08-2026 00:43 - WARNING - last_pkt_count, last_gps_count, last_pkt_Tstamp
01-08-2026 00:43 - WARNING - 3152170133 59917 2026-07-31T18:52:45.090478
01-08-2026 00:43 - WARNING - diff_pkt_count  , diff_gps_count ,  diff_pkt_timstamp
01-08-2026 00:43 - WARNING - 1882541 30 29207934 microseconds
01-08-2026 00:43 - WARNING - No packet loss: /data/dsp/GBD_TRANSIENT_BUFFER/J2041+4551/01_08_2026/PDR_GULP_data001.pcap_01_08_2026_00_23_1785523997.PCAP_PDR
01-08-2026 00:43 - WARNING - first_pkt_count, first_gps_count, first_pkt_Tstamp
01-08-2026 00:43 - WARNING - 3152170134 59917 2026-07-31T18:52:45.090479
01-08-2026 00:43 - WARNING - last_pkt_count, last_gps_count, last_pkt_Tstamp
01-08-2026 00:43 - WARNING - 3154052675 59946 2026-07-31T18:53:14.298355
01-08-2026 00:43 - WARNING - diff_pkt_count  , diff_gps_count ,  diff_pkt_timstamp
01-08-2026 00:43 - WARNING - 1882541 29 29207876 microseconds
01-08-2026 00:43 - WARNING - No packet loss: /data/dsp/GBD_TRANSIENT_BUFFER/J2041+4551/01_08_2026/PDR_GULP_data002.pcap_01_08_2026_00_23_1785524026.PCAP_PDR
01-08-2026 00:43 - WARNING - first_pkt_count, first_gps_count, first_pkt_Tstamp
01-08-2026 00:43 - WARNING - 3154052676 59946 2026-07-31T18:53:14.298445
01-08-2026 00:43 - WARNING - last_pkt_count, last_gps_count, last_pkt_Tstamp
01-08-2026 00:43 - WARNING - 3155935218 59975 2026-07-31T18:53:43.506290
01-08-2026 00:43 - WARNING - diff_pkt_count  , diff_gps_count ,  diff_pkt_timstamp
01-08-2026 00:43 - WARNING - 1882542 29 29207845 microseconds
01-08-2026 00:43 - WARNING - Packet loss: /data/dsp/GBD_TRANSIENT_BUFFER/J2041+4551/01_08_2026/PDR_GULP_data000.pcap_01_08_2026_00_24_1785524055.PCAP_PDR
01-08-2026 00:43 - WARNING - Packet loss found .... Being fixed ... Please wait ...
01-08-2026 00:43 - WARNING - PCAP filtering ... tcpdump -r /data/dsp/GBD_TRANSIENT_BUFFER/J2041+4551/01_08_2026/PDR_GULP_data000.pcap_01_08_2026_00_24_1785524055.PCAP_PDR.pcap -w PDR_GULP_data000.pcap_01_08_2026_00_24_1785524055_filtered.PCAP_PDR.pcap  host 172.10.10.1 and port 55000 
01-08-2026 00:43 - WARNING - Patched /data/dsp/GBD_TRANSIENT_BUFFER/J2041+4551/01_08_2026/PDR_GULP_data000.pcap_01_08_2026_00_24_1785524055.PCAP_PDR as PDR_GULP_data000.pcap_01_08_2026_00_24_1785524055_filtered.PCAP_PDR
01-08-2026 00:43 - WARNING - Gulped file moved to /data/dsp/GBD_TRANSIENT_BUFFER/J2041+4551/01_08_2026/GULPED
01-08-2026 00:43 - WARNING - first_pkt_count, first_gps_count, first_pkt_Tstamp
01-08-2026 00:43 - WARNING - 3155935219 59975 2026-07-31T18:53:43.506290
01-08-2026 00:43 - WARNING - last_pkt_count, last_gps_count, last_pkt_Tstamp
01-08-2026 00:43 - WARNING - 3157817761 60004 2026-07-31T18:54:12.714247
01-08-2026 00:43 - WARNING - diff_pkt_count  , diff_gps_count ,  diff_pkt_timstamp
01-08-2026 00:43 - WARNING - 1882542 29 29207957 microseconds
01-08-2026 00:43 - WARNING - No packet loss: /data/dsp/GBD_TRANSIENT_BUFFER/J2041+4551/01_08_2026/PDR_GULP_data001.pcap_01_08_2026_00_24_1785524084.PCAP_PDR
01-08-2026 00:43 - WARNING - first_pkt_count, first_gps_count, first_pkt_Tstamp
01-08-2026 00:43 - WARNING - 3157817762 60004 2026-07-31T18:54:12.714247
01-08-2026 00:43 - WARNING - last_pkt_count, last_gps_count, last_pkt_Tstamp
01-08-2026 00:43 - WARNING - 3159700303 60033 2026-07-31T18:54:41.922170
01-08-2026 00:43 - WARNING - diff_pkt_count  , diff_gps_count ,  diff_pkt_timstamp
01-08-2026 00:43 - WARNING - 1882541 29 29207923 microseconds
01-08-2026 00:43 - WARNING - No packet loss: /data/dsp/GBD_TRANSIENT_BUFFER/J2041+4551/01_08_2026/PDR_GULP_data002.pcap_01_08_2026_00_25_1785524114.PCAP_PDR
01-08-2026 00:43 - WARNING - first_pkt_count, first_gps_count, first_pkt_Tstamp
01-08-2026 00:43 - WARNING - 3159700304 60033 2026-07-31T18:54:41.922171
01-08-2026 00:43 - WARNING - last_pkt_count, last_gps_count, last_pkt_Tstamp
01-08-2026 00:43 - WARNING - 3161582845 60063 2026-07-31T18:55:11.130083
01-08-2026 00:43 - WARNING - diff_pkt_count  , diff_gps_count ,  diff_pkt_timstamp
01-08-2026 00:43 - WARNING - 1882541 30 29207912 microseconds
01-08-2026 00:43 - WARNING - No packet loss: /data/dsp/GBD_TRANSIENT_BUFFER/J2041+4551/01_08_2026/PDR_GULP_data000.pcap_01_08_2026_00_25_1785524143.PCAP_PDR
01-08-2026 00:43 - WARNING - first_pkt_count, first_gps_count, first_pkt_Tstamp
01-08-2026 00:43 - WARNING - 3161582846 60063 2026-07-31T18:55:11.130084
01-08-2026 00:43 - WARNING - last_pkt_count, last_gps_count, last_pkt_Tstamp
01-08-2026 00:43 - WARNING - 3163465387 60092 2026-07-31T18:55:40.338036
01-08-2026 00:43 - WARNING - diff_pkt_count  , diff_gps_count ,  diff_pkt_timstamp
01-08-2026 00:43 - WARNING - 1882541 29 29207952 microseconds
01-08-2026 00:43 - WARNING - No packet loss: /data/dsp/GBD_TRANSIENT_BUFFER/J2041+4551/01_08_2026/PDR_GULP_data001.pcap_01_08_2026_00_26_1785524172.PCAP_PDR
01-08-2026 00:43 - WARNING - first_pkt_count, first_gps_count, first_pkt_Tstamp
01-08-2026 00:43 - WARNING - 3163465388 60092 2026-07-31T18:55:40.338036
01-08-2026 00:43 - WARNING - last_pkt_count, last_gps_count, last_pkt_Tstamp
01-08-2026 00:43 - WARNING - 3165347929 60121 2026-07-31T18:56:09.545939
01-08-2026 00:43 - WARNING - diff_pkt_count  , diff_gps_count ,  diff_pkt_timstamp
01-08-2026 00:43 - WARNING - 1882541 29 29207903 microseconds
01-08-2026 00:43 - WARNING - No packet loss: /data/dsp/GBD_TRANSIENT_BUFFER/J2041+4551/01_08_2026/PDR_GULP_data002.pcap_01_08_2026_00_26_1785524201.PCAP_PDR
01-08-2026 00:43 - WARNING - first_pkt_count, first_gps_count, first_pkt_Tstamp
01-08-2026 00:43 - WARNING - 3165347930 60121 2026-07-31T18:56:09.545939
01-08-2026 00:43 - WARNING - last_pkt_count, last_gps_count, last_pkt_Tstamp
01-08-2026 00:43 - WARNING - 3167230472 60150 2026-07-31T18:56:38.753835
01-08-2026 00:43 - WARNING - diff_pkt_count  , diff_gps_count ,  diff_pkt_timstamp
01-08-2026 00:43 - WARNING - 1882542 29 29207896 microseconds
01-08-2026 00:43 - WARNING - No packet loss: /data/dsp/GBD_TRANSIENT_BUFFER/J2041+4551/01_08_2026/PDR_GULP_data000.pcap_01_08_2026_00_27_1785524230.PCAP_PDR
01-08-2026 00:43 - WARNING - first_pkt_count, first_gps_count, first_pkt_Tstamp
01-08-2026 00:43 - WARNING - 3167230473 60150 2026-07-31T18:56:38.753924
01-08-2026 00:43 - WARNING - last_pkt_count, last_gps_count, last_pkt_Tstamp
01-08-2026 00:43 - WARNING - 3169113014 60179 2026-07-31T18:57:07.961725
01-08-2026 00:43 - WARNING - diff_pkt_count  , diff_gps_count ,  diff_pkt_timstamp
01-08-2026 00:43 - WARNING - 1882541 29 29207801 microseconds
01-08-2026 00:43 - WARNING - No packet loss: /data/dsp/GBD_TRANSIENT_BUFFER/J2041+4551/01_08_2026/PDR_GULP_data001.pcap_01_08_2026_00_27_1785524260.PCAP_PDR
01-08-2026 00:43 - WARNING - first_pkt_count, first_gps_count, first_pkt_Tstamp
01-08-2026 00:43 - WARNING - 3169113015 60179 2026-07-31T18:57:07.961777
01-08-2026 00:43 - WARNING - last_pkt_count, last_gps_count, last_pkt_Tstamp
01-08-2026 00:43 - WARNING - 3170995556 60209 2026-07-31T18:57:37.169474
01-08-2026 00:43 - WARNING - diff_pkt_count  , diff_gps_count ,  diff_pkt_timstamp
01-08-2026 00:43 - WARNING - 1882541 30 29207697 microseconds
01-08-2026 00:43 - WARNING - No packet loss: /data/dsp/GBD_TRANSIENT_BUFFER/J2041+4551/01_08_2026/PDR_GULP_data002.pcap_01_08_2026_00_28_1785524289.PCAP_PDR
01-08-2026 00:43 - WARNING - first_pkt_count, first_gps_count, first_pkt_Tstamp
01-08-2026 00:43 - WARNING - 3170995557 60209 2026-07-31T18:57:37.169527
01-08-2026 00:43 - WARNING - last_pkt_count, last_gps_count, last_pkt_Tstamp
01-08-2026 00:43 - WARNING - 3172878098 60238 2026-07-31T18:58:06.377212
01-08-2026 00:43 - WARNING - diff_pkt_count  , diff_gps_count ,  diff_pkt_timstamp
01-08-2026 00:43 - WARNING - 1882541 29 29207685 microseconds
01-08-2026 00:43 - WARNING - No packet loss: /data/dsp/GBD_TRANSIENT_BUFFER/J2041+4551/01_08_2026/PDR_GULP_data000.pcap_01_08_2026_00_28_1785524318.PCAP_PDR
01-08-2026 00:43 - WARNING - first_pkt_count, first_gps_count, first_pkt_Tstamp
01-08-2026 00:43 - WARNING - 3172878099 60238 2026-07-31T18:58:06.377263
01-08-2026 00:43 - WARNING - last_pkt_count, last_gps_count, last_pkt_Tstamp
01-08-2026 00:43 - WARNING - 3174760640 60267 2026-07-31T18:58:35.585009
01-08-2026 00:43 - WARNING - diff_pkt_count  , diff_gps_count ,  diff_pkt_timstamp
01-08-2026 00:43 - WARNING - 1882541 29 29207746 microseconds
01-08-2026 00:43 - WARNING - No packet loss: /data/dsp/GBD_TRANSIENT_BUFFER/J2041+4551/01_08_2026/PDR_GULP_data001.pcap_01_08_2026_00_29_1785524347.PCAP_PDR
01-08-2026 00:43 - WARNING - first_pkt_count, first_gps_count, first_pkt_Tstamp
01-08-2026 00:43 - WARNING - 3174760641 60267 2026-07-31T18:58:35.585009
01-08-2026 00:43 - WARNING - last_pkt_count, last_gps_count, last_pkt_Tstamp
01-08-2026 00:43 - WARNING - 3176643182 60296 2026-07-31T18:59:04.792763
01-08-2026 00:43 - WARNING - diff_pkt_count  , diff_gps_count ,  diff_pkt_timstamp
01-08-2026 00:43 - WARNING - 1882541 29 29207754 microseconds
01-08-2026 00:43 - WARNING - No packet loss: /data/dsp/GBD_TRANSIENT_BUFFER/J2041+4551/01_08_2026/PDR_GULP_data002.pcap_01_08_2026_00_29_1785524377.PCAP_PDR
01-08-2026 00:43 - WARNING - first_pkt_count, first_gps_count, first_pkt_Tstamp
01-08-2026 00:43 - WARNING - 3176643183 60296 2026-07-31T18:59:04.792816
01-08-2026 00:43 - WARNING - last_pkt_count, last_gps_count, last_pkt_Tstamp
01-08-2026 00:43 - WARNING - 3178525725 60325 2026-07-31T18:59:34.000586
01-08-2026 00:43 - WARNING - diff_pkt_count  , diff_gps_count ,  diff_pkt_timstamp
01-08-2026 00:43 - WARNING - 1882542 29 29207770 microseconds
01-08-2026 00:43 - WARNING - No packet loss: /data/dsp/GBD_TRANSIENT_BUFFER/J2041+4551/01_08_2026/PDR_GULP_data000.pcap_01_08_2026_00_30_1785524406.PCAP_PDR
01-08-2026 00:43 - WARNING - first_pkt_count, first_gps_count, first_pkt_Tstamp
01-08-2026 00:43 - WARNING - 3178525726 60325 2026-07-31T18:59:34.000586
01-08-2026 00:43 - WARNING - last_pkt_count, last_gps_count, last_pkt_Tstamp
01-08-2026 00:43 - WARNING - 3180408267 60355 2026-07-31T19:00:03.208335
01-08-2026 00:43 - WARNING - diff_pkt_count  , diff_gps_count ,  diff_pkt_timstamp
01-08-2026 00:43 - WARNING - 1882541 30 29207749 microseconds
01-08-2026 00:43 - WARNING - No packet loss: /data/dsp/GBD_TRANSIENT_BUFFER/J2041+4551/01_08_2026/PDR_GULP_data001.pcap_01_08_2026_00_30_1785524435.PCAP_PDR
01-08-2026 00:43 - WARNING - first_pkt_count, first_gps_count, first_pkt_Tstamp
01-08-2026 00:43 - WARNING - 3180408268 60355 2026-07-31T19:00:03.208335
01-08-2026 00:43 - WARNING - last_pkt_count, last_gps_count, last_pkt_Tstamp
01-08-2026 00:43 - WARNING - 3182290809 60384 2026-07-31T19:00:32.416127
01-08-2026 00:43 - WARNING - diff_pkt_count  , diff_gps_count ,  diff_pkt_timstamp
01-08-2026 00:43 - WARNING - 1882541 29 29207792 microseconds
01-08-2026 00:43 - WARNING - No packet loss: /data/dsp/GBD_TRANSIENT_BUFFER/J2041+4551/01_08_2026/PDR_GULP_data002.pcap_01_08_2026_00_31_1785524464.PCAP_PDR
01-08-2026 00:43 - WARNING - first_pkt_count, first_gps_count, first_pkt_Tstamp
01-08-2026 00:43 - WARNING - 3182290810 60384 2026-07-31T19:00:32.416215
01-08-2026 00:43 - WARNING - last_pkt_count, last_gps_count, last_pkt_Tstamp
01-08-2026 00:43 - WARNING - 3184173351 60413 2026-07-31T19:01:01.623937
01-08-2026 00:43 - WARNING - diff_pkt_count  , diff_gps_count ,  diff_pkt_timstamp
01-08-2026 00:43 - WARNING - 1882541 29 29207722 microseconds
01-08-2026 00:43 - WARNING - No packet loss: /data/dsp/GBD_TRANSIENT_BUFFER/J2041+4551/01_08_2026/PDR_GULP_data000.pcap_01_08_2026_00_31_1785524493.PCAP_PDR
01-08-2026 00:43 - WARNING - first_pkt_count, first_gps_count, first_pkt_Tstamp
01-08-2026 00:43 - WARNING - 3184173352 60413 2026-07-31T19:01:01.623937
01-08-2026 00:43 - WARNING - last_pkt_count, last_gps_count, last_pkt_Tstamp
01-08-2026 00:43 - WARNING - 3186055893 60442 2026-07-31T19:01:30.831709
01-08-2026 00:43 - WARNING - diff_pkt_count  , diff_gps_count ,  diff_pkt_timstamp
01-08-2026 00:43 - WARNING - 1882541 29 29207772 microseconds
01-08-2026 00:43 - WARNING - No packet loss: /data/dsp/GBD_TRANSIENT_BUFFER/J2041+4551/01_08_2026/PDR_GULP_data001.pcap_01_08_2026_00_32_1785524523.PCAP_PDR
01-08-2026 00:43 - WARNING - first_pkt_count, first_gps_count, first_pkt_Tstamp
01-08-2026 00:43 - WARNING - 3186055894 60442 2026-07-31T19:01:30.831761
01-08-2026 00:43 - WARNING - last_pkt_count, last_gps_count, last_pkt_Tstamp
01-08-2026 00:43 - WARNING - 3187938435 60472 2026-07-31T19:02:00.039544
01-08-2026 00:43 - WARNING - diff_pkt_count  , diff_gps_count ,  diff_pkt_timstamp
01-08-2026 00:43 - WARNING - 1882541 30 29207783 microseconds
01-08-2026 00:43 - WARNING - No packet loss: /data/dsp/GBD_TRANSIENT_BUFFER/J2041+4551/01_08_2026/PDR_GULP_data002.pcap_01_08_2026_00_32_1785524552.PCAP_PDR
01-08-2026 00:43 - WARNING - first_pkt_count, first_gps_count, first_pkt_Tstamp
01-08-2026 00:43 - WARNING - 3187938436 60472 2026-07-31T19:02:00.039544
01-08-2026 00:43 - WARNING - last_pkt_count, last_gps_count, last_pkt_Tstamp
01-08-2026 00:43 - WARNING - 3189820978 60501 2026-07-31T19:02:29.247388
01-08-2026 00:43 - WARNING - diff_pkt_count  , diff_gps_count ,  diff_pkt_timstamp
01-08-2026 00:43 - WARNING - 1882542 29 29207844 microseconds
01-08-2026 00:43 - WARNING - No packet loss: /data/dsp/GBD_TRANSIENT_BUFFER/J2041+4551/01_08_2026/PDR_GULP_data000.pcap_01_08_2026_00_33_1785524581.PCAP_PDR
01-08-2026 00:43 - WARNING - first_pkt_count, first_gps_count, first_pkt_Tstamp
01-08-2026 00:43 - WARNING - 3189820979 60501 2026-07-31T19:02:29.247388
01-08-2026 00:43 - WARNING - last_pkt_count, last_gps_count, last_pkt_Tstamp
01-08-2026 00:43 - WARNING - 3191703520 60530 2026-07-31T19:02:58.455197
01-08-2026 00:43 - WARNING - diff_pkt_count  , diff_gps_count ,  diff_pkt_timstamp
01-08-2026 00:43 - WARNING - 1882541 29 29207809 microseconds
01-08-2026 00:43 - WARNING - No packet loss: /data/dsp/GBD_TRANSIENT_BUFFER/J2041+4551/01_08_2026/PDR_GULP_data001.pcap_01_08_2026_00_33_1785524610.PCAP_PDR
01-08-2026 00:43 - WARNING - first_pkt_count, first_gps_count, first_pkt_Tstamp
01-08-2026 00:43 - WARNING - 3191703521 60530 2026-07-31T19:02:58.455197
01-08-2026 00:43 - WARNING - last_pkt_count, last_gps_count, last_pkt_Tstamp
01-08-2026 00:43 - WARNING - 3193586062 60559 2026-07-31T19:03:27.663017
01-08-2026 00:43 - WARNING - diff_pkt_count  , diff_gps_count ,  diff_pkt_timstamp
01-08-2026 00:43 - WARNING - 1882541 29 29207820 microseconds
01-08-2026 00:43 - WARNING - No packet loss: /data/dsp/GBD_TRANSIENT_BUFFER/J2041+4551/01_08_2026/PDR_GULP_data002.pcap_01_08_2026_00_33_1785524639.PCAP_PDR
01-08-2026 00:43 - WARNING - first_pkt_count, first_gps_count, first_pkt_Tstamp
01-08-2026 00:43 - WARNING - 3193586063 60559 2026-07-31T19:03:27.663017
01-08-2026 00:43 - WARNING - last_pkt_count, last_gps_count, last_pkt_Tstamp
01-08-2026 00:43 - WARNING - 3195468604 60588 2026-07-31T19:03:56.870860
01-08-2026 00:43 - WARNING - diff_pkt_count  , diff_gps_count ,  diff_pkt_timstamp
01-08-2026 00:43 - WARNING - 1882541 29 29207843 microseconds
01-08-2026 00:43 - WARNING - No packet loss: /data/dsp/GBD_TRANSIENT_BUFFER/J2041+4551/01_08_2026/PDR_GULP_data000.pcap_01_08_2026_00_34_1785524669.PCAP_PDR
01-08-2026 00:43 - WARNING - first_pkt_count, first_gps_count, first_pkt_Tstamp
01-08-2026 00:43 - WARNING - 3195468605 60588 2026-07-31T19:03:56.870860
01-08-2026 00:43 - WARNING - last_pkt_count, last_gps_count, last_pkt_Tstamp
01-08-2026 00:43 - WARNING - 3197351146 60618 2026-07-31T19:04:26.078648
01-08-2026 00:43 - WARNING - diff_pkt_count  , diff_gps_count ,  diff_pkt_timstamp
01-08-2026 00:43 - WARNING - 1882541 30 29207788 microseconds
01-08-2026 00:43 - WARNING - No packet loss: /data/dsp/GBD_TRANSIENT_BUFFER/J2041+4551/01_08_2026/PDR_GULP_data001.pcap_01_08_2026_00_34_1785524698.PCAP_PDR
01-08-2026 00:43 - WARNING - first_pkt_count, first_gps_count, first_pkt_Tstamp
01-08-2026 00:43 - WARNING - 3197351147 60618 2026-07-31T19:04:26.078649
01-08-2026 00:43 - WARNING - last_pkt_count, last_gps_count, last_pkt_Tstamp
01-08-2026 00:43 - WARNING - 3199233688 60647 2026-07-31T19:04:55.286483
01-08-2026 00:43 - WARNING - diff_pkt_count  , diff_gps_count ,  diff_pkt_timstamp
01-08-2026 00:43 - WARNING - 1882541 29 29207834 microseconds
01-08-2026 00:43 - WARNING - No packet loss: /data/dsp/GBD_TRANSIENT_BUFFER/J2041+4551/01_08_2026/PDR_GULP_data002.pcap_01_08_2026_00_35_1785524727.PCAP_PDR
01-08-2026 00:43 - WARNING - first_pkt_count, first_gps_count, first_pkt_Tstamp
01-08-2026 00:43 - WARNING - 3199233689 60647 2026-07-31T19:04:55.286572
01-08-2026 00:43 - WARNING - last_pkt_count, last_gps_count, last_pkt_Tstamp
01-08-2026 00:43 - WARNING - 3201116231 60676 2026-07-31T19:05:24.494415
01-08-2026 00:43 - WARNING - diff_pkt_count  , diff_gps_count ,  diff_pkt_timstamp
01-08-2026 00:43 - WARNING - 1882542 29 29207843 microseconds
01-08-2026 00:43 - WARNING - No packet loss: /data/dsp/GBD_TRANSIENT_BUFFER/J2041+4551/01_08_2026/PDR_GULP_data000.pcap_01_08_2026_00_35_1785524756.PCAP_PDR
01-08-2026 00:43 - WARNING - first_pkt_count, first_gps_count, first_pkt_Tstamp
01-08-2026 00:43 - WARNING - 3201116232 60676 2026-07-31T19:05:24.494415
01-08-2026 00:43 - WARNING - last_pkt_count, last_gps_count, last_pkt_Tstamp
01-08-2026 00:43 - WARNING - 3202998773 60705 2026-07-31T19:05:53.702225
01-08-2026 00:43 - WARNING - diff_pkt_count  , diff_gps_count ,  diff_pkt_timstamp
01-08-2026 00:43 - WARNING - 1882541 29 29207810 microseconds
01-08-2026 00:43 - WARNING - No packet loss: /data/dsp/GBD_TRANSIENT_BUFFER/J2041+4551/01_08_2026/PDR_GULP_data001.pcap_01_08_2026_00_36_1785524785.PCAP_PDR
01-08-2026 00:43 - WARNING - first_pkt_count, first_gps_count, first_pkt_Tstamp
01-08-2026 00:43 - WARNING - 3202998774 60705 2026-07-31T19:05:53.702225
01-08-2026 00:43 - WARNING - last_pkt_count, last_gps_count, last_pkt_Tstamp
01-08-2026 00:43 - WARNING - 3204881315 60734 2026-07-31T19:06:22.910053
01-08-2026 00:43 - WARNING - diff_pkt_count  , diff_gps_count ,  diff_pkt_timstamp
01-08-2026 00:43 - WARNING - 1882541 29 29207828 microseconds
01-08-2026 00:43 - WARNING - No packet loss: /data/dsp/GBD_TRANSIENT_BUFFER/J2041+4551/01_08_2026/PDR_GULP_data002.pcap_01_08_2026_00_36_1785524815.PCAP_PDR
01-08-2026 00:43 - WARNING - first_pkt_count, first_gps_count, first_pkt_Tstamp
01-08-2026 00:43 - WARNING - 3204881316 60734 2026-07-31T19:06:22.910053
01-08-2026 00:43 - WARNING - last_pkt_count, last_gps_count, last_pkt_Tstamp
01-08-2026 00:43 - WARNING - 3206763857 60764 2026-07-31T19:06:52.117897
01-08-2026 00:43 - WARNING - diff_pkt_count  , diff_gps_count ,  diff_pkt_timstamp
01-08-2026 00:43 - WARNING - 1882541 30 29207844 microseconds
01-08-2026 00:43 - WARNING - No packet loss: /data/dsp/GBD_TRANSIENT_BUFFER/J2041+4551/01_08_2026/PDR_GULP_data000.pcap_01_08_2026_00_37_1785524844.PCAP_PDR
01-08-2026 00:43 - WARNING - first_pkt_count, first_gps_count, first_pkt_Tstamp
01-08-2026 00:43 - WARNING - 3206763858 60764 2026-07-31T19:06:52.117897
01-08-2026 00:43 - WARNING - last_pkt_count, last_gps_count, last_pkt_Tstamp
01-08-2026 00:43 - WARNING - 3208646399 60793 2026-07-31T19:07:21.325735
01-08-2026 00:43 - WARNING - diff_pkt_count  , diff_gps_count ,  diff_pkt_timstamp
01-08-2026 00:43 - WARNING - 1882541 29 29207838 microseconds
01-08-2026 00:43 - WARNING - No packet loss: /data/dsp/GBD_TRANSIENT_BUFFER/J2041+4551/01_08_2026/PDR_GULP_data001.pcap_01_08_2026_00_37_1785524873.PCAP_PDR
01-08-2026 00:43 - WARNING - first_pkt_count, first_gps_count, first_pkt_Tstamp
01-08-2026 00:43 - WARNING - 3208646400 60793 2026-07-31T19:07:21.325735
01-08-2026 00:43 - WARNING - last_pkt_count, last_gps_count, last_pkt_Tstamp
01-08-2026 00:43 - WARNING - 3210528941 60822 2026-07-31T19:07:50.533586
01-08-2026 00:43 - WARNING - diff_pkt_count  , diff_gps_count ,  diff_pkt_timstamp
01-08-2026 00:43 - WARNING - 1882541 29 29207851 microseconds
01-08-2026 00:43 - WARNING - No packet loss: /data/dsp/GBD_TRANSIENT_BUFFER/J2041+4551/01_08_2026/PDR_GULP_data002.pcap_01_08_2026_00_38_1785524902.PCAP_PDR
01-08-2026 00:43 - WARNING - first_pkt_count, first_gps_count, first_pkt_Tstamp
01-08-2026 00:43 - WARNING - 3210528942 60822 2026-07-31T19:07:50.533666
01-08-2026 00:43 - WARNING - last_pkt_count, last_gps_count, last_pkt_Tstamp
01-08-2026 00:43 - WARNING - 3212411484 60851 2026-07-31T19:08:19.741479
01-08-2026 00:43 - WARNING - diff_pkt_count  , diff_gps_count ,  diff_pkt_timstamp
01-08-2026 00:43 - WARNING - 1882542 29 29207813 microseconds
01-08-2026 00:43 - WARNING - No packet loss: /data/dsp/GBD_TRANSIENT_BUFFER/J2041+4551/01_08_2026/PDR_GULP_data000.pcap_01_08_2026_00_38_1785524931.PCAP_PDR
01-08-2026 00:43 - WARNING - first_pkt_count, first_gps_count, first_pkt_Tstamp
01-08-2026 00:43 - WARNING - 3212411485 60851 2026-07-31T19:08:19.741480
01-08-2026 00:43 - WARNING - last_pkt_count, last_gps_count, last_pkt_Tstamp
01-08-2026 00:43 - WARNING - 3214294026 60880 2026-07-31T19:08:48.949292
01-08-2026 00:43 - WARNING - diff_pkt_count  , diff_gps_count ,  diff_pkt_timstamp
01-08-2026 00:43 - WARNING - 1882541 29 29207812 microseconds
01-08-2026 00:43 - WARNING - No packet loss: /data/dsp/GBD_TRANSIENT_BUFFER/J2041+4551/01_08_2026/PDR_GULP_data001.pcap_01_08_2026_00_39_1785524961.PCAP_PDR
01-08-2026 00:43 - WARNING - first_pkt_count, first_gps_count, first_pkt_Tstamp
01-08-2026 00:43 - WARNING - 3214294027 60880 2026-07-31T19:08:48.949344
01-08-2026 00:43 - WARNING - last_pkt_count, last_gps_count, last_pkt_Tstamp
01-08-2026 00:43 - WARNING - 3216176568 60910 2026-07-31T19:09:18.157181
01-08-2026 00:43 - WARNING - diff_pkt_count  , diff_gps_count ,  diff_pkt_timstamp
01-08-2026 00:43 - WARNING - 1882541 30 29207837 microseconds
01-08-2026 00:43 - WARNING - No packet loss: /data/dsp/GBD_TRANSIENT_BUFFER/J2041+4551/01_08_2026/PDR_GULP_data002.pcap_01_08_2026_00_39_1785524990.PCAP_PDR
01-08-2026 00:43 - WARNING - first_pkt_count, first_gps_count, first_pkt_Tstamp
01-08-2026 00:43 - WARNING - 3216176569 60910 2026-07-31T19:09:18.157181
01-08-2026 00:43 - WARNING - last_pkt_count, last_gps_count, last_pkt_Tstamp
01-08-2026 00:43 - WARNING - 3218059110 60939 2026-07-31T19:09:47.365118
01-08-2026 00:43 - WARNING - diff_pkt_count  , diff_gps_count ,  diff_pkt_timstamp
01-08-2026 00:43 - WARNING - 1882541 29 29207937 microseconds
01-08-2026 00:43 - WARNING - No packet loss: /data/dsp/GBD_TRANSIENT_BUFFER/J2041+4551/01_08_2026/PDR_GULP_data000.pcap_01_08_2026_00_40_1785525019.PCAP_PDR
01-08-2026 00:43 - WARNING - first_pkt_count, first_gps_count, first_pkt_Tstamp
01-08-2026 00:43 - WARNING - 3218059111 60939 2026-07-31T19:09:47.365118
01-08-2026 00:43 - WARNING - last_pkt_count, last_gps_count, last_pkt_Tstamp
01-08-2026 00:43 - WARNING - 3219941652 60968 2026-07-31T19:10:16.572865
01-08-2026 00:43 - WARNING - diff_pkt_count  , diff_gps_count ,  diff_pkt_timstamp
01-08-2026 00:43 - WARNING - 1882541 29 29207747 microseconds
01-08-2026 00:43 - WARNING - No packet loss: /data/dsp/GBD_TRANSIENT_BUFFER/J2041+4551/01_08_2026/PDR_GULP_data001.pcap_01_08_2026_00_40_1785525048.PCAP_PDR
01-08-2026 00:43 - WARNING - first_pkt_count, first_gps_count, first_pkt_Tstamp
01-08-2026 00:43 - WARNING - 3219941653 60968 2026-07-31T19:10:16.572918
01-08-2026 00:43 - WARNING - last_pkt_count, last_gps_count, last_pkt_Tstamp
01-08-2026 00:43 - WARNING - 3221824194 60997 2026-07-31T19:10:45.780814
01-08-2026 00:43 - WARNING - diff_pkt_count  , diff_gps_count ,  diff_pkt_timstamp
01-08-2026 00:43 - WARNING - 1882541 29 29207896 microseconds
01-08-2026 00:43 - WARNING - No packet loss: /data/dsp/GBD_TRANSIENT_BUFFER/J2041+4551/01_08_2026/PDR_GULP_data002.pcap_01_08_2026_00_41_1785525077.PCAP_PDR
01-08-2026 00:43 - WARNING - first_pkt_count, first_gps_count, first_pkt_Tstamp
01-08-2026 00:43 - WARNING - 3221824195 60997 2026-07-31T19:10:45.780814
01-08-2026 00:43 - WARNING - last_pkt_count, last_gps_count, last_pkt_Tstamp
01-08-2026 00:43 - WARNING - 3223706737 61026 2026-07-31T19:11:14.988622
01-08-2026 00:43 - WARNING - diff_pkt_count  , diff_gps_count ,  diff_pkt_timstamp
01-08-2026 00:43 - WARNING - 1882542 29 29207808 microseconds
01-08-2026 00:43 - WARNING - No packet loss: /data/dsp/GBD_TRANSIENT_BUFFER/J2041+4551/01_08_2026/PDR_GULP_data000.pcap_01_08_2026_00_41_1785525107.PCAP_PDR
01-08-2026 00:43 - WARNING - first_pkt_count, first_gps_count, first_pkt_Tstamp
01-08-2026 00:43 - WARNING - 3223706738 61026 2026-07-31T19:11:14.988688
01-08-2026 00:43 - WARNING - last_pkt_count, last_gps_count, last_pkt_Tstamp
01-08-2026 00:43 - WARNING - 3225589279 61056 2026-07-31T19:11:44.196510
01-08-2026 00:43 - WARNING - diff_pkt_count  , diff_gps_count ,  diff_pkt_timstamp
01-08-2026 00:43 - WARNING - 1882541 30 29207822 microseconds
01-08-2026 00:43 - WARNING - No packet loss: /data/dsp/GBD_TRANSIENT_BUFFER/J2041+4551/01_08_2026/PDR_GULP_data001.pcap_01_08_2026_00_42_1785525136.PCAP_PDR
01-08-2026 00:43 - WARNING - first_pkt_count, first_gps_count, first_pkt_Tstamp
01-08-2026 00:43 - WARNING - 3225589280 61056 2026-07-31T19:11:44.196511
01-08-2026 00:43 - WARNING - last_pkt_count, last_gps_count, last_pkt_Tstamp
01-08-2026 00:43 - WARNING - 3227471821 61085 2026-07-31T19:12:13.404363
01-08-2026 00:43 - WARNING - diff_pkt_count  , diff_gps_count ,  diff_pkt_timstamp
01-08-2026 00:43 - WARNING - 1882541 29 29207852 microseconds
01-08-2026 00:43 - WARNING - No packet loss: /data/dsp/GBD_TRANSIENT_BUFFER/J2041+4551/01_08_2026/PDR_GULP_data002.pcap_01_08_2026_00_42_1785525165.PCAP_PDR
01-08-2026 00:43 - WARNING - first_pkt_count, first_gps_count, first_pkt_Tstamp
01-08-2026 00:43 - WARNING - 3227471822 61085 2026-07-31T19:12:13.404430
01-08-2026 00:43 - WARNING - last_pkt_count, last_gps_count, last_pkt_Tstamp
01-08-2026 00:43 - WARNING - 3229354363 61114 2026-07-31T19:12:42.612237
01-08-2026 00:43 - WARNING - diff_pkt_count  , diff_gps_count ,  diff_pkt_timstamp
01-08-2026 00:43 - WARNING - 1882541 29 29207807 microseconds
01-08-2026 00:43 SLIP check Finished...
01-08-2026 00:43 Pulsar data reduction pipeline started ...
01-08-2026 00:43 - WARNING - Data Directory: /data/dsp/GBD_TRANSIENT_BUFFER/J2041+4551/01_08_2026
01-08-2026 00:43 - WARNING - Pulsar: J2041+4551
01-08-2026 00:43 - WARNING - CH selelction: 0
01-08-2026 00:43 - WARNING - Phase file: /home/dsp/PDR_acquire_setup/dada_scripts/phase/rf_path_phase.dat
01-08-2026 00:43 - WARNING - Obs. logfile: /home/dsp/PDR_acquire_setup/master_obs_log/J2041+4551_01_08_2026_observation.log
01-08-2026 00:43 - WARNING - Observation start time: 2026_08_01_00_04_15
01-08-2026 00:43 - WARNING - parfile: /home/dsp/parfiles/J2041+4551.par
01-08-2026 00:43 - WARNING - DM: 192.91
01-08-2026 00:43 - WARNING - Period: 0.25
01-08-2026 00:43 - WARNING - RA_DEC: 20:41:23.82+16:01:51.34
01-08-2026 00:43 - WARNING - out_dada_file: J2041+4551_2026_08_01_00_04_15_type_0.dada
01-08-2026 00:43 - WARNING - Number of files to process: 80
01-08-2026 00:43 - WARNING - Files per batch:  17
01-08-2026 01:06 - WARNING - Time taken for PDR2DADA convertion: 0:22:49.198020
01-08-2026 01:06 - WARNING - Center_freq: 175
01-08-2026 01:06 - WARNING - int_time: 3.0
01-08-2026 01:06 - WARNING - nbins: 256
01-08-2026 01:06 - WARNING - fil_chan: 256
01-08-2026 01:06 - WARNING - cpu: 2,3,4,5,6,7,8,9,10,11,12,13,14,15,16
01-08-2026 01:06 - WARNING - thread: 32
01-08-2026 01:06 - WARNING - nbit: 8
01-08-2026 01:06 - WARNING - time_avg: 0.000256
01-08-2026 01:06 - WARNING - MJD_START: 61252.77378693882
01-08-2026 01:06 - WARNING - output: J2041+4551_61252.77_175MHz_type_0_GBD_DART
01-08-2026 01:06 - WARNING - singularity_container: singularity exec /home/dsp/singularity_imag/pschive_py3.sif  
01-08-2026 01:06 - WARNING - ------ DIGIFITS ------
01-08-2026 01:06 - WARNING - ---- Search Mode FITS -------
01-08-2026 01:06 - WARNING - digifits_ful_stokes_cmd: singularity exec /home/dsp/singularity_imag/pschive_py3.sif  digifits  -F 256 -x 256 -b 8 -p 4 -t 0.000256 J2041+4551_2026_08_01_00_04_15_type_0.dada -o J2041+4551_2026_08_01_00_04_15_type_0.dada_stokes.fits
01-08-2026 01:41 - WARNING - ------ Total intensity FITS -------
01-08-2026 01:41 - WARNING - digifits_total_intensity_cmd: singularity exec /home/dsp/singularity_imag/pschive_py3.sif  digifits  -F 256 -x 256 -b 8 -p 1 -t 0.000256 J2041+4551_2026_08_01_00_04_15_type_0.dada -o J2041+4551_2026_08_01_00_04_15_type_0.dada_intensity.fits
01-08-2026 02:03 - WARNING - Nchan: 256
01-08-2026 02:03 - WARNING - Nbin: 256
01-08-2026 02:03 - WARNING - Tavg: 0.000256
01-08-2026 02:03 - WARNING - Time taken for DIGIFITS run: 0:57:20.818366
01-08-2026 02:03 - WARNING - ------ DSPSR ------
01-08-2026 02:03 - WARNING - ------- Coherent Dedispersion Folded archive -------
01-08-2026 02:03 - WARNING - dspsr_cmd: singularity exec /home/dsp/singularity_imag/pschive_py3.sif  dspsr J2041+4551_2026_08_01_00_04_15_type_0.dada -cpu 2,3,4,5,6,7,8,9,10,11,12,13,14,15,16 -t 32 -E /home/dsp/parfiles/J2041+4551.par -L 3.0 -b 256 -F 256:D -N J2041+4551 -a PSRFITS -A -e .fits -O J2041+4551_61252.77_175MHz_type_0_GBD_DART
01-08-2026 02:15 - WARNING - ------- Incoherent Dedispersion Folded archive -------
01-08-2026 02:15 - WARNING - Incoherent_DD_dspsr_cmd: singularity exec /home/dsp/singularity_imag/pschive_py3.sif  dspsr J2041+4551_2026_08_01_00_04_15_type_0.dada_stokes.fits -cpu 2,3,4,5,6,7,8,9,10,11,12,13,14,15,16 -t 32 -E /home/dsp/parfiles/J2041+4551.par -L 3.0 -b 256 -N J2041+4551 -A -e .fits -O J2041+4551_61252.77_175MHz_type_0_GBD_DART_stokes_Incoherent_DD
01-08-2026 02:16 - WARNING - Time taken for DSPSR run: 0:13:11.515876
01-08-2026 02:16 - WARNING - ------ PSREDIT ------
01-08-2026 02:16 - WARNING - psredit_cmd: singularity exec /home/dsp/singularity_imag/pschive_py3.sif  psredit -c name=J2041+4551,be:name=GSB,coord=20:41:23.82+16:01:51.34 -m *_GBD_DART*fits
01-08-2026 02:17 - WARNING - Time taken for PSREDIT run: 0:00:08.347504
01-08-2026 02:17 - WARNING - ------ Iterative RFI Cleaner ------
01-08-2026 02:17 - WARNING - Iterative_cleaner_cmd: singularity exec /home/dsp/singularity_imag/pschive_py3.sif   python3 /home/dsp/PDR_acquire_setup/iterative_cleaner.py -s 3 -c 3 -m 10 *_GBD_DART*fits
01-08-2026 02:22 - WARNING - Time taken for Iterative_cleaner run: 0:05:29.844222
01-08-2026 02:22 - WARNING - ------ PDMP ------
01-08-2026 02:22 - WARNING - pdmp_cmd1: singularity exec /home/dsp/singularity_imag/pschive_py3.sif  pdmp -dr 2 -ds 0.05 -g J2041+4551_61252.77_175MHz_type_0_GBD_DART.fits_cleaned.ar.ps/cps J2041+4551_61252.77_175MHz_type_0_GBD_DART.fits_cleaned.ar
01-08-2026 02:28 - WARNING - pdmp_cmd2: singularity exec /home/dsp/singularity_imag/pschive_py3.sif  pdmp -dr 2 -ds 0.05 -g J2041+4551_61252.77_175MHz_type_0_GBD_DART_stokes_Incoherent_DD.fits_cleaned.ar.ps/cps J2041+4551_61252.77_175MHz_type_0_GBD_DART_stokes_Incoherent_DD.fits_cleaned.ar
01-08-2026 02:33 - WARNING - Time taken for PDMP run: 0:10:44.712122
01-08-2026 02:33 - WARNING - ------ PS2PDF ------
01-08-2026 02:33 - WARNING - ps2pdf_cmd1: singularity exec /home/dsp/singularity_imag/pschive_py3.sif  ps2pdf J2041+4551_61252.77_175MHz_type_0_GBD_DART.fits_cleaned.ar.ps J2041+4551_61252.77_175MHz_type_0_GBD_DART.fits_cleaned.ar.ps.pdf
01-08-2026 02:33 - WARNING - ps2pdf_cmd2: singularity exec /home/dsp/singularity_imag/pschive_py3.sif  ps2pdf J2041+4551_61252.77_175MHz_type_0_GBD_DART_stokes_Incoherent_DD.fits_cleaned.ar.ps J2041+4551_61252.77_175MHz_type_0_GBD_DART_stokes_Incoherent_DD.fits_cleaned.ar.ps.pdf
01-08-2026 02:33 - WARNING - Time taken for PDMP run: 0:00:01.090229
01-08-2026 02:33 - WARNING - Overall time taken for data reduction: 1:49:46.389205
01-08-2026 02:33 - WARNING - J2041+4551_2026_08_01_00_04_15_type_0.dada... file removed
01-08-2026 02:33 - WARNING - All done!
01-08-2026 02:33 --- PRESTO ---
01-08-2026 02:33 singularity_container: singularity exec /home/dsp/singularity_imag/pschive_py3.sif  
01-08-2026 02:33 Filterbank to Process for PULSAR: J2041+4551 with DM:192.91 : J2041+4551_2026_08_01_00_04_15_type_0.dada_intensity.fits
01-08-2026 02:33 --- RFIFIND ---
01-08-2026 02:33 RFIFIND: singularity exec /home/dsp/singularity_imag/pschive_py3.sif   rfifind -time 2.0 -o J2041+4551 J2041+4551_2026_08_01_00_04_15_type_0.dada_intensity.fits
01-08-2026 02:34 --- PREPDATA ---
01-08-2026 02:34 PREPDATA: singularity exec /home/dsp/singularity_imag/pschive_py3.sif   prepdata -nobary -o J2041+4551_2026_08_01_00_04_15_type_0.dada_intensity.fits -dm 192.91 -mask J2041+4551_rfifind.mask J2041+4551_2026_08_01_00_04_15_type_0.dada_intensity.fits
01-08-2026 02:34 --- REALFFT ---
01-08-2026 02:34 REALFFT: singularity exec /home/dsp/singularity_imag/pschive_py3.sif   realfft  J2041+4551_2026_08_01_00_04_15_type_0.dada_intensity.fits.dat
01-08-2026 02:34 --- ACCELSEARCH ---
01-08-2026 02:34 ACCELSEARCH: singularity exec /home/dsp/singularity_imag/pschive_py3.sif   accelsearch -numharm 8 -zmax 8  J2041+4551_2026_08_01_00_04_15_type_0.dada_intensity.fits.fft
01-08-2026 02:34 Observation Over.
01-08-2026 23:59 Waiting for J2041+4551 observation...
02-08-2026 00:04 Observation started...
02-08-2026 00:04 Pulsar: J2041+4551 , parfile: /home/dsp/parfiles/J2041+4551.par , DM: 192.91
02-08-2026 00:04 Trigger sent to obs. PC [VELA].
02-08-2026 00:39 Acquired 80.
02-08-2026 00:39 ACQ over.
02-08-2026 00:39 Removing Trigger file from remote machine 
02-08-2026 00:39 Observation stoped.
-rw------- 1 dsp dsp 2.0G Aug  2 00:00 /data/TRANSIENT_BUFFER/PDR_GULP_data002.pcap_02_08_2026_00_00_1785609021.PCAP_PDR
-rw------- 1 dsp dsp 2.0G Aug  2 00:00 /data/TRANSIENT_BUFFER/PDR_GULP_data000.pcap_02_08_2026_00_00_1785609050.PCAP_PDR
-rw------- 1 dsp dsp 2.0G Aug  2 00:01 /data/TRANSIENT_BUFFER/PDR_GULP_data001.pcap_02_08_2026_00_01_1785609079.PCAP_PDR
-rw------- 1 dsp dsp 2.0G Aug  2 00:01 /data/TRANSIENT_BUFFER/PDR_GULP_data002.pcap_02_08_2026_00_01_1785609109.PCAP_PDR
-rw------- 1 dsp dsp 2.0G Aug  2 00:02 /data/TRANSIENT_BUFFER/PDR_GULP_data000.pcap_02_08_2026_00_02_1785609138.PCAP_PDR
-rw------- 1 dsp dsp 2.0G Aug  2 00:02 /data/TRANSIENT_BUFFER/PDR_GULP_data001.pcap_02_08_2026_00_02_1785609167.PCAP_PDR
-rw------- 1 dsp dsp 2.0G Aug  2 00:03 /data/TRANSIENT_BUFFER/PDR_GULP_data002.pcap_02_08_2026_00_03_1785609196.PCAP_PDR
-rw------- 1 dsp dsp 2.0G Aug  2 00:03 /data/TRANSIENT_BUFFER/PDR_GULP_data000.pcap_02_08_2026_00_03_1785609226.PCAP_PDR
-rw------- 1 dsp dsp 2.0G Aug  2 00:04 /data/TRANSIENT_BUFFER/PDR_GULP_data001.pcap_02_08_2026_00_04_1785609255.PCAP_PDR
-rw------- 1 dsp dsp 2.0G Aug  2 00:04 /data/TRANSIENT_BUFFER/PDR_GULP_data002.pcap_02_08_2026_00_04_1785609284.PCAP_PDR
-rw------- 1 dsp dsp 2.0G Aug  2 00:05 /data/TRANSIENT_BUFFER/PDR_GULP_data000.pcap_02_08_2026_00_05_1785609313.PCAP_PDR
-rw------- 1 dsp dsp 2.0G Aug  2 00:05 /data/TRANSIENT_BUFFER/PDR_GULP_data001.pcap_02_08_2026_00_05_1785609342.PCAP_PDR
-rw------- 1 dsp dsp 2.0G Aug  2 00:06 /data/TRANSIENT_BUFFER/PDR_GULP_data002.pcap_02_08_2026_00_06_1785609372.PCAP_PDR
-rw------- 1 dsp dsp 2.0G Aug  2 00:06 /data/TRANSIENT_BUFFER/PDR_GULP_data000.pcap_02_08_2026_00_06_1785609401.PCAP_PDR
-rw------- 1 dsp dsp 2.0G Aug  2 00:07 /data/TRANSIENT_BUFFER/PDR_GULP_data001.pcap_02_08_2026_00_07_1785609430.PCAP_PDR
-rw------- 1 dsp dsp 2.0G Aug  2 00:07 /data/TRANSIENT_BUFFER/PDR_GULP_data002.pcap_02_08_2026_00_07_1785609459.PCAP_PDR
-rw------- 1 dsp dsp 2.0G Aug  2 00:08 /data/TRANSIENT_BUFFER/PDR_GULP_data000.pcap_02_08_2026_00_08_1785609488.PCAP_PDR
-rw------- 1 dsp dsp 2.0G Aug  2 00:08 /data/TRANSIENT_BUFFER/PDR_GULP_data001.pcap_02_08_2026_00_08_1785609518.PCAP_PDR
-rw------- 1 dsp dsp 2.0G Aug  2 00:09 /data/TRANSIENT_BUFFER/PDR_GULP_data002.pcap_02_08_2026_00_09_1785609547.PCAP_PDR
-rw------- 1 dsp dsp 2.0G Aug  2 00:09 /data/TRANSIENT_BUFFER/PDR_GULP_data000.pcap_02_08_2026_00_09_1785609576.PCAP_PDR
-rw------- 1 dsp dsp 2.0G Aug  2 00:10 /data/TRANSIENT_BUFFER/PDR_GULP_data001.pcap_02_08_2026_00_10_1785609605.PCAP_PDR
-rw------- 1 dsp dsp 2.0G Aug  2 00:10 /data/TRANSIENT_BUFFER/PDR_GULP_data002.pcap_02_08_2026_00_10_1785609634.PCAP_PDR
-rw------- 1 dsp dsp 2.0G Aug  2 00:11 /data/TRANSIENT_BUFFER/PDR_GULP_data000.pcap_02_08_2026_00_11_1785609664.PCAP_PDR
-rw------- 1 dsp dsp 2.0G Aug  2 00:11 /data/TRANSIENT_BUFFER/PDR_GULP_data001.pcap_02_08_2026_00_11_1785609693.PCAP_PDR
-rw------- 1 dsp dsp 2.0G Aug  2 00:11 /data/TRANSIENT_BUFFER/PDR_GULP_data002.pcap_02_08_2026_00_12_1785609722.PCAP_PDR
-rw------- 1 dsp dsp 2.0G Aug  2 00:12 /data/TRANSIENT_BUFFER/PDR_GULP_data000.pcap_02_08_2026_00_12_1785609751.PCAP_PDR
-rw------- 1 dsp dsp 2.0G Aug  2 00:12 /data/TRANSIENT_BUFFER/PDR_GULP_data001.pcap_02_08_2026_00_13_1785609780.PCAP_PDR
-rw------- 1 dsp dsp 2.0G Aug  2 00:13 /data/TRANSIENT_BUFFER/PDR_GULP_data002.pcap_02_08_2026_00_13_1785609810.PCAP_PDR
-rw------- 1 dsp dsp 2.0G Aug  2 00:13 /data/TRANSIENT_BUFFER/PDR_GULP_data000.pcap_02_08_2026_00_13_1785609839.PCAP_PDR
-rw------- 1 dsp dsp 2.0G Aug  2 00:14 /data/TRANSIENT_BUFFER/PDR_GULP_data001.pcap_02_08_2026_00_14_1785609868.PCAP_PDR
-rw------- 1 dsp dsp 2.0G Aug  2 00:14 /data/TRANSIENT_BUFFER/PDR_GULP_data002.pcap_02_08_2026_00_14_1785609897.PCAP_PDR
-rw------- 1 dsp dsp 2.0G Aug  2 00:15 /data/TRANSIENT_BUFFER/PDR_GULP_data000.pcap_02_08_2026_00_15_1785609927.PCAP_PDR
-rw------- 1 dsp dsp 2.0G Aug  2 00:15 /data/TRANSIENT_BUFFER/PDR_GULP_data001.pcap_02_08_2026_00_15_1785609956.PCAP_PDR
-rw------- 1 dsp dsp 2.0G Aug  2 00:16 /data/TRANSIENT_BUFFER/PDR_GULP_data002.pcap_02_08_2026_00_16_1785609985.PCAP_PDR
-rw------- 1 dsp dsp 2.0G Aug  2 00:16 /data/TRANSIENT_BUFFER/PDR_GULP_data000.pcap_02_08_2026_00_16_1785610014.PCAP_PDR
-rw------- 1 dsp dsp 2.0G Aug  2 00:17 /data/TRANSIENT_BUFFER/PDR_GULP_data001.pcap_02_08_2026_00_17_1785610043.PCAP_PDR
-rw------- 1 dsp dsp 2.0G Aug  2 00:17 /data/TRANSIENT_BUFFER/PDR_GULP_data002.pcap_02_08_2026_00_17_1785610073.PCAP_PDR
-rw------- 1 dsp dsp 2.0G Aug  2 00:18 /data/TRANSIENT_BUFFER/PDR_GULP_data000.pcap_02_08_2026_00_18_1785610102.PCAP_PDR
-rw------- 1 dsp dsp 2.0G Aug  2 00:18 /data/TRANSIENT_BUFFER/PDR_GULP_data001.pcap_02_08_2026_00_18_1785610131.PCAP_PDR
-rw------- 1 dsp dsp 2.0G Aug  2 00:19 /data/TRANSIENT_BUFFER/PDR_GULP_data002.pcap_02_08_2026_00_19_1785610160.PCAP_PDR
-rw------- 1 dsp dsp 2.0G Aug  2 00:19 /data/TRANSIENT_BUFFER/PDR_GULP_data000.pcap_02_08_2026_00_19_1785610189.PCAP_PDR
-rw------- 1 dsp dsp 2.0G Aug  2 00:20 /data/TRANSIENT_BUFFER/PDR_GULP_data001.pcap_02_08_2026_00_20_1785610219.PCAP_PDR
-rw------- 1 dsp dsp 2.0G Aug  2 00:20 /data/TRANSIENT_BUFFER/PDR_GULP_data002.pcap_02_08_2026_00_20_1785610248.PCAP_PDR
-rw------- 1 dsp dsp 2.0G Aug  2 00:21 /data/TRANSIENT_BUFFER/PDR_GULP_data000.pcap_02_08_2026_00_21_1785610277.PCAP_PDR
-rw------- 1 dsp dsp 2.0G Aug  2 00:21 /data/TRANSIENT_BUFFER/PDR_GULP_data001.pcap_02_08_2026_00_21_1785610306.PCAP_PDR
-rw------- 1 dsp dsp 2.0G Aug  2 00:22 /data/TRANSIENT_BUFFER/PDR_GULP_data002.pcap_02_08_2026_00_22_1785610335.PCAP_PDR
-rw------- 1 dsp dsp 2.0G Aug  2 00:22 /data/TRANSIENT_BUFFER/PDR_GULP_data000.pcap_02_08_2026_00_22_1785610365.PCAP_PDR
-rw------- 1 dsp dsp 2.0G Aug  2 00:23 /data/TRANSIENT_BUFFER/PDR_GULP_data001.pcap_02_08_2026_00_23_1785610394.PCAP_PDR
-rw------- 1 dsp dsp 2.0G Aug  2 00:23 /data/TRANSIENT_BUFFER/PDR_GULP_data002.pcap_02_08_2026_00_23_1785610423.PCAP_PDR
-rw------- 1 dsp dsp 2.0G Aug  2 00:24 /data/TRANSIENT_BUFFER/PDR_GULP_data000.pcap_02_08_2026_00_24_1785610452.PCAP_PDR
-rw------- 1 dsp dsp 2.0G Aug  2 00:24 /data/TRANSIENT_BUFFER/PDR_GULP_data001.pcap_02_08_2026_00_24_1785610481.PCAP_PDR
-rw------- 1 dsp dsp 2.0G Aug  2 00:25 /data/TRANSIENT_BUFFER/PDR_GULP_data002.pcap_02_08_2026_00_25_1785610511.PCAP_PDR
-rw------- 1 dsp dsp 2.0G Aug  2 00:25 /data/TRANSIENT_BUFFER/PDR_GULP_data000.pcap_02_08_2026_00_25_1785610540.PCAP_PDR
-rw------- 1 dsp dsp 2.0G Aug  2 00:26 /data/TRANSIENT_BUFFER/PDR_GULP_data001.pcap_02_08_2026_00_26_1785610569.PCAP_PDR
-rw------- 1 dsp dsp 2.0G Aug  2 00:26 /data/TRANSIENT_BUFFER/PDR_GULP_data002.pcap_02_08_2026_00_26_1785610598.PCAP_PDR
-rw------- 1 dsp dsp 2.0G Aug  2 00:27 /data/TRANSIENT_BUFFER/PDR_GULP_data000.pcap_02_08_2026_00_27_1785610628.PCAP_PDR
-rw------- 1 dsp dsp 2.0G Aug  2 00:27 /data/TRANSIENT_BUFFER/PDR_GULP_data001.pcap_02_08_2026_00_27_1785610657.PCAP_PDR
-rw------- 1 dsp dsp 2.0G Aug  2 00:28 /data/TRANSIENT_BUFFER/PDR_GULP_data002.pcap_02_08_2026_00_28_1785610686.PCAP_PDR
-rw------- 1 dsp dsp 2.0G Aug  2 00:28 /data/TRANSIENT_BUFFER/PDR_GULP_data000.pcap_02_08_2026_00_28_1785610715.PCAP_PDR
-rw------- 1 dsp dsp 2.0G Aug  2 00:29 /data/TRANSIENT_BUFFER/PDR_GULP_data001.pcap_02_08_2026_00_29_1785610744.PCAP_PDR
-rw------- 1 dsp dsp 2.0G Aug  2 00:29 /data/TRANSIENT_BUFFER/PDR_GULP_data002.pcap_02_08_2026_00_29_1785610774.PCAP_PDR
-rw------- 1 dsp dsp 2.0G Aug  2 00:30 /data/TRANSIENT_BUFFER/PDR_GULP_data000.pcap_02_08_2026_00_30_1785610803.PCAP_PDR
-rw------- 1 dsp dsp 2.0G Aug  2 00:30 /data/TRANSIENT_BUFFER/PDR_GULP_data001.pcap_02_08_2026_00_30_1785610832.PCAP_PDR
-rw------- 1 dsp dsp 2.0G Aug  2 00:30 /data/TRANSIENT_BUFFER/PDR_GULP_data002.pcap_02_08_2026_00_31_1785610861.PCAP_PDR
-rw------- 1 dsp dsp 2.0G Aug  2 00:31 /data/TRANSIENT_BUFFER/PDR_GULP_data000.pcap_02_08_2026_00_31_1785610890.PCAP_PDR
-rw------- 1 dsp dsp 2.0G Aug  2 00:31 /data/TRANSIENT_BUFFER/PDR_GULP_data001.pcap_02_08_2026_00_32_1785610920.PCAP_PDR
-rw------- 1 dsp dsp 2.0G Aug  2 00:32 /data/TRANSIENT_BUFFER/PDR_GULP_data002.pcap_02_08_2026_00_32_1785610949.PCAP_PDR
-rw------- 1 dsp dsp 2.0G Aug  2 00:32 /data/TRANSIENT_BUFFER/PDR_GULP_data000.pcap_02_08_2026_00_32_1785610978.PCAP_PDR
-rw------- 1 dsp dsp 2.0G Aug  2 00:33 /data/TRANSIENT_BUFFER/PDR_GULP_data001.pcap_02_08_2026_00_33_1785611007.PCAP_PDR
-rw------- 1 dsp dsp 2.0G Aug  2 00:33 /data/TRANSIENT_BUFFER/PDR_GULP_data002.pcap_02_08_2026_00_33_1785611036.PCAP_PDR
-rw------- 1 dsp dsp 2.0G Aug  2 00:34 /data/TRANSIENT_BUFFER/PDR_GULP_data000.pcap_02_08_2026_00_34_1785611066.PCAP_PDR
-rw------- 1 dsp dsp 2.0G Aug  2 00:34 /data/TRANSIENT_BUFFER/PDR_GULP_data001.pcap_02_08_2026_00_34_1785611095.PCAP_PDR
-rw------- 1 dsp dsp 2.0G Aug  2 00:35 /data/TRANSIENT_BUFFER/PDR_GULP_data002.pcap_02_08_2026_00_35_1785611124.PCAP_PDR
-rw------- 1 dsp dsp 2.0G Aug  2 00:35 /data/TRANSIENT_BUFFER/PDR_GULP_data000.pcap_02_08_2026_00_35_1785611153.PCAP_PDR
-rw------- 1 dsp dsp 2.0G Aug  2 00:36 /data/TRANSIENT_BUFFER/PDR_GULP_data001.pcap_02_08_2026_00_36_1785611182.PCAP_PDR
-rw------- 1 dsp dsp 2.0G Aug  2 00:36 /data/TRANSIENT_BUFFER/PDR_GULP_data002.pcap_02_08_2026_00_36_1785611212.PCAP_PDR
-rw------- 1 dsp dsp 2.0G Aug  2 00:37 /data/TRANSIENT_BUFFER/PDR_GULP_data000.pcap_02_08_2026_00_37_1785611241.PCAP_PDR
-rw------- 1 dsp dsp 2.0G Aug  2 00:37 /data/TRANSIENT_BUFFER/PDR_GULP_data001.pcap_02_08_2026_00_37_1785611270.PCAP_PDR
-rw------- 1 dsp dsp 2.0G Aug  2 00:38 /data/TRANSIENT_BUFFER/PDR_GULP_data002.pcap_02_08_2026_00_38_1785611299.PCAP_PDR
-rw------- 1 dsp dsp 2.0G Aug  2 00:38 /data/TRANSIENT_BUFFER/PDR_GULP_data000.pcap_02_08_2026_00_38_1785611328.PCAP_PDR
02-08-2026 00:39 RAW PCAP data moved from Transient Buffer.
02-08-2026 00:39 SLIP check Started ...
02-08-2026 00:39 - WARNING - Data Directory: /data/dsp/GBD_TRANSIENT_BUFFER/J2041+4551/02_08_2026
02-08-2026 00:39 - WARNING - Number of Files: 80
02-08-2026 00:39 - WARNING - No packet loss: /data/dsp/GBD_TRANSIENT_BUFFER/J2041+4551/02_08_2026/PDR_GULP_data002.pcap_02_08_2026_00_00_1785609021.PCAP_PDR
02-08-2026 00:39 - WARNING - first_pkt_count, first_gps_count, first_pkt_Tstamp
02-08-2026 00:39 - WARNING - 42315795 13869 2026-08-01T18:29:49.357770
02-08-2026 00:39 - WARNING - last_pkt_count, last_gps_count, last_pkt_Tstamp
02-08-2026 00:39 - WARNING - 44198336 13898 2026-08-01T18:30:18.565489
02-08-2026 00:39 - WARNING - diff_pkt_count  , diff_gps_count ,  diff_pkt_timstamp
02-08-2026 00:39 - WARNING - 1882541 29 29207719 microseconds
02-08-2026 00:39 - WARNING - No packet loss: /data/dsp/GBD_TRANSIENT_BUFFER/J2041+4551/02_08_2026/PDR_GULP_data000.pcap_02_08_2026_00_00_1785609050.PCAP_PDR
02-08-2026 00:39 - WARNING - first_pkt_count, first_gps_count, first_pkt_Tstamp
02-08-2026 00:39 - WARNING - 44198337 13898 2026-08-01T18:30:18.565490
02-08-2026 00:39 - WARNING - last_pkt_count, last_gps_count, last_pkt_Tstamp
02-08-2026 00:39 - WARNING - 46080879 13927 2026-08-01T18:30:47.773209
02-08-2026 00:39 - WARNING - diff_pkt_count  , diff_gps_count ,  diff_pkt_timstamp
02-08-2026 00:39 - WARNING - 1882542 29 29207719 microseconds
02-08-2026 00:39 - WARNING - No packet loss: /data/dsp/GBD_TRANSIENT_BUFFER/J2041+4551/02_08_2026/PDR_GULP_data001.pcap_02_08_2026_00_01_1785609079.PCAP_PDR
02-08-2026 00:39 - WARNING - first_pkt_count, first_gps_count, first_pkt_Tstamp
02-08-2026 00:39 - WARNING - 46080880 13927 2026-08-01T18:30:47.773209
02-08-2026 00:39 - WARNING - last_pkt_count, last_gps_count, last_pkt_Tstamp
02-08-2026 00:39 - WARNING - 47963421 13956 2026-08-01T18:31:16.980970
02-08-2026 00:39 - WARNING - diff_pkt_count  , diff_gps_count ,  diff_pkt_timstamp
02-08-2026 00:39 - WARNING - 1882541 29 29207761 microseconds
02-08-2026 00:39 - WARNING - No packet loss: /data/dsp/GBD_TRANSIENT_BUFFER/J2041+4551/02_08_2026/PDR_GULP_data002.pcap_02_08_2026_00_01_1785609109.PCAP_PDR
02-08-2026 00:39 - WARNING - first_pkt_count, first_gps_count, first_pkt_Tstamp
02-08-2026 00:39 - WARNING - 47963422 13956 2026-08-01T18:31:16.980970
02-08-2026 00:39 - WARNING - last_pkt_count, last_gps_count, last_pkt_Tstamp
02-08-2026 00:39 - WARNING - 49845963 13986 2026-08-01T18:31:46.188670
02-08-2026 00:39 - WARNING - diff_pkt_count  , diff_gps_count ,  diff_pkt_timstamp
02-08-2026 00:39 - WARNING - 1882541 30 29207700 microseconds
02-08-2026 00:39 - WARNING - No packet loss: /data/dsp/GBD_TRANSIENT_BUFFER/J2041+4551/02_08_2026/PDR_GULP_data000.pcap_02_08_2026_00_02_1785609138.PCAP_PDR
02-08-2026 00:39 - WARNING - first_pkt_count, first_gps_count, first_pkt_Tstamp
02-08-2026 00:39 - WARNING - 49845964 13986 2026-08-01T18:31:46.188670
02-08-2026 00:39 - WARNING - last_pkt_count, last_gps_count, last_pkt_Tstamp
02-08-2026 00:39 - WARNING - 51728505 14015 2026-08-01T18:32:15.396473
02-08-2026 00:39 - WARNING - diff_pkt_count  , diff_gps_count ,  diff_pkt_timstamp
02-08-2026 00:39 - WARNING - 1882541 29 29207803 microseconds
02-08-2026 00:39 - WARNING - No packet loss: /data/dsp/GBD_TRANSIENT_BUFFER/J2041+4551/02_08_2026/PDR_GULP_data001.pcap_02_08_2026_00_02_1785609167.PCAP_PDR
02-08-2026 00:39 - WARNING - first_pkt_count, first_gps_count, first_pkt_Tstamp
02-08-2026 00:39 - WARNING - 51728506 14015 2026-08-01T18:32:15.396473
02-08-2026 00:39 - WARNING - last_pkt_count, last_gps_count, last_pkt_Tstamp
02-08-2026 00:39 - WARNING - 53611047 14044 2026-08-01T18:32:44.604253
02-08-2026 00:39 - WARNING - diff_pkt_count  , diff_gps_count ,  diff_pkt_timstamp
02-08-2026 00:39 - WARNING - 1882541 29 29207780 microseconds
02-08-2026 00:39 - WARNING - No packet loss: /data/dsp/GBD_TRANSIENT_BUFFER/J2041+4551/02_08_2026/PDR_GULP_data002.pcap_02_08_2026_00_03_1785609196.PCAP_PDR
02-08-2026 00:39 - WARNING - first_pkt_count, first_gps_count, first_pkt_Tstamp
02-08-2026 00:39 - WARNING - 53611048 14044 2026-08-01T18:32:44.604253
02-08-2026 00:39 - WARNING - last_pkt_count, last_gps_count, last_pkt_Tstamp
02-08-2026 00:39 - WARNING - 55493589 14073 2026-08-01T18:33:13.811952
02-08-2026 00:39 - WARNING - diff_pkt_count  , diff_gps_count ,  diff_pkt_timstamp
02-08-2026 00:39 - WARNING - 1882541 29 29207699 microseconds
02-08-2026 00:39 - WARNING - No packet loss: /data/dsp/GBD_TRANSIENT_BUFFER/J2041+4551/02_08_2026/PDR_GULP_data000.pcap_02_08_2026_00_03_1785609226.PCAP_PDR
02-08-2026 00:39 - WARNING - first_pkt_count, first_gps_count, first_pkt_Tstamp
02-08-2026 00:39 - WARNING - 55493590 14073 2026-08-01T18:33:13.812042
02-08-2026 00:39 - WARNING - last_pkt_count, last_gps_count, last_pkt_Tstamp
02-08-2026 00:39 - WARNING - 57376132 14103 2026-08-01T18:33:43.019749
02-08-2026 00:39 - WARNING - diff_pkt_count  , diff_gps_count ,  diff_pkt_timstamp
02-08-2026 00:39 - WARNING - 1882542 30 29207707 microseconds
02-08-2026 00:39 - WARNING - No packet loss: /data/dsp/GBD_TRANSIENT_BUFFER/J2041+4551/02_08_2026/PDR_GULP_data001.pcap_02_08_2026_00_04_1785609255.PCAP_PDR
02-08-2026 00:39 - WARNING - first_pkt_count, first_gps_count, first_pkt_Tstamp
02-08-2026 00:39 - WARNING - 57376133 14103 2026-08-01T18:33:43.019750
02-08-2026 00:39 - WARNING - last_pkt_count, last_gps_count, last_pkt_Tstamp
02-08-2026 00:39 - WARNING - 59258674 14132 2026-08-01T18:34:12.227530
02-08-2026 00:39 - WARNING - diff_pkt_count  , diff_gps_count ,  diff_pkt_timstamp
02-08-2026 00:39 - WARNING - 1882541 29 29207780 microseconds
02-08-2026 00:39 - WARNING - No packet loss: /data/dsp/GBD_TRANSIENT_BUFFER/J2041+4551/02_08_2026/PDR_GULP_data002.pcap_02_08_2026_00_04_1785609284.PCAP_PDR
02-08-2026 00:39 - WARNING - first_pkt_count, first_gps_count, first_pkt_Tstamp
02-08-2026 00:39 - WARNING - 59258675 14132 2026-08-01T18:34:12.227531
02-08-2026 00:39 - WARNING - last_pkt_count, last_gps_count, last_pkt_Tstamp
02-08-2026 00:39 - WARNING - 61141216 14161 2026-08-01T18:34:41.435378
02-08-2026 00:39 - WARNING - diff_pkt_count  , diff_gps_count ,  diff_pkt_timstamp
02-08-2026 00:39 - WARNING - 1882541 29 29207847 microseconds
02-08-2026 00:39 - WARNING - No packet loss: /data/dsp/GBD_TRANSIENT_BUFFER/J2041+4551/02_08_2026/PDR_GULP_data000.pcap_02_08_2026_00_05_1785609313.PCAP_PDR
02-08-2026 00:39 - WARNING - first_pkt_count, first_gps_count, first_pkt_Tstamp
02-08-2026 00:39 - WARNING - 61141217 14161 2026-08-01T18:34:41.435378
02-08-2026 00:39 - WARNING - last_pkt_count, last_gps_count, last_pkt_Tstamp
02-08-2026 00:39 - WARNING - 63023758 14190 2026-08-01T18:35:10.643089
02-08-2026 00:39 - WARNING - diff_pkt_count  , diff_gps_count ,  diff_pkt_timstamp
02-08-2026 00:39 - WARNING - 1882541 29 29207711 microseconds
02-08-2026 00:39 - WARNING - No packet loss: /data/dsp/GBD_TRANSIENT_BUFFER/J2041+4551/02_08_2026/PDR_GULP_data001.pcap_02_08_2026_00_05_1785609342.PCAP_PDR
02-08-2026 00:39 - WARNING - first_pkt_count, first_gps_count, first_pkt_Tstamp
02-08-2026 00:39 - WARNING - 63023759 14190 2026-08-01T18:35:10.643089
02-08-2026 00:39 - WARNING - last_pkt_count, last_gps_count, last_pkt_Tstamp
02-08-2026 00:39 - WARNING - 64906300 14219 2026-08-01T18:35:39.850894
02-08-2026 00:39 - WARNING - diff_pkt_count  , diff_gps_count ,  diff_pkt_timstamp
02-08-2026 00:39 - WARNING - 1882541 29 29207805 microseconds
02-08-2026 00:39 - WARNING - No packet loss: /data/dsp/GBD_TRANSIENT_BUFFER/J2041+4551/02_08_2026/PDR_GULP_data002.pcap_02_08_2026_00_06_1785609372.PCAP_PDR
02-08-2026 00:39 - WARNING - first_pkt_count, first_gps_count, first_pkt_Tstamp
02-08-2026 00:39 - WARNING - 64906301 14219 2026-08-01T18:35:39.850894
02-08-2026 00:39 - WARNING - last_pkt_count, last_gps_count, last_pkt_Tstamp
02-08-2026 00:39 - WARNING - 66788842 14249 2026-08-01T18:36:09.058704
02-08-2026 00:39 - WARNING - diff_pkt_count  , diff_gps_count ,  diff_pkt_timstamp
02-08-2026 00:39 - WARNING - 1882541 30 29207810 microseconds
02-08-2026 00:39 - WARNING - No packet loss: /data/dsp/GBD_TRANSIENT_BUFFER/J2041+4551/02_08_2026/PDR_GULP_data000.pcap_02_08_2026_00_06_1785609401.PCAP_PDR
02-08-2026 00:39 - WARNING - first_pkt_count, first_gps_count, first_pkt_Tstamp
02-08-2026 00:39 - WARNING - 66788843 14249 2026-08-01T18:36:09.058704
02-08-2026 00:39 - WARNING - last_pkt_count, last_gps_count, last_pkt_Tstamp
02-08-2026 00:39 - WARNING - 68671385 14278 2026-08-01T18:36:38.266463
02-08-2026 00:39 - WARNING - diff_pkt_count  , diff_gps_count ,  diff_pkt_timstamp
02-08-2026 00:39 - WARNING - 1882542 29 29207759 microseconds
02-08-2026 00:39 - WARNING - No packet loss: /data/dsp/GBD_TRANSIENT_BUFFER/J2041+4551/02_08_2026/PDR_GULP_data001.pcap_02_08_2026_00_07_1785609430.PCAP_PDR
02-08-2026 00:39 - WARNING - first_pkt_count, first_gps_count, first_pkt_Tstamp
02-08-2026 00:39 - WARNING - 68671386 14278 2026-08-01T18:36:38.266516
02-08-2026 00:39 - WARNING - last_pkt_count, last_gps_count, last_pkt_Tstamp
02-08-2026 00:39 - WARNING - 70553927 14307 2026-08-01T18:37:07.474274
02-08-2026 00:39 - WARNING - diff_pkt_count  , diff_gps_count ,  diff_pkt_timstamp
02-08-2026 00:39 - WARNING - 1882541 29 29207758 microseconds
02-08-2026 00:39 - WARNING - No packet loss: /data/dsp/GBD_TRANSIENT_BUFFER/J2041+4551/02_08_2026/PDR_GULP_data002.pcap_02_08_2026_00_07_1785609459.PCAP_PDR
02-08-2026 00:39 - WARNING - first_pkt_count, first_gps_count, first_pkt_Tstamp
02-08-2026 00:39 - WARNING - 70553928 14307 2026-08-01T18:37:07.474274
02-08-2026 00:39 - WARNING - last_pkt_count, last_gps_count, last_pkt_Tstamp
02-08-2026 00:39 - WARNING - 72436469 14336 2026-08-01T18:37:36.682106
02-08-2026 00:39 - WARNING - diff_pkt_count  , diff_gps_count ,  diff_pkt_timstamp
02-08-2026 00:39 - WARNING - 1882541 29 29207832 microseconds
02-08-2026 00:39 - WARNING - Packet loss: /data/dsp/GBD_TRANSIENT_BUFFER/J2041+4551/02_08_2026/PDR_GULP_data000.pcap_02_08_2026_00_08_1785609488.PCAP_PDR
02-08-2026 00:39 - WARNING - Packet loss found .... Being fixed ... Please wait ...
02-08-2026 00:39 - WARNING - PCAP filtering ... tcpdump -r /data/dsp/GBD_TRANSIENT_BUFFER/J2041+4551/02_08_2026/PDR_GULP_data000.pcap_02_08_2026_00_08_1785609488.PCAP_PDR.pcap -w PDR_GULP_data000.pcap_02_08_2026_00_08_1785609488_filtered.PCAP_PDR.pcap  host 172.10.10.1 and port 55000 
02-08-2026 00:39 - WARNING - Patched /data/dsp/GBD_TRANSIENT_BUFFER/J2041+4551/02_08_2026/PDR_GULP_data000.pcap_02_08_2026_00_08_1785609488.PCAP_PDR as PDR_GULP_data000.pcap_02_08_2026_00_08_1785609488_filtered.PCAP_PDR
02-08-2026 00:39 - WARNING - Gulped file moved to /data/dsp/GBD_TRANSIENT_BUFFER/J2041+4551/02_08_2026/GULPED
02-08-2026 00:39 - WARNING - first_pkt_count, first_gps_count, first_pkt_Tstamp
02-08-2026 00:39 - WARNING - 72436470 14336 2026-08-01T18:37:36.682106
02-08-2026 00:39 - WARNING - last_pkt_count, last_gps_count, last_pkt_Tstamp
02-08-2026 00:39 - WARNING - 74319012 14365 2026-08-01T18:38:05.889877
02-08-2026 00:39 - WARNING - diff_pkt_count  , diff_gps_count ,  diff_pkt_timstamp
02-08-2026 00:39 - WARNING - 1882542 29 29207771 microseconds
02-08-2026 00:39 - WARNING - No packet loss: /data/dsp/GBD_TRANSIENT_BUFFER/J2041+4551/02_08_2026/PDR_GULP_data001.pcap_02_08_2026_00_08_1785609518.PCAP_PDR
02-08-2026 00:39 - WARNING - first_pkt_count, first_gps_count, first_pkt_Tstamp
02-08-2026 00:39 - WARNING - 74319013 14365 2026-08-01T18:38:05.889929
02-08-2026 00:39 - WARNING - last_pkt_count, last_gps_count, last_pkt_Tstamp
02-08-2026 00:39 - WARNING - 76201554 14395 2026-08-01T18:38:35.097710
02-08-2026 00:39 - WARNING - diff_pkt_count  , diff_gps_count ,  diff_pkt_timstamp
02-08-2026 00:39 - WARNING - 1882541 30 29207781 microseconds
02-08-2026 00:39 - WARNING - No packet loss: /data/dsp/GBD_TRANSIENT_BUFFER/J2041+4551/02_08_2026/PDR_GULP_data002.pcap_02_08_2026_00_09_1785609547.PCAP_PDR
02-08-2026 00:39 - WARNING - first_pkt_count, first_gps_count, first_pkt_Tstamp
02-08-2026 00:39 - WARNING - 76201555 14395 2026-08-01T18:38:35.097710
02-08-2026 00:39 - WARNING - last_pkt_count, last_gps_count, last_pkt_Tstamp
02-08-2026 00:39 - WARNING - 78084096 14424 2026-08-01T18:39:04.305504
02-08-2026 00:39 - WARNING - diff_pkt_count  , diff_gps_count ,  diff_pkt_timstamp
02-08-2026 00:39 - WARNING - 1882541 29 29207794 microseconds
02-08-2026 00:39 - WARNING - No packet loss: /data/dsp/GBD_TRANSIENT_BUFFER/J2041+4551/02_08_2026/PDR_GULP_data000.pcap_02_08_2026_00_09_1785609576.PCAP_PDR
02-08-2026 00:39 - WARNING - first_pkt_count, first_gps_count, first_pkt_Tstamp
02-08-2026 00:39 - WARNING - 78084097 14424 2026-08-01T18:39:04.305504
02-08-2026 00:39 - WARNING - last_pkt_count, last_gps_count, last_pkt_Tstamp
02-08-2026 00:39 - WARNING - 79966639 14453 2026-08-01T18:39:33.513315
02-08-2026 00:39 - WARNING - diff_pkt_count  , diff_gps_count ,  diff_pkt_timstamp
02-08-2026 00:39 - WARNING - 1882542 29 29207811 microseconds
02-08-2026 00:39 - WARNING - No packet loss: /data/dsp/GBD_TRANSIENT_BUFFER/J2041+4551/02_08_2026/PDR_GULP_data001.pcap_02_08_2026_00_10_1785609605.PCAP_PDR
02-08-2026 00:39 - WARNING - first_pkt_count, first_gps_count, first_pkt_Tstamp
02-08-2026 00:39 - WARNING - 79966640 14453 2026-08-01T18:39:33.513369
02-08-2026 00:39 - WARNING - last_pkt_count, last_gps_count, last_pkt_Tstamp
02-08-2026 00:39 - WARNING - 81849181 14482 2026-08-01T18:40:02.721125
02-08-2026 00:39 - WARNING - diff_pkt_count  , diff_gps_count ,  diff_pkt_timstamp
02-08-2026 00:39 - WARNING - 1882541 29 29207756 microseconds
02-08-2026 00:39 - WARNING - No packet loss: /data/dsp/GBD_TRANSIENT_BUFFER/J2041+4551/02_08_2026/PDR_GULP_data002.pcap_02_08_2026_00_10_1785609634.PCAP_PDR
02-08-2026 00:39 - WARNING - first_pkt_count, first_gps_count, first_pkt_Tstamp
02-08-2026 00:39 - WARNING - 81849182 14482 2026-08-01T18:40:02.721125
02-08-2026 00:39 - WARNING - last_pkt_count, last_gps_count, last_pkt_Tstamp
02-08-2026 00:39 - WARNING - 83731723 14511 2026-08-01T18:40:31.928927
02-08-2026 00:39 - WARNING - diff_pkt_count  , diff_gps_count ,  diff_pkt_timstamp
02-08-2026 00:39 - WARNING - 1882541 29 29207802 microseconds
02-08-2026 00:39 - WARNING - No packet loss: /data/dsp/GBD_TRANSIENT_BUFFER/J2041+4551/02_08_2026/PDR_GULP_data000.pcap_02_08_2026_00_11_1785609664.PCAP_PDR
02-08-2026 00:39 - WARNING - first_pkt_count, first_gps_count, first_pkt_Tstamp
02-08-2026 00:39 - WARNING - 83731724 14511 2026-08-01T18:40:31.928980
02-08-2026 00:39 - WARNING - last_pkt_count, last_gps_count, last_pkt_Tstamp
02-08-2026 00:39 - WARNING - 85614265 14541 2026-08-01T18:41:01.136749
02-08-2026 00:39 - WARNING - diff_pkt_count  , diff_gps_count ,  diff_pkt_timstamp
02-08-2026 00:39 - WARNING - 1882541 30 29207769 microseconds
02-08-2026 00:39 - WARNING - No packet loss: /data/dsp/GBD_TRANSIENT_BUFFER/J2041+4551/02_08_2026/PDR_GULP_data001.pcap_02_08_2026_00_11_1785609693.PCAP_PDR
02-08-2026 00:39 - WARNING - first_pkt_count, first_gps_count, first_pkt_Tstamp
02-08-2026 00:39 - WARNING - 85614266 14541 2026-08-01T18:41:01.136750
02-08-2026 00:39 - WARNING - last_pkt_count, last_gps_count, last_pkt_Tstamp
02-08-2026 00:39 - WARNING - 87496807 14570 2026-08-01T18:41:30.344556
02-08-2026 00:39 - WARNING - diff_pkt_count  , diff_gps_count ,  diff_pkt_timstamp
02-08-2026 00:39 - WARNING - 1882541 29 29207806 microseconds
02-08-2026 00:39 - WARNING - No packet loss: /data/dsp/GBD_TRANSIENT_BUFFER/J2041+4551/02_08_2026/PDR_GULP_data002.pcap_02_08_2026_00_12_1785609722.PCAP_PDR
02-08-2026 00:39 - WARNING - first_pkt_count, first_gps_count, first_pkt_Tstamp
02-08-2026 00:39 - WARNING - 87496808 14570 2026-08-01T18:41:30.344610
02-08-2026 00:39 - WARNING - last_pkt_count, last_gps_count, last_pkt_Tstamp
02-08-2026 00:39 - WARNING - 89379349 14599 2026-08-01T18:41:59.552399
02-08-2026 00:39 - WARNING - diff_pkt_count  , diff_gps_count ,  diff_pkt_timstamp
02-08-2026 00:39 - WARNING - 1882541 29 29207789 microseconds
02-08-2026 00:39 - WARNING - No packet loss: /data/dsp/GBD_TRANSIENT_BUFFER/J2041+4551/02_08_2026/PDR_GULP_data000.pcap_02_08_2026_00_12_1785609751.PCAP_PDR
02-08-2026 00:39 - WARNING - first_pkt_count, first_gps_count, first_pkt_Tstamp
02-08-2026 00:39 - WARNING - 89379350 14599 2026-08-01T18:41:59.552399
02-08-2026 00:39 - WARNING - last_pkt_count, last_gps_count, last_pkt_Tstamp
02-08-2026 00:39 - WARNING - 91261892 14628 2026-08-01T18:42:28.760234
02-08-2026 00:39 - WARNING - diff_pkt_count  , diff_gps_count ,  diff_pkt_timstamp
02-08-2026 00:39 - WARNING - 1882542 29 29207835 microseconds
02-08-2026 00:39 - WARNING - No packet loss: /data/dsp/GBD_TRANSIENT_BUFFER/J2041+4551/02_08_2026/PDR_GULP_data001.pcap_02_08_2026_00_13_1785609780.PCAP_PDR
02-08-2026 00:39 - WARNING - first_pkt_count, first_gps_count, first_pkt_Tstamp
02-08-2026 00:39 - WARNING - 91261893 14628 2026-08-01T18:42:28.760235
02-08-2026 00:39 - WARNING - last_pkt_count, last_gps_count, last_pkt_Tstamp
02-08-2026 00:39 - WARNING - 93144434 14657 2026-08-01T18:42:57.968080
02-08-2026 00:39 - WARNING - diff_pkt_count  , diff_gps_count ,  diff_pkt_timstamp
02-08-2026 00:39 - WARNING - 1882541 29 29207845 microseconds
02-08-2026 00:39 - WARNING - No packet loss: /data/dsp/GBD_TRANSIENT_BUFFER/J2041+4551/02_08_2026/PDR_GULP_data002.pcap_02_08_2026_00_13_1785609810.PCAP_PDR
02-08-2026 00:39 - WARNING - first_pkt_count, first_gps_count, first_pkt_Tstamp
02-08-2026 00:39 - WARNING - 93144435 14657 2026-08-01T18:42:57.968080
02-08-2026 00:39 - WARNING - last_pkt_count, last_gps_count, last_pkt_Tstamp
02-08-2026 00:39 - WARNING - 95026976 14687 2026-08-01T18:43:27.175886
02-08-2026 00:39 - WARNING - diff_pkt_count  , diff_gps_count ,  diff_pkt_timstamp
02-08-2026 00:39 - WARNING - 1882541 30 29207806 microseconds
02-08-2026 00:39 - WARNING - No packet loss: /data/dsp/GBD_TRANSIENT_BUFFER/J2041+4551/02_08_2026/PDR_GULP_data000.pcap_02_08_2026_00_13_1785609839.PCAP_PDR
02-08-2026 00:39 - WARNING - first_pkt_count, first_gps_count, first_pkt_Tstamp
02-08-2026 00:39 - WARNING - 95026977 14687 2026-08-01T18:43:27.175886
02-08-2026 00:39 - WARNING - last_pkt_count, last_gps_count, last_pkt_Tstamp
02-08-2026 00:39 - WARNING - 96909518 14716 2026-08-01T18:43:56.383686
02-08-2026 00:39 - WARNING - diff_pkt_count  , diff_gps_count ,  diff_pkt_timstamp
02-08-2026 00:39 - WARNING - 1882541 29 29207800 microseconds
02-08-2026 00:39 - WARNING - No packet loss: /data/dsp/GBD_TRANSIENT_BUFFER/J2041+4551/02_08_2026/PDR_GULP_data001.pcap_02_08_2026_00_14_1785609868.PCAP_PDR
02-08-2026 00:39 - WARNING - first_pkt_count, first_gps_count, first_pkt_Tstamp
02-08-2026 00:39 - WARNING - 96909519 14716 2026-08-01T18:43:56.383686
02-08-2026 00:39 - WARNING - last_pkt_count, last_gps_count, last_pkt_Tstamp
02-08-2026 00:39 - WARNING - 98792060 14745 2026-08-01T18:44:25.591525
02-08-2026 00:39 - WARNING - diff_pkt_count  , diff_gps_count ,  diff_pkt_timstamp
02-08-2026 00:39 - WARNING - 1882541 29 29207839 microseconds
02-08-2026 00:39 - WARNING - No packet loss: /data/dsp/GBD_TRANSIENT_BUFFER/J2041+4551/02_08_2026/PDR_GULP_data002.pcap_02_08_2026_00_14_1785609897.PCAP_PDR
02-08-2026 00:39 - WARNING - first_pkt_count, first_gps_count, first_pkt_Tstamp
02-08-2026 00:39 - WARNING - 98792061 14745 2026-08-01T18:44:25.591525
02-08-2026 00:39 - WARNING - last_pkt_count, last_gps_count, last_pkt_Tstamp
02-08-2026 00:39 - WARNING - 100674602 14774 2026-08-01T18:44:54.799346
02-08-2026 00:39 - WARNING - diff_pkt_count  , diff_gps_count ,  diff_pkt_timstamp
02-08-2026 00:39 - WARNING - 1882541 29 29207821 microseconds
02-08-2026 00:39 - WARNING - No packet loss: /data/dsp/GBD_TRANSIENT_BUFFER/J2041+4551/02_08_2026/PDR_GULP_data000.pcap_02_08_2026_00_15_1785609927.PCAP_PDR
02-08-2026 00:39 - WARNING - first_pkt_count, first_gps_count, first_pkt_Tstamp
02-08-2026 00:39 - WARNING - 100674603 14774 2026-08-01T18:44:54.799346
02-08-2026 00:39 - WARNING - last_pkt_count, last_gps_count, last_pkt_Tstamp
02-08-2026 00:39 - WARNING - 102557145 14804 2026-08-01T18:45:24.007193
02-08-2026 00:39 - WARNING - diff_pkt_count  , diff_gps_count ,  diff_pkt_timstamp
02-08-2026 00:39 - WARNING - 1882542 30 29207847 microseconds
02-08-2026 00:39 - WARNING - No packet loss: /data/dsp/GBD_TRANSIENT_BUFFER/J2041+4551/02_08_2026/PDR_GULP_data001.pcap_02_08_2026_00_15_1785609956.PCAP_PDR
02-08-2026 00:39 - WARNING - first_pkt_count, first_gps_count, first_pkt_Tstamp
02-08-2026 00:39 - WARNING - 102557146 14804 2026-08-01T18:45:24.007193
02-08-2026 00:39 - WARNING - last_pkt_count, last_gps_count, last_pkt_Tstamp
02-08-2026 00:39 - WARNING - 104439687 14833 2026-08-01T18:45:53.215035
02-08-2026 00:39 - WARNING - diff_pkt_count  , diff_gps_count ,  diff_pkt_timstamp
02-08-2026 00:39 - WARNING - 1882541 29 29207842 microseconds
02-08-2026 00:39 - WARNING - No packet loss: /data/dsp/GBD_TRANSIENT_BUFFER/J2041+4551/02_08_2026/PDR_GULP_data002.pcap_02_08_2026_00_16_1785609985.PCAP_PDR
02-08-2026 00:39 - WARNING - first_pkt_count, first_gps_count, first_pkt_Tstamp
02-08-2026 00:39 - WARNING - 104439688 14833 2026-08-01T18:45:53.215035
02-08-2026 00:39 - WARNING - last_pkt_count, last_gps_count, last_pkt_Tstamp
02-08-2026 00:39 - WARNING - 106322229 14862 2026-08-01T18:46:22.422841
02-08-2026 00:39 - WARNING - diff_pkt_count  , diff_gps_count ,  diff_pkt_timstamp
02-08-2026 00:39 - WARNING - 1882541 29 29207806 microseconds
02-08-2026 00:39 - WARNING - No packet loss: /data/dsp/GBD_TRANSIENT_BUFFER/J2041+4551/02_08_2026/PDR_GULP_data000.pcap_02_08_2026_00_16_1785610014.PCAP_PDR
02-08-2026 00:39 - WARNING - first_pkt_count, first_gps_count, first_pkt_Tstamp
02-08-2026 00:39 - WARNING - 106322230 14862 2026-08-01T18:46:22.422934
02-08-2026 00:39 - WARNING - last_pkt_count, last_gps_count, last_pkt_Tstamp
02-08-2026 00:39 - WARNING - 108204771 14891 2026-08-01T18:46:51.630676
02-08-2026 00:39 - WARNING - diff_pkt_count  , diff_gps_count ,  diff_pkt_timstamp
02-08-2026 00:39 - WARNING - 1882541 29 29207742 microseconds
02-08-2026 00:39 - WARNING - No packet loss: /data/dsp/GBD_TRANSIENT_BUFFER/J2041+4551/02_08_2026/PDR_GULP_data001.pcap_02_08_2026_00_17_1785610043.PCAP_PDR
02-08-2026 00:39 - WARNING - first_pkt_count, first_gps_count, first_pkt_Tstamp
02-08-2026 00:39 - WARNING - 108204772 14891 2026-08-01T18:46:51.630730
02-08-2026 00:39 - WARNING - last_pkt_count, last_gps_count, last_pkt_Tstamp
02-08-2026 00:39 - WARNING - 110087313 14920 2026-08-01T18:47:20.838494
02-08-2026 00:39 - WARNING - diff_pkt_count  , diff_gps_count ,  diff_pkt_timstamp
02-08-2026 00:39 - WARNING - 1882541 29 29207764 microseconds
02-08-2026 00:39 - WARNING - No packet loss: /data/dsp/GBD_TRANSIENT_BUFFER/J2041+4551/02_08_2026/PDR_GULP_data002.pcap_02_08_2026_00_17_1785610073.PCAP_PDR
02-08-2026 00:39 - WARNING - first_pkt_count, first_gps_count, first_pkt_Tstamp
02-08-2026 00:39 - WARNING - 110087314 14920 2026-08-01T18:47:20.838546
02-08-2026 00:39 - WARNING - last_pkt_count, last_gps_count, last_pkt_Tstamp
02-08-2026 00:39 - WARNING - 111969855 14950 2026-08-01T18:47:50.046332
02-08-2026 00:39 - WARNING - diff_pkt_count  , diff_gps_count ,  diff_pkt_timstamp
02-08-2026 00:39 - WARNING - 1882541 30 29207786 microseconds
02-08-2026 00:39 - WARNING - No packet loss: /data/dsp/GBD_TRANSIENT_BUFFER/J2041+4551/02_08_2026/PDR_GULP_data000.pcap_02_08_2026_00_18_1785610102.PCAP_PDR
02-08-2026 00:39 - WARNING - first_pkt_count, first_gps_count, first_pkt_Tstamp
02-08-2026 00:39 - WARNING - 111969856 14950 2026-08-01T18:47:50.046384
02-08-2026 00:39 - WARNING - last_pkt_count, last_gps_count, last_pkt_Tstamp
02-08-2026 00:39 - WARNING - 113852398 14979 2026-08-01T18:48:19.254194
02-08-2026 00:39 - WARNING - diff_pkt_count  , diff_gps_count ,  diff_pkt_timstamp
02-08-2026 00:39 - WARNING - 1882542 29 29207810 microseconds
02-08-2026 00:39 - WARNING - No packet loss: /data/dsp/GBD_TRANSIENT_BUFFER/J2041+4551/02_08_2026/PDR_GULP_data001.pcap_02_08_2026_00_18_1785610131.PCAP_PDR
02-08-2026 00:39 - WARNING - first_pkt_count, first_gps_count, first_pkt_Tstamp
02-08-2026 00:39 - WARNING - 113852399 14979 2026-08-01T18:48:19.254194
02-08-2026 00:39 - WARNING - last_pkt_count, last_gps_count, last_pkt_Tstamp
02-08-2026 00:39 - WARNING - 115734940 15008 2026-08-01T18:48:48.462035
02-08-2026 00:39 - WARNING - diff_pkt_count  , diff_gps_count ,  diff_pkt_timstamp
02-08-2026 00:39 - WARNING - 1882541 29 29207841 microseconds
02-08-2026 00:39 - WARNING - No packet loss: /data/dsp/GBD_TRANSIENT_BUFFER/J2041+4551/02_08_2026/PDR_GULP_data002.pcap_02_08_2026_00_19_1785610160.PCAP_PDR
02-08-2026 00:39 - WARNING - first_pkt_count, first_gps_count, first_pkt_Tstamp
02-08-2026 00:39 - WARNING - 115734941 15008 2026-08-01T18:48:48.462088
02-08-2026 00:39 - WARNING - last_pkt_count, last_gps_count, last_pkt_Tstamp
02-08-2026 00:39 - WARNING - 117617482 15037 2026-08-01T18:49:17.669900
02-08-2026 00:39 - WARNING - diff_pkt_count  , diff_gps_count ,  diff_pkt_timstamp
02-08-2026 00:39 - WARNING - 1882541 29 29207812 microseconds
02-08-2026 00:39 - WARNING - No packet loss: /data/dsp/GBD_TRANSIENT_BUFFER/J2041+4551/02_08_2026/PDR_GULP_data000.pcap_02_08_2026_00_19_1785610189.PCAP_PDR
02-08-2026 00:39 - WARNING - first_pkt_count, first_gps_count, first_pkt_Tstamp
02-08-2026 00:39 - WARNING - 117617483 15037 2026-08-01T18:49:17.669900
02-08-2026 00:39 - WARNING - last_pkt_count, last_gps_count, last_pkt_Tstamp
02-08-2026 00:39 - WARNING - 119500024 15066 2026-08-01T18:49:46.877770
02-08-2026 00:39 - WARNING - diff_pkt_count  , diff_gps_count ,  diff_pkt_timstamp
02-08-2026 00:39 - WARNING - 1882541 29 29207870 microseconds
02-08-2026 00:39 - WARNING - No packet loss: /data/dsp/GBD_TRANSIENT_BUFFER/J2041+4551/02_08_2026/PDR_GULP_data001.pcap_02_08_2026_00_20_1785610219.PCAP_PDR
02-08-2026 00:39 - WARNING - first_pkt_count, first_gps_count, first_pkt_Tstamp
02-08-2026 00:39 - WARNING - 119500025 15066 2026-08-01T18:49:46.877770
02-08-2026 00:39 - WARNING - last_pkt_count, last_gps_count, last_pkt_Tstamp
02-08-2026 00:39 - WARNING - 121382566 15096 2026-08-01T18:50:16.085573
02-08-2026 00:39 - WARNING - diff_pkt_count  , diff_gps_count ,  diff_pkt_timstamp
02-08-2026 00:39 - WARNING - 1882541 30 29207803 microseconds
02-08-2026 00:39 - WARNING - No packet loss: /data/dsp/GBD_TRANSIENT_BUFFER/J2041+4551/02_08_2026/PDR_GULP_data002.pcap_02_08_2026_00_20_1785610248.PCAP_PDR
02-08-2026 00:39 - WARNING - first_pkt_count, first_gps_count, first_pkt_Tstamp
02-08-2026 00:39 - WARNING - 121382567 15096 2026-08-01T18:50:16.085574
02-08-2026 00:39 - WARNING - last_pkt_count, last_gps_count, last_pkt_Tstamp
02-08-2026 00:39 - WARNING - 123265108 15125 2026-08-01T18:50:45.293409
02-08-2026 00:39 - WARNING - diff_pkt_count  , diff_gps_count ,  diff_pkt_timstamp
02-08-2026 00:39 - WARNING - 1882541 29 29207835 microseconds
02-08-2026 00:39 - WARNING - No packet loss: /data/dsp/GBD_TRANSIENT_BUFFER/J2041+4551/02_08_2026/PDR_GULP_data000.pcap_02_08_2026_00_21_1785610277.PCAP_PDR
02-08-2026 00:39 - WARNING - first_pkt_count, first_gps_count, first_pkt_Tstamp
02-08-2026 00:39 - WARNING - 123265109 15125 2026-08-01T18:50:45.293410
02-08-2026 00:39 - WARNING - last_pkt_count, last_gps_count, last_pkt_Tstamp
02-08-2026 00:39 - WARNING - 125147651 15154 2026-08-01T18:51:14.501320
02-08-2026 00:39 - WARNING - diff_pkt_count  , diff_gps_count ,  diff_pkt_timstamp
02-08-2026 00:39 - WARNING - 1882542 29 29207910 microseconds
02-08-2026 00:39 - WARNING - No packet loss: /data/dsp/GBD_TRANSIENT_BUFFER/J2041+4551/02_08_2026/PDR_GULP_data001.pcap_02_08_2026_00_21_1785610306.PCAP_PDR
02-08-2026 00:39 - WARNING - first_pkt_count, first_gps_count, first_pkt_Tstamp
02-08-2026 00:39 - WARNING - 125147652 15154 2026-08-01T18:51:14.501321
02-08-2026 00:39 - WARNING - last_pkt_count, last_gps_count, last_pkt_Tstamp
02-08-2026 00:39 - WARNING - 127030193 15183 2026-08-01T18:51:43.709071
02-08-2026 00:39 - WARNING - diff_pkt_count  , diff_gps_count ,  diff_pkt_timstamp
02-08-2026 00:39 - WARNING - 1882541 29 29207750 microseconds
02-08-2026 00:39 - WARNING - No packet loss: /data/dsp/GBD_TRANSIENT_BUFFER/J2041+4551/02_08_2026/PDR_GULP_data002.pcap_02_08_2026_00_22_1785610335.PCAP_PDR
02-08-2026 00:39 - WARNING - first_pkt_count, first_gps_count, first_pkt_Tstamp
02-08-2026 00:39 - WARNING - 127030194 15183 2026-08-01T18:51:43.709140
02-08-2026 00:39 - WARNING - last_pkt_count, last_gps_count, last_pkt_Tstamp
02-08-2026 00:39 - WARNING - 128912735 15212 2026-08-01T18:52:12.917078
02-08-2026 00:39 - WARNING - diff_pkt_count  , diff_gps_count ,  diff_pkt_timstamp
02-08-2026 00:39 - WARNING - 1882541 29 29207938 microseconds
02-08-2026 00:39 - WARNING - No packet loss: /data/dsp/GBD_TRANSIENT_BUFFER/J2041+4551/02_08_2026/PDR_GULP_data000.pcap_02_08_2026_00_22_1785610365.PCAP_PDR
02-08-2026 00:39 - WARNING - first_pkt_count, first_gps_count, first_pkt_Tstamp
02-08-2026 00:39 - WARNING - 128912736 15212 2026-08-01T18:52:12.917078
02-08-2026 00:39 - WARNING - last_pkt_count, last_gps_count, last_pkt_Tstamp
02-08-2026 00:39 - WARNING - 130795277 15242 2026-08-01T18:52:42.125264
02-08-2026 00:39 - WARNING - diff_pkt_count  , diff_gps_count ,  diff_pkt_timstamp
02-08-2026 00:39 - WARNING - 1882541 30 29208186 microseconds
02-08-2026 00:39 - WARNING - No packet loss: /data/dsp/GBD_TRANSIENT_BUFFER/J2041+4551/02_08_2026/PDR_GULP_data001.pcap_02_08_2026_00_23_1785610394.PCAP_PDR
02-08-2026 00:39 - WARNING - first_pkt_count, first_gps_count, first_pkt_Tstamp
02-08-2026 00:39 - WARNING - 130795278 15242 2026-08-01T18:52:42.125264
02-08-2026 00:39 - WARNING - last_pkt_count, last_gps_count, last_pkt_Tstamp
02-08-2026 00:39 - WARNING - 132677819 15271 2026-08-01T18:53:11.333455
02-08-2026 00:39 - WARNING - diff_pkt_count  , diff_gps_count ,  diff_pkt_timstamp
02-08-2026 00:39 - WARNING - 1882541 29 29208191 microseconds
02-08-2026 00:39 - WARNING - No packet loss: /data/dsp/GBD_TRANSIENT_BUFFER/J2041+4551/02_08_2026/PDR_GULP_data002.pcap_02_08_2026_00_23_1785610423.PCAP_PDR
02-08-2026 00:39 - WARNING - first_pkt_count, first_gps_count, first_pkt_Tstamp
02-08-2026 00:39 - WARNING - 132677820 15271 2026-08-01T18:53:11.333456
02-08-2026 00:39 - WARNING - last_pkt_count, last_gps_count, last_pkt_Tstamp
02-08-2026 00:39 - WARNING - 134560361 15300 2026-08-01T18:53:40.541625
02-08-2026 00:39 - WARNING - diff_pkt_count  , diff_gps_count ,  diff_pkt_timstamp
02-08-2026 00:39 - WARNING - 1882541 29 29208169 microseconds
02-08-2026 00:39 - WARNING - No packet loss: /data/dsp/GBD_TRANSIENT_BUFFER/J2041+4551/02_08_2026/PDR_GULP_data000.pcap_02_08_2026_00_24_1785610452.PCAP_PDR
02-08-2026 00:39 - WARNING - first_pkt_count, first_gps_count, first_pkt_Tstamp
02-08-2026 00:39 - WARNING - 134560362 15300 2026-08-01T18:53:40.541626
02-08-2026 00:39 - WARNING - last_pkt_count, last_gps_count, last_pkt_Tstamp
02-08-2026 00:39 - WARNING - 136442904 15329 2026-08-01T18:54:09.749819
02-08-2026 00:39 - WARNING - diff_pkt_count  , diff_gps_count ,  diff_pkt_timstamp
02-08-2026 00:39 - WARNING - 1882542 29 29208193 microseconds
02-08-2026 00:39 - WARNING - No packet loss: /data/dsp/GBD_TRANSIENT_BUFFER/J2041+4551/02_08_2026/PDR_GULP_data001.pcap_02_08_2026_00_24_1785610481.PCAP_PDR
02-08-2026 00:39 - WARNING - first_pkt_count, first_gps_count, first_pkt_Tstamp
02-08-2026 00:39 - WARNING - 136442905 15329 2026-08-01T18:54:09.749819
02-08-2026 00:39 - WARNING - last_pkt_count, last_gps_count, last_pkt_Tstamp
02-08-2026 00:39 - WARNING - 138325446 15358 2026-08-01T18:54:38.958031
02-08-2026 00:39 - WARNING - diff_pkt_count  , diff_gps_count ,  diff_pkt_timstamp
02-08-2026 00:39 - WARNING - 1882541 29 29208212 microseconds
02-08-2026 00:39 - WARNING - No packet loss: /data/dsp/GBD_TRANSIENT_BUFFER/J2041+4551/02_08_2026/PDR_GULP_data002.pcap_02_08_2026_00_25_1785610511.PCAP_PDR
02-08-2026 00:39 - WARNING - first_pkt_count, first_gps_count, first_pkt_Tstamp
02-08-2026 00:39 - WARNING - 138325447 15358 2026-08-01T18:54:38.958032
02-08-2026 00:39 - WARNING - last_pkt_count, last_gps_count, last_pkt_Tstamp
02-08-2026 00:39 - WARNING - 140207988 15388 2026-08-01T18:55:08.166139
02-08-2026 00:39 - WARNING - diff_pkt_count  , diff_gps_count ,  diff_pkt_timstamp
02-08-2026 00:39 - WARNING - 1882541 30 29208107 microseconds
02-08-2026 00:39 - WARNING - No packet loss: /data/dsp/GBD_TRANSIENT_BUFFER/J2041+4551/02_08_2026/PDR_GULP_data000.pcap_02_08_2026_00_25_1785610540.PCAP_PDR
02-08-2026 00:39 - WARNING - first_pkt_count, first_gps_count, first_pkt_Tstamp
02-08-2026 00:39 - WARNING - 140207989 15388 2026-08-01T18:55:08.166139
02-08-2026 00:39 - WARNING - last_pkt_count, last_gps_count, last_pkt_Tstamp
02-08-2026 00:39 - WARNING - 142090530 15417 2026-08-01T18:55:37.374282
02-08-2026 00:39 - WARNING - diff_pkt_count  , diff_gps_count ,  diff_pkt_timstamp
02-08-2026 00:39 - WARNING - 1882541 29 29208143 microseconds
02-08-2026 00:39 - WARNING - No packet loss: /data/dsp/GBD_TRANSIENT_BUFFER/J2041+4551/02_08_2026/PDR_GULP_data001.pcap_02_08_2026_00_26_1785610569.PCAP_PDR
02-08-2026 00:39 - WARNING - first_pkt_count, first_gps_count, first_pkt_Tstamp
02-08-2026 00:39 - WARNING - 142090531 15417 2026-08-01T18:55:37.374282
02-08-2026 00:39 - WARNING - last_pkt_count, last_gps_count, last_pkt_Tstamp
02-08-2026 00:39 - WARNING - 143973072 15446 2026-08-01T18:56:06.582385
02-08-2026 00:39 - WARNING - diff_pkt_count  , diff_gps_count ,  diff_pkt_timstamp
02-08-2026 00:39 - WARNING - 1882541 29 29208103 microseconds
02-08-2026 00:39 - WARNING - No packet loss: /data/dsp/GBD_TRANSIENT_BUFFER/J2041+4551/02_08_2026/PDR_GULP_data002.pcap_02_08_2026_00_26_1785610598.PCAP_PDR
02-08-2026 00:39 - WARNING - first_pkt_count, first_gps_count, first_pkt_Tstamp
02-08-2026 00:39 - WARNING - 143973073 15446 2026-08-01T18:56:06.582386
02-08-2026 00:39 - WARNING - last_pkt_count, last_gps_count, last_pkt_Tstamp
02-08-2026 00:39 - WARNING - 145855614 15475 2026-08-01T18:56:35.790505
02-08-2026 00:39 - WARNING - diff_pkt_count  , diff_gps_count ,  diff_pkt_timstamp
02-08-2026 00:39 - WARNING - 1882541 29 29208119 microseconds
02-08-2026 00:39 - WARNING - No packet loss: /data/dsp/GBD_TRANSIENT_BUFFER/J2041+4551/02_08_2026/PDR_GULP_data000.pcap_02_08_2026_00_27_1785610628.PCAP_PDR
02-08-2026 00:39 - WARNING - first_pkt_count, first_gps_count, first_pkt_Tstamp
02-08-2026 00:39 - WARNING - 145855615 15475 2026-08-01T18:56:35.790505
02-08-2026 00:39 - WARNING - last_pkt_count, last_gps_count, last_pkt_Tstamp
02-08-2026 00:39 - WARNING - 147738157 15505 2026-08-01T18:57:04.998633
02-08-2026 00:39 - WARNING - diff_pkt_count  , diff_gps_count ,  diff_pkt_timstamp
02-08-2026 00:39 - WARNING - 1882542 30 29208128 microseconds
02-08-2026 00:39 - WARNING - No packet loss: /data/dsp/GBD_TRANSIENT_BUFFER/J2041+4551/02_08_2026/PDR_GULP_data001.pcap_02_08_2026_00_27_1785610657.PCAP_PDR
02-08-2026 00:39 - WARNING - first_pkt_count, first_gps_count, first_pkt_Tstamp
02-08-2026 00:39 - WARNING - 147738158 15505 2026-08-01T18:57:04.998633
02-08-2026 00:39 - WARNING - last_pkt_count, last_gps_count, last_pkt_Tstamp
02-08-2026 00:39 - WARNING - 149620699 15534 2026-08-01T18:57:34.206671
02-08-2026 00:39 - WARNING - diff_pkt_count  , diff_gps_count ,  diff_pkt_timstamp
02-08-2026 00:39 - WARNING - 1882541 29 29208038 microseconds
02-08-2026 00:39 - WARNING - No packet loss: /data/dsp/GBD_TRANSIENT_BUFFER/J2041+4551/02_08_2026/PDR_GULP_data002.pcap_02_08_2026_00_28_1785610686.PCAP_PDR
02-08-2026 00:39 - WARNING - first_pkt_count, first_gps_count, first_pkt_Tstamp
02-08-2026 00:39 - WARNING - 149620700 15534 2026-08-01T18:57:34.206734
02-08-2026 00:39 - WARNING - last_pkt_count, last_gps_count, last_pkt_Tstamp
02-08-2026 00:39 - WARNING - 151503241 15563 2026-08-01T18:58:03.414772
02-08-2026 00:39 - WARNING - diff_pkt_count  , diff_gps_count ,  diff_pkt_timstamp
02-08-2026 00:39 - WARNING - 1882541 29 29208038 microseconds
02-08-2026 00:39 - WARNING - No packet loss: /data/dsp/GBD_TRANSIENT_BUFFER/J2041+4551/02_08_2026/PDR_GULP_data000.pcap_02_08_2026_00_28_1785610715.PCAP_PDR
02-08-2026 00:39 - WARNING - first_pkt_count, first_gps_count, first_pkt_Tstamp
02-08-2026 00:39 - WARNING - 151503242 15563 2026-08-01T18:58:03.414772
02-08-2026 00:39 - WARNING - last_pkt_count, last_gps_count, last_pkt_Tstamp
02-08-2026 00:39 - WARNING - 153385783 15592 2026-08-01T18:58:32.622883
02-08-2026 00:39 - WARNING - diff_pkt_count  , diff_gps_count ,  diff_pkt_timstamp
02-08-2026 00:39 - WARNING - 1882541 29 29208111 microseconds
02-08-2026 00:39 - WARNING - No packet loss: /data/dsp/GBD_TRANSIENT_BUFFER/J2041+4551/02_08_2026/PDR_GULP_data001.pcap_02_08_2026_00_29_1785610744.PCAP_PDR
02-08-2026 00:39 - WARNING - first_pkt_count, first_gps_count, first_pkt_Tstamp
02-08-2026 00:39 - WARNING - 153385784 15592 2026-08-01T18:58:32.622883
02-08-2026 00:39 - WARNING - last_pkt_count, last_gps_count, last_pkt_Tstamp
02-08-2026 00:39 - WARNING - 155268325 15621 2026-08-01T18:59:01.830897
02-08-2026 00:39 - WARNING - diff_pkt_count  , diff_gps_count ,  diff_pkt_timstamp
02-08-2026 00:39 - WARNING - 1882541 29 29208014 microseconds
02-08-2026 00:39 - WARNING - No packet loss: /data/dsp/GBD_TRANSIENT_BUFFER/J2041+4551/02_08_2026/PDR_GULP_data002.pcap_02_08_2026_00_29_1785610774.PCAP_PDR
02-08-2026 00:39 - WARNING - first_pkt_count, first_gps_count, first_pkt_Tstamp
02-08-2026 00:39 - WARNING - 155268326 15621 2026-08-01T18:59:01.830898
02-08-2026 00:39 - WARNING - last_pkt_count, last_gps_count, last_pkt_Tstamp
02-08-2026 00:39 - WARNING - 157150868 15651 2026-08-01T18:59:31.039022
02-08-2026 00:39 - WARNING - diff_pkt_count  , diff_gps_count ,  diff_pkt_timstamp
02-08-2026 00:39 - WARNING - 1882542 30 29208124 microseconds
02-08-2026 00:39 - WARNING - No packet loss: /data/dsp/GBD_TRANSIENT_BUFFER/J2041+4551/02_08_2026/PDR_GULP_data000.pcap_02_08_2026_00_30_1785610803.PCAP_PDR
02-08-2026 00:39 - WARNING - first_pkt_count, first_gps_count, first_pkt_Tstamp
02-08-2026 00:39 - WARNING - 157150869 15651 2026-08-01T18:59:31.039023
02-08-2026 00:39 - WARNING - last_pkt_count, last_gps_count, last_pkt_Tstamp
02-08-2026 00:39 - WARNING - 159033410 15680 2026-08-01T19:00:00.246996
02-08-2026 00:39 - WARNING - diff_pkt_count  , diff_gps_count ,  diff_pkt_timstamp
02-08-2026 00:39 - WARNING - 1882541 29 29207973 microseconds
02-08-2026 00:39 - WARNING - No packet loss: /data/dsp/GBD_TRANSIENT_BUFFER/J2041+4551/02_08_2026/PDR_GULP_data001.pcap_02_08_2026_00_30_1785610832.PCAP_PDR
02-08-2026 00:39 - WARNING - first_pkt_count, first_gps_count, first_pkt_Tstamp
02-08-2026 00:39 - WARNING - 159033411 15680 2026-08-01T19:00:00.247048
02-08-2026 00:39 - WARNING - last_pkt_count, last_gps_count, last_pkt_Tstamp
02-08-2026 00:39 - WARNING - 160915952 15709 2026-08-01T19:00:29.455093
02-08-2026 00:39 - WARNING - diff_pkt_count  , diff_gps_count ,  diff_pkt_timstamp
02-08-2026 00:39 - WARNING - 1882541 29 29208045 microseconds
02-08-2026 00:39 - WARNING - No packet loss: /data/dsp/GBD_TRANSIENT_BUFFER/J2041+4551/02_08_2026/PDR_GULP_data002.pcap_02_08_2026_00_31_1785610861.PCAP_PDR
02-08-2026 00:39 - WARNING - first_pkt_count, first_gps_count, first_pkt_Tstamp
02-08-2026 00:39 - WARNING - 160915953 15709 2026-08-01T19:00:29.455093
02-08-2026 00:39 - WARNING - last_pkt_count, last_gps_count, last_pkt_Tstamp
02-08-2026 00:39 - WARNING - 162798494 15738 2026-08-01T19:00:58.663159
02-08-2026 00:39 - WARNING - diff_pkt_count  , diff_gps_count ,  diff_pkt_timstamp
02-08-2026 00:39 - WARNING - 1882541 29 29208066 microseconds
02-08-2026 00:39 - WARNING - No packet loss: /data/dsp/GBD_TRANSIENT_BUFFER/J2041+4551/02_08_2026/PDR_GULP_data000.pcap_02_08_2026_00_31_1785610890.PCAP_PDR
02-08-2026 00:39 - WARNING - first_pkt_count, first_gps_count, first_pkt_Tstamp
02-08-2026 00:39 - WARNING - 162798495 15738 2026-08-01T19:00:58.663159
02-08-2026 00:39 - WARNING - last_pkt_count, last_gps_count, last_pkt_Tstamp
02-08-2026 00:39 - WARNING - 164681036 15767 2026-08-01T19:01:27.871121
02-08-2026 00:39 - WARNING - diff_pkt_count  , diff_gps_count ,  diff_pkt_timstamp
02-08-2026 00:39 - WARNING - 1882541 29 29207962 microseconds
02-08-2026 00:39 - WARNING - No packet loss: /data/dsp/GBD_TRANSIENT_BUFFER/J2041+4551/02_08_2026/PDR_GULP_data001.pcap_02_08_2026_00_32_1785610920.PCAP_PDR
02-08-2026 00:39 - WARNING - first_pkt_count, first_gps_count, first_pkt_Tstamp
02-08-2026 00:39 - WARNING - 164681037 15767 2026-08-01T19:01:27.871122
02-08-2026 00:39 - WARNING - last_pkt_count, last_gps_count, last_pkt_Tstamp
02-08-2026 00:39 - WARNING - 166563578 15797 2026-08-01T19:01:57.079152
02-08-2026 00:39 - WARNING - diff_pkt_count  , diff_gps_count ,  diff_pkt_timstamp
02-08-2026 00:39 - WARNING - 1882541 30 29208030 microseconds
02-08-2026 00:39 - WARNING - No packet loss: /data/dsp/GBD_TRANSIENT_BUFFER/J2041+4551/02_08_2026/PDR_GULP_data002.pcap_02_08_2026_00_32_1785610949.PCAP_PDR
02-08-2026 00:39 - WARNING - first_pkt_count, first_gps_count, first_pkt_Tstamp
02-08-2026 00:39 - WARNING - 166563579 15797 2026-08-01T19:01:57.079152
02-08-2026 00:39 - WARNING - last_pkt_count, last_gps_count, last_pkt_Tstamp
02-08-2026 00:39 - WARNING - 168446121 15826 2026-08-01T19:02:26.287182
02-08-2026 00:39 - WARNING - diff_pkt_count  , diff_gps_count ,  diff_pkt_timstamp
02-08-2026 00:39 - WARNING - 1882542 29 29208030 microseconds
02-08-2026 00:39 - WARNING - No packet loss: /data/dsp/GBD_TRANSIENT_BUFFER/J2041+4551/02_08_2026/PDR_GULP_data000.pcap_02_08_2026_00_32_1785610978.PCAP_PDR
02-08-2026 00:39 - WARNING - first_pkt_count, first_gps_count, first_pkt_Tstamp
02-08-2026 00:39 - WARNING - 168446122 15826 2026-08-01T19:02:26.287182
02-08-2026 00:39 - WARNING - last_pkt_count, last_gps_count, last_pkt_Tstamp
02-08-2026 00:39 - WARNING - 170328663 15855 2026-08-01T19:02:55.495221
02-08-2026 00:39 - WARNING - diff_pkt_count  , diff_gps_count ,  diff_pkt_timstamp
02-08-2026 00:39 - WARNING - 1882541 29 29208039 microseconds
02-08-2026 00:39 - WARNING - No packet loss: /data/dsp/GBD_TRANSIENT_BUFFER/J2041+4551/02_08_2026/PDR_GULP_data001.pcap_02_08_2026_00_33_1785611007.PCAP_PDR
02-08-2026 00:39 - WARNING - first_pkt_count, first_gps_count, first_pkt_Tstamp
02-08-2026 00:39 - WARNING - 170328664 15855 2026-08-01T19:02:55.495221
02-08-2026 00:39 - WARNING - last_pkt_count, last_gps_count, last_pkt_Tstamp
02-08-2026 00:39 - WARNING - 172211205 15884 2026-08-01T19:03:24.703145
02-08-2026 00:39 - WARNING - diff_pkt_count  , diff_gps_count ,  diff_pkt_timstamp
02-08-2026 00:39 - WARNING - 1882541 29 29207924 microseconds
02-08-2026 00:39 - WARNING - No packet loss: /data/dsp/GBD_TRANSIENT_BUFFER/J2041+4551/02_08_2026/PDR_GULP_data002.pcap_02_08_2026_00_33_1785611036.PCAP_PDR
02-08-2026 00:39 - WARNING - first_pkt_count, first_gps_count, first_pkt_Tstamp
02-08-2026 00:39 - WARNING - 172211206 15884 2026-08-01T19:03:24.703209
02-08-2026 00:39 - WARNING - last_pkt_count, last_gps_count, last_pkt_Tstamp
02-08-2026 00:39 - WARNING - 174093747 15913 2026-08-01T19:03:53.911230
02-08-2026 00:39 - WARNING - diff_pkt_count  , diff_gps_count ,  diff_pkt_timstamp
02-08-2026 00:39 - WARNING - 1882541 29 29208021 microseconds
02-08-2026 00:39 - WARNING - No packet loss: /data/dsp/GBD_TRANSIENT_BUFFER/J2041+4551/02_08_2026/PDR_GULP_data000.pcap_02_08_2026_00_34_1785611066.PCAP_PDR
02-08-2026 00:39 - WARNING - first_pkt_count, first_gps_count, first_pkt_Tstamp
02-08-2026 00:39 - WARNING - 174093748 15913 2026-08-01T19:03:53.911230
02-08-2026 00:39 - WARNING - last_pkt_count, last_gps_count, last_pkt_Tstamp
02-08-2026 00:39 - WARNING - 175976289 15943 2026-08-01T19:04:23.119166
02-08-2026 00:39 - WARNING - diff_pkt_count  , diff_gps_count ,  diff_pkt_timstamp
02-08-2026 00:39 - WARNING - 1882541 30 29207936 microseconds
02-08-2026 00:39 - WARNING - No packet loss: /data/dsp/GBD_TRANSIENT_BUFFER/J2041+4551/02_08_2026/PDR_GULP_data001.pcap_02_08_2026_00_34_1785611095.PCAP_PDR
02-08-2026 00:39 - WARNING - first_pkt_count, first_gps_count, first_pkt_Tstamp
02-08-2026 00:39 - WARNING - 175976290 15943 2026-08-01T19:04:23.119166
02-08-2026 00:39 - WARNING - last_pkt_count, last_gps_count, last_pkt_Tstamp
02-08-2026 00:39 - WARNING - 177858831 15972 2026-08-01T19:04:52.327186
02-08-2026 00:39 - WARNING - diff_pkt_count  , diff_gps_count ,  diff_pkt_timstamp
02-08-2026 00:39 - WARNING - 1882541 29 29208020 microseconds
02-08-2026 00:39 - WARNING - No packet loss: /data/dsp/GBD_TRANSIENT_BUFFER/J2041+4551/02_08_2026/PDR_GULP_data002.pcap_02_08_2026_00_35_1785611124.PCAP_PDR
02-08-2026 00:39 - WARNING - first_pkt_count, first_gps_count, first_pkt_Tstamp
02-08-2026 00:39 - WARNING - 177858832 15972 2026-08-01T19:04:52.327187
02-08-2026 00:39 - WARNING - last_pkt_count, last_gps_count, last_pkt_Tstamp
02-08-2026 00:39 - WARNING - 179741374 16001 2026-08-01T19:05:21.535163
02-08-2026 00:39 - WARNING - diff_pkt_count  , diff_gps_count ,  diff_pkt_timstamp
02-08-2026 00:39 - WARNING - 1882542 29 29207976 microseconds
02-08-2026 00:39 - WARNING - No packet loss: /data/dsp/GBD_TRANSIENT_BUFFER/J2041+4551/02_08_2026/PDR_GULP_data000.pcap_02_08_2026_00_35_1785611153.PCAP_PDR
02-08-2026 00:39 - WARNING - first_pkt_count, first_gps_count, first_pkt_Tstamp
02-08-2026 00:39 - WARNING - 179741375 16001 2026-08-01T19:05:21.535163
02-08-2026 00:39 - WARNING - last_pkt_count, last_gps_count, last_pkt_Tstamp
02-08-2026 00:39 - WARNING - 181623916 16030 2026-08-01T19:05:50.743119
02-08-2026 00:39 - WARNING - diff_pkt_count  , diff_gps_count ,  diff_pkt_timstamp
02-08-2026 00:39 - WARNING - 1882541 29 29207956 microseconds
02-08-2026 00:39 - WARNING - No packet loss: /data/dsp/GBD_TRANSIENT_BUFFER/J2041+4551/02_08_2026/PDR_GULP_data001.pcap_02_08_2026_00_36_1785611182.PCAP_PDR
02-08-2026 00:39 - WARNING - first_pkt_count, first_gps_count, first_pkt_Tstamp
02-08-2026 00:39 - WARNING - 181623917 16030 2026-08-01T19:05:50.743170
02-08-2026 00:39 - WARNING - last_pkt_count, last_gps_count, last_pkt_Tstamp
02-08-2026 00:39 - WARNING - 183506458 16059 2026-08-01T19:06:19.951090
02-08-2026 00:39 - WARNING - diff_pkt_count  , diff_gps_count ,  diff_pkt_timstamp
02-08-2026 00:39 - WARNING - 1882541 29 29207920 microseconds
02-08-2026 00:39 - WARNING - No packet loss: /data/dsp/GBD_TRANSIENT_BUFFER/J2041+4551/02_08_2026/PDR_GULP_data002.pcap_02_08_2026_00_36_1785611212.PCAP_PDR
02-08-2026 00:39 - WARNING - first_pkt_count, first_gps_count, first_pkt_Tstamp
02-08-2026 00:39 - WARNING - 183506459 16059 2026-08-01T19:06:19.951142
02-08-2026 00:39 - WARNING - last_pkt_count, last_gps_count, last_pkt_Tstamp
02-08-2026 00:39 - WARNING - 185389000 16089 2026-08-01T19:06:49.159075
02-08-2026 00:39 - WARNING - diff_pkt_count  , diff_gps_count ,  diff_pkt_timstamp
02-08-2026 00:39 - WARNING - 1882541 30 29207933 microseconds
02-08-2026 00:39 - WARNING - No packet loss: /data/dsp/GBD_TRANSIENT_BUFFER/J2041+4551/02_08_2026/PDR_GULP_data000.pcap_02_08_2026_00_37_1785611241.PCAP_PDR
02-08-2026 00:39 - WARNING - first_pkt_count, first_gps_count, first_pkt_Tstamp
02-08-2026 00:39 - WARNING - 185389001 16089 2026-08-01T19:06:49.159076
02-08-2026 00:39 - WARNING - last_pkt_count, last_gps_count, last_pkt_Tstamp
02-08-2026 00:39 - WARNING - 187271542 16118 2026-08-01T19:07:18.367039
02-08-2026 00:39 - WARNING - diff_pkt_count  , diff_gps_count ,  diff_pkt_timstamp
02-08-2026 00:39 - WARNING - 1882541 29 29207963 microseconds
02-08-2026 00:39 - WARNING - No packet loss: /data/dsp/GBD_TRANSIENT_BUFFER/J2041+4551/02_08_2026/PDR_GULP_data001.pcap_02_08_2026_00_37_1785611270.PCAP_PDR
02-08-2026 00:39 - WARNING - first_pkt_count, first_gps_count, first_pkt_Tstamp
02-08-2026 00:39 - WARNING - 187271543 16118 2026-08-01T19:07:18.367091
02-08-2026 00:39 - WARNING - last_pkt_count, last_gps_count, last_pkt_Tstamp
02-08-2026 00:39 - WARNING - 189154084 16147 2026-08-01T19:07:47.575037
02-08-2026 00:39 - WARNING - diff_pkt_count  , diff_gps_count ,  diff_pkt_timstamp
02-08-2026 00:39 - WARNING - 1882541 29 29207946 microseconds
02-08-2026 00:39 - WARNING - No packet loss: /data/dsp/GBD_TRANSIENT_BUFFER/J2041+4551/02_08_2026/PDR_GULP_data002.pcap_02_08_2026_00_38_1785611299.PCAP_PDR
02-08-2026 00:39 - WARNING - first_pkt_count, first_gps_count, first_pkt_Tstamp
02-08-2026 00:39 - WARNING - 189154085 16147 2026-08-01T19:07:47.575037
02-08-2026 00:39 - WARNING - last_pkt_count, last_gps_count, last_pkt_Tstamp
02-08-2026 00:39 - WARNING - 191036627 16176 2026-08-01T19:08:16.782983
02-08-2026 00:39 - WARNING - diff_pkt_count  , diff_gps_count ,  diff_pkt_timstamp
02-08-2026 00:39 - WARNING - 1882542 29 29207946 microseconds
02-08-2026 00:39 - WARNING - No packet loss: /data/dsp/GBD_TRANSIENT_BUFFER/J2041+4551/02_08_2026/PDR_GULP_data000.pcap_02_08_2026_00_38_1785611328.PCAP_PDR
02-08-2026 00:39 - WARNING - first_pkt_count, first_gps_count, first_pkt_Tstamp
02-08-2026 00:39 - WARNING - 191036628 16176 2026-08-01T19:08:16.782983
02-08-2026 00:39 - WARNING - last_pkt_count, last_gps_count, last_pkt_Tstamp
02-08-2026 00:39 - WARNING - 192919169 16205 2026-08-01T19:08:45.990965
02-08-2026 00:39 - WARNING - diff_pkt_count  , diff_gps_count ,  diff_pkt_timstamp
02-08-2026 00:39 - WARNING - 1882541 29 29207982 microseconds
02-08-2026 00:39 SLIP check Finished...
02-08-2026 00:39 Pulsar data reduction pipeline started ...
02-08-2026 00:39 - WARNING - Data Directory: /data/dsp/GBD_TRANSIENT_BUFFER/J2041+4551/02_08_2026
02-08-2026 00:39 - WARNING - Pulsar: J2041+4551
02-08-2026 00:39 - WARNING - CH selelction: 0
02-08-2026 00:39 - WARNING - Phase file: /home/dsp/PDR_acquire_setup/dada_scripts/phase/rf_path_phase.dat
02-08-2026 00:39 - WARNING - Obs. logfile: /home/dsp/PDR_acquire_setup/master_obs_log/J2041+4551_01_08_2026_observation.log
02-08-2026 00:39 - WARNING - Observation start time: 2026_08_02_00_00_18
02-08-2026 00:39 - WARNING - parfile: /home/dsp/parfiles/J2041+4551.par
02-08-2026 00:39 - WARNING - DM: 192.91
02-08-2026 00:39 - WARNING - Period: 0.25
02-08-2026 00:39 - WARNING - RA_DEC: 20:41:23.82+16:01:51.34
02-08-2026 00:39 - WARNING - out_dada_file: J2041+4551_2026_08_02_00_00_18_type_0.dada
02-08-2026 00:39 - WARNING - Number of files to process: 80
02-08-2026 00:39 - WARNING - Files per batch:  17
02-08-2026 01:05 - WARNING - Time taken for PDR2DADA convertion: 0:25:33.073990
02-08-2026 01:05 - WARNING - Center_freq: 175
02-08-2026 01:05 - WARNING - int_time: 3.0
02-08-2026 01:05 - WARNING - nbins: 256
02-08-2026 01:05 - WARNING - fil_chan: 256
02-08-2026 01:05 - WARNING - cpu: 2,3,4,5,6,7,8,9,10,11,12,13,14,15,16
02-08-2026 01:05 - WARNING - thread: 32
02-08-2026 01:05 - WARNING - nbit: 8
02-08-2026 01:05 - WARNING - time_avg: 0.000256
02-08-2026 01:05 - WARNING - MJD_START: 61253.77104821052
02-08-2026 01:05 - WARNING - output: J2041+4551_61253.77_175MHz_type_0_GBD_DART
02-08-2026 01:05 - WARNING - singularity_container: singularity exec /home/dsp/singularity_imag/pschive_py3.sif  
02-08-2026 01:05 - WARNING - ------ DIGIFITS ------
02-08-2026 01:05 - WARNING - ---- Search Mode FITS -------
02-08-2026 01:05 - WARNING - digifits_ful_stokes_cmd: singularity exec /home/dsp/singularity_imag/pschive_py3.sif  digifits  -F 256 -x 256 -b 8 -p 4 -t 0.000256 J2041+4551_2026_08_02_00_00_18_type_0.dada -o J2041+4551_2026_08_02_00_00_18_type_0.dada_stokes.fits
02-08-2026 01:38 - WARNING - ------ Total intensity FITS -------
02-08-2026 01:38 - WARNING - digifits_total_intensity_cmd: singularity exec /home/dsp/singularity_imag/pschive_py3.sif  digifits  -F 256 -x 256 -b 8 -p 1 -t 0.000256 J2041+4551_2026_08_02_00_00_18_type_0.dada -o J2041+4551_2026_08_02_00_00_18_type_0.dada_intensity.fits
02-08-2026 01:59 - WARNING - Nchan: 256
02-08-2026 01:59 - WARNING - Nbin: 256
02-08-2026 01:59 - WARNING - Tavg: 0.000256
02-08-2026 01:59 - WARNING - Time taken for DIGIFITS run: 0:54:29.923012
02-08-2026 01:59 - WARNING - ------ DSPSR ------
02-08-2026 01:59 - WARNING - ------- Coherent Dedispersion Folded archive -------
02-08-2026 01:59 - WARNING - dspsr_cmd: singularity exec /home/dsp/singularity_imag/pschive_py3.sif  dspsr J2041+4551_2026_08_02_00_00_18_type_0.dada -cpu 2,3,4,5,6,7,8,9,10,11,12,13,14,15,16 -t 32 -E /home/dsp/parfiles/J2041+4551.par -L 3.0 -b 256 -F 256:D -N J2041+4551 -a PSRFITS -A -e .fits -O J2041+4551_61253.77_175MHz_type_0_GBD_DART
02-08-2026 02:11 - WARNING - ------- Incoherent Dedispersion Folded archive -------
02-08-2026 02:11 - WARNING - Incoherent_DD_dspsr_cmd: singularity exec /home/dsp/singularity_imag/pschive_py3.sif  dspsr J2041+4551_2026_08_02_00_00_18_type_0.dada_stokes.fits -cpu 2,3,4,5,6,7,8,9,10,11,12,13,14,15,16 -t 32 -E /home/dsp/parfiles/J2041+4551.par -L 3.0 -b 256 -N J2041+4551 -A -e .fits -O J2041+4551_61253.77_175MHz_type_0_GBD_DART_stokes_Incoherent_DD
02-08-2026 02:13 - WARNING - Time taken for DSPSR run: 0:13:22.927302
02-08-2026 02:13 - WARNING - ------ PSREDIT ------
02-08-2026 02:13 - WARNING - psredit_cmd: singularity exec /home/dsp/singularity_imag/pschive_py3.sif  psredit -c name=J2041+4551,be:name=GSB,coord=20:41:23.82+16:01:51.34 -m *_GBD_DART*fits
02-08-2026 02:13 - WARNING - Time taken for PSREDIT run: 0:00:08.727555
02-08-2026 02:13 - WARNING - ------ Iterative RFI Cleaner ------
02-08-2026 02:13 - WARNING - Iterative_cleaner_cmd: singularity exec /home/dsp/singularity_imag/pschive_py3.sif   python3 /home/dsp/PDR_acquire_setup/iterative_cleaner.py -s 3 -c 3 -m 10 *_GBD_DART*fits
02-08-2026 02:18 - WARNING - Time taken for Iterative_cleaner run: 0:05:29.236058
02-08-2026 02:18 - WARNING - ------ PDMP ------
02-08-2026 02:18 - WARNING - pdmp_cmd1: singularity exec /home/dsp/singularity_imag/pschive_py3.sif  pdmp -dr 2 -ds 0.05 -g J2041+4551_61253.77_175MHz_type_0_GBD_DART.fits_cleaned.ar.ps/cps J2041+4551_61253.77_175MHz_type_0_GBD_DART.fits_cleaned.ar
02-08-2026 02:24 - WARNING - pdmp_cmd2: singularity exec /home/dsp/singularity_imag/pschive_py3.sif  pdmp -dr 2 -ds 0.05 -g J2041+4551_61253.77_175MHz_type_0_GBD_DART_stokes_Incoherent_DD.fits_cleaned.ar.ps/cps J2041+4551_61253.77_175MHz_type_0_GBD_DART_stokes_Incoherent_DD.fits_cleaned.ar
02-08-2026 02:29 - WARNING - Time taken for PDMP run: 0:11:08.204757
02-08-2026 02:29 - WARNING - ------ PS2PDF ------
02-08-2026 02:29 - WARNING - ps2pdf_cmd1: singularity exec /home/dsp/singularity_imag/pschive_py3.sif  ps2pdf J2041+4551_61253.77_175MHz_type_0_GBD_DART.fits_cleaned.ar.ps J2041+4551_61253.77_175MHz_type_0_GBD_DART.fits_cleaned.ar.ps.pdf
02-08-2026 02:29 - WARNING - ps2pdf_cmd2: singularity exec /home/dsp/singularity_imag/pschive_py3.sif  ps2pdf J2041+4551_61253.77_175MHz_type_0_GBD_DART_stokes_Incoherent_DD.fits_cleaned.ar.ps J2041+4551_61253.77_175MHz_type_0_GBD_DART_stokes_Incoherent_DD.fits_cleaned.ar.ps.pdf
02-08-2026 02:29 - WARNING - Time taken for PDMP run: 0:00:01.139269
02-08-2026 02:29 - WARNING - Overall time taken for data reduction: 1:50:13.877494
02-08-2026 02:29 - WARNING - J2041+4551_2026_08_02_00_00_18_type_0.dada... file removed
02-08-2026 02:29 - WARNING - All done!
02-08-2026 02:30 --- PRESTO ---
02-08-2026 02:30 singularity_container: singularity exec /home/dsp/singularity_imag/pschive_py3.sif  
02-08-2026 02:30 Filterbank to Process for PULSAR: J2041+4551 with DM:192.91 : J2041+4551_2026_08_02_00_00_18_type_0.dada_intensity.fits
02-08-2026 02:30 --- RFIFIND ---
02-08-2026 02:30 RFIFIND: singularity exec /home/dsp/singularity_imag/pschive_py3.sif   rfifind -time 2.0 -o J2041+4551 J2041+4551_2026_08_02_00_00_18_type_0.dada_intensity.fits
02-08-2026 02:31 --- PREPDATA ---
02-08-2026 02:31 PREPDATA: singularity exec /home/dsp/singularity_imag/pschive_py3.sif   prepdata -nobary -o J2041+4551_2026_08_02_00_00_18_type_0.dada_intensity.fits -dm 192.91 -mask J2041+4551_rfifind.mask J2041+4551_2026_08_02_00_00_18_type_0.dada_intensity.fits
02-08-2026 02:31 --- REALFFT ---
02-08-2026 02:31 REALFFT: singularity exec /home/dsp/singularity_imag/pschive_py3.sif   realfft  J2041+4551_2026_08_02_00_00_18_type_0.dada_intensity.fits.dat
02-08-2026 02:31 --- ACCELSEARCH ---
02-08-2026 02:31 ACCELSEARCH: singularity exec /home/dsp/singularity_imag/pschive_py3.sif   accelsearch -numharm 8 -zmax 8  J2041+4551_2026_08_02_00_00_18_type_0.dada_intensity.fits.fft
02-08-2026 02:31 Observation Over.
